datetime,binance:AAVE,binance:ADA,binance:ARB,binance:AVAX,binance:BONK,binance:BTC,binance:CRV,binance:DOGE,binance:ENA,binance:ETH,binance:FLOKI,binance:LDO,binance:OP,binance:PEPE,binance:SEI,binance:SHIB,binance:SOL,binance:SUI,binance:TIA,binance:UNI,binance:WIF,binance:WLD,binance:XRP,bitget:AAVE,bitget:ADA,bitget:ARB,bitget:AVAX,bitget:BONK,bitget:BTC,bitget:CRV,bitget:DOGE,bitget:ENA,bitget:ETH,bitget:FLOKI,bitget:LDO,bitget:OP,bitget:PEPE,bitget:SEI,bitget:SHIB,bitget:SOL,bitget:SUI,bitget:TIA,bitget:UNI,bitget:WIF,bitget:WLD,bitget:XRP,bybit:AAVE,bybit:ADA,bybit:ARB,bybit:AVAX,bybit:BONK,bybit:BTC,bybit:CRV,bybit:DOGE,bybit:ENA,bybit:ETH,bybit:FLOKI,bybit:LDO,bybit:OP,bybit:PEPE,bybit:SEI,bybit:SHIB,bybit:SOL,bybit:SUI,bybit:TIA,bybit:UNI,bybit:WIF,bybit:WLD,bybit:XRP,coinbase:AAVE,coinbase:ADA,coinbase:ARB,coinbase:AVAX,coinbase:BONK,coinbase:BTC,coinbase:CRV,coinbase:DOGE,coinbase:ENA,coinbase:ETH,coinbase:FLOKI,coinbase:LDO,coinbase:OP,coinbase:PEPE,coinbase:SEI,coinbase:SHIB,coinbase:SOL,coinbase:SUI,coinbase:TIA,coinbase:UNI,coinbase:WIF,coinbase:WLD,coinbase:XRP,cryptocom:AAVE,cryptocom:ADA,cryptocom:ARB,cryptocom:AVAX,cryptocom:BONK,cryptocom:BTC,cryptocom:CRV,cryptocom:DOGE,cryptocom:ENA,cryptocom:ETH,cryptocom:FLOKI,cryptocom:LDO,cryptocom:OP,cryptocom:PEPE,cryptocom:SEI,cryptocom:SHIB,cryptocom:SOL,cryptocom:SUI,cryptocom:TIA,cryptocom:UNI,cryptocom:WIF,cryptocom:WLD,cryptocom:XRP,htx:AAVE,htx:ADA,htx:ARB,htx:AVAX,htx:BONK,htx:BTC,htx:CRV,htx:DOGE,htx:ENA,htx:ETH,htx:FLOKI,htx:LDO,htx:OP,htx:PEPE,htx:SEI,htx:SHIB,htx:SOL,htx:SUI,htx:TIA,htx:UNI,htx:WIF,htx:WLD,htx:XRP,kucoin:AAVE,kucoin:ADA,kucoin:ARB,kucoin:AVAX,kucoin:BONK,kucoin:BTC,kucoin:CRV,kucoin:DOGE,kucoin:ENA,kucoin:ETH,kucoin:FLOKI,kucoin:LDO,kucoin:OP,kucoin:PEPE,kucoin:SEI,kucoin:SHIB,kucoin:SOL,kucoin:SUI,kucoin:TIA,kucoin:UNI,kucoin:WIF,kucoin:WLD,kucoin:XRP,mexc:AAVE,mexc:ADA,mexc:ARB,mexc:AVAX,mexc:BONK,mexc:BTC,mexc:CRV,mexc:DOGE,mexc:ENA,mexc:ETH,mexc:FLOKI,mexc:LDO,mexc:OP,mexc:PEPE,mexc:SEI,mexc:SHIB,mexc:SOL,mexc:SUI,mexc:TIA,mexc:UNI,mexc:WIF,mexc:WLD,mexc:XRP,okx:AAVE,okx:ADA,okx:ARB,okx:AVAX,okx:BONK,okx:BTC,okx:CRV,okx:DOGE,okx:ENA,okx:ETH,okx:FLOKI,okx:LDO,okx:OP,okx:PEPE,okx:SEI,okx:SHIB,okx:SOL,okx:SUI,okx:TIA,okx:UNI,okx:WIF,okx:WLD,okx:XRP
2026-06-14 01:03:00,67.26,0.1715,0.0842,6.69,4.49e-06,64507.26,0.2346,0.08763,0.0843,1680.44,2.51e-05,0.2617,0.1058,2.84e-06,0.05354,5.02e-06,68.65,0.7642,0.3437,2.545,0.1596,0.5032,1.1487,67.28,0.1715,0.0842,6.691,4.489e-06,64501.03,0.2347,0.08763,0.08423,1680.4,2.507e-05,0.262,0.1063,2.841e-06,0.05352,5.012e-06,68.65,0.7642,0.3441,2.545,0.1595,0.5026,1.1488,67.24,0.1715,0.08419,6.692,4.495e-06,64501.4,0.2345,0.08764,0.08428,1680.5,2.517e-05,0.2618,0.1059,2.841e-06,0.05357,5.015e-06,68.65,0.7645,0.3438,2.545,0.1596,0.5031,1.1488,67.23,0.1713,0.0842,6.69,4.49e-06,64480.57,0.2347,0.08758,0.0845,1679.64,2.51e-05,0.26,0.106,2.84e-06,0.05355,5.01e-06,68.63,0.764,0.3434,2.544,0.16,0.5029,1.1485,67.274,0.17147,0.0843,6.69,4.501e-06,64505.78,0.2346,0.087704,0.08576,1680.4,2.525e-05,0.2628,0.1062,2.87e-06,0.05354,5.017e-06,68.65,0.76492,0.34608,2.5484,0.1603,0.5032,1.1488,67.184,0.171481,0.0841,6.6896,4.5101e-06,64553.63,0.2343,0.087976,0.08423,1681.53,2.505e-05,0.2622,0.1059,2.843898e-06,0.0536,5.02e-06,68.671,0.7643,0.3428,2.5456,0.1594,0.504,1.14881,67.254,0.1715,0.0842,6.69,4.49e-06,64515.0,0.2351,0.08766,0.0843,1680.53,2.51e-05,0.2618,0.1058,2.842e-06,0.05353,5.012e-06,68.65,0.7641,0.3442,2.5456,0.1596,0.5026,1.14893,67.25,0.1715,0.0842,6.691,4.492e-06,64510.0,0.2346,0.08763,0.08425,1680.76,2.511e-05,0.2616,0.10584,2.845e-06,0.05358,5.013e-06,68.66,0.7648,0.3437,2.545,0.1594,0.5028,1.1488,67.26,0.1715,0.08437,6.69,4.495e-06,64506.1,0.2348,0.08763,0.08428,1680.65,2.51e-05,0.2617,0.10579,2.842e-06,0.05352,5.013e-06,68.65,0.7643,0.3437,2.545,0.1599,0.5031,1.1489
2026-06-14 01:04:00,67.3,0.1716,0.0841,6.696,4.49e-06,64533.7,0.2348,0.08765,0.0844,1681.48,2.51e-05,0.2615,0.1058,2.84e-06,0.05356,5.02e-06,68.73,0.7648,0.3441,2.546,0.1596,0.5025,1.1495,67.3,0.1715,0.0842,6.694,4.489e-06,64534.99,0.2347,0.08766,0.08423,1681.58,2.507e-05,0.2615,0.1057,2.842e-06,0.05354,5.013e-06,68.72,0.7648,0.3441,2.545,0.1595,0.5024,1.1493,67.27,0.1715,0.08416,6.697,4.495e-06,64530.8,0.2348,0.08766,0.08434,1681.62,2.517e-05,0.2616,0.1057,2.844e-06,0.05357,5.015e-06,68.72,0.765,0.3441,2.546,0.1596,0.5024,1.1493,67.24,0.1715,0.0842,6.7,4.49e-06,64506.17,0.2347,0.08762,0.0845,1680.72,2.51e-05,0.26,0.106,2.85e-06,0.05355,5.01e-06,68.7,0.7647,0.344,2.544,0.16,0.5029,1.1491,67.309,0.17153,0.0843,6.692,4.501e-06,64536.97,0.2346,0.087606,0.08576,1681.63,2.525e-05,0.2628,0.1062,2.87e-06,0.05354,5.017e-06,68.72,0.76492,0.34608,2.5484,0.1603,0.5032,1.1494,67.184,0.17154,0.084,6.6956,4.5101e-06,64539.17,0.2343,0.08796,0.08423,1681.63,2.506e-05,0.2607,0.1057,2.843898e-06,0.0536,5.02e-06,68.6527,0.7648,0.343,2.5466,0.1593,0.504,1.14881,67.272,0.1715,0.0842,6.691,4.49e-06,64539.2,0.2347,0.08768,0.0843,1681.4,2.51e-05,0.2614,0.1057,2.844e-06,0.05355,5.013e-06,68.72,0.7647,0.3442,2.5465,0.1596,0.5025,1.14942,67.34,0.1715,0.08418,6.69,4.491e-06,64534.27,0.2347,0.08765,0.08425,1681.59,2.51e-05,0.2615,0.10572,2.846e-06,0.05352,5.016e-06,68.72,0.7648,0.344,2.545,0.1593,0.5022,1.1497,67.31,0.1715,0.08437,6.696,4.492e-06,64538.5,0.2349,0.08765,0.08434,1681.71,2.51e-05,0.2616,0.10565,2.844e-06,0.05356,5.015e-06,68.73,0.7648,0.3436,2.546,0.1595,0.5025,1.1496
2026-06-14 01:05:00,67.26,0.1716,0.0842,6.696,4.49e-06,64533.58,0.2348,0.08762,0.0844,1681.62,2.509e-05,0.2615,0.1061,2.85e-06,0.05355,5.01e-06,68.73,0.765,0.3441,2.545,0.1596,0.5041,1.1497,67.28,0.1716,0.0842,6.695,4.489e-06,64532.36,0.2348,0.08763,0.08441,1681.56,2.508e-05,0.262,0.1061,2.844e-06,0.05356,5.012e-06,68.74,0.765,0.3441,2.545,0.1595,0.504,1.1497,67.24,0.1716,0.08422,6.698,4.495e-06,64533.6,0.235,0.08765,0.08442,1681.55,2.511e-05,0.2616,0.1061,2.844e-06,0.05356,5.015e-06,68.73,0.7651,0.3441,2.546,0.1596,0.504,1.1493,67.22,0.1716,0.0842,6.7,4.49e-06,64504.85,0.2347,0.08756,0.0845,1680.71,2.51e-05,0.26,0.106,2.85e-06,0.0535,5.01e-06,68.7,0.7649,0.344,2.543,0.16,0.5036,1.1493,67.264,0.17161,0.0843,6.692,4.501e-06,64533.37,0.2346,0.087606,0.08576,1681.62,2.525e-05,0.2628,0.1059,2.87e-06,0.05354,5.017e-06,68.74,0.76492,0.34608,2.5484,0.1603,0.5037,1.1498,67.184,0.171545,0.0841,6.6946,4.5101e-06,64539.17,0.2345,0.08815,0.08423,1682.37,2.505e-05,0.2607,0.1061,2.843898e-06,0.0536,5.02e-06,68.6527,0.765,0.3431,2.5466,0.1595,0.503,1.14881,67.249,0.1716,0.0842,6.691,4.49e-06,64537.3,0.2347,0.08768,0.0844,1681.43,2.51e-05,0.2614,0.1061,2.844e-06,0.05355,5.013e-06,68.74,0.7647,0.3442,2.5452,0.1596,0.5035,1.14966,67.34,0.1717,0.08428,6.697,4.492e-06,64532.49,0.2347,0.08762,0.08437,1681.64,2.51e-05,0.2614,0.10614,2.848e-06,0.05352,5.015e-06,68.73,0.765,0.344,2.545,0.1593,0.5036,1.1499,67.23,0.1716,0.08437,6.697,4.492e-06,64536.6,0.2348,0.0876,0.08438,1681.53,2.51e-05,0.2616,0.1061,2.844e-06,0.05357,5.014e-06,68.73,0.7651,0.3436,2.545,0.1595,0.504,1.1498
2026-06-14 01:06:00,67.42,0.1718,0.0843,6.703,4.49e-06,64598.46,0.2348,0.0877,0.0846,1683.53,2.508e-05,0.2616,0.1062,2.85e-06,0.05357,5.02e-06,68.81,0.7658,0.3445,2.547,0.1597,0.5049,1.1505,67.41,0.1718,0.0843,6.704,4.489e-06,64597.82,0.2348,0.0877,0.08455,1683.5,2.508e-05,0.2619,0.1061,2.845e-06,0.05356,5.014e-06,68.82,0.7659,0.3444,2.547,0.1598,0.5048,1.15,67.4,0.1718,0.08431,6.704,4.497e-06,64600.4,0.2348,0.0877,0.08458,1683.47,2.511e-05,0.2617,0.1062,2.844e-06,0.05357,5.012e-06,68.81,0.766,0.3445,2.546,0.1597,0.5049,1.1504,67.36,0.1718,0.0842,6.7,4.49e-06,64568.78,0.2347,0.08767,0.0845,1682.6,2.51e-05,0.26,0.106,2.85e-06,0.0535,5.01e-06,68.78,0.7659,0.3443,2.546,0.16,0.5047,1.1501,67.264,0.17185,0.0843,6.697,4.501e-06,64601.76,0.2346,0.087644,0.08576,1683.41,2.525e-05,0.2628,0.1059,2.87e-06,0.05354,5.017e-06,68.81,0.76492,0.34608,2.5484,0.1603,0.5037,1.1506,67.344,0.171739,0.0842,6.7007,4.5101e-06,64589.55,0.2345,0.087959,0.08423,1683.87,2.504e-05,0.2611,0.1062,2.843898e-06,0.0536,5.02e-06,68.6527,0.7657,0.3435,2.5477,0.1594,0.503,1.14881,67.391,0.1718,0.0843,6.7,4.49e-06,64602.0,0.2347,0.08771,0.0846,1683.59,2.51e-05,0.2619,0.1062,2.846e-06,0.05358,5.013e-06,68.8,0.7657,0.3443,2.548,0.1597,0.505,1.15031,67.35,0.1719,0.08433,6.695,4.5e-06,64590.0,0.2347,0.08769,0.08451,1683.26,2.508e-05,0.2617,0.10606,2.847e-06,0.05354,5.016e-06,68.82,0.766,0.3445,2.548,0.1595,0.5036,1.1505,67.4,0.1719,0.08431,6.7,4.492e-06,64606.7,0.2348,0.0877,0.08456,1683.62,2.509e-05,0.2616,0.10625,2.846e-06,0.05356,5.015e-06,68.82,0.7658,0.3444,2.547,0.1596,0.5049,1.1503
2026-06-14 09:18:00,66.09,0.1705,0.0831,6.632,4.45e-06,64367.8,0.2317,0.08692,0.0826,1671.0,2.493e-05,0.261,0.1059,2.81e-06,0.05308,5e-06,68.01,0.7566,0.3376,2.52,0.1582,0.5035,1.1424,66.11,0.1704,0.0832,6.631,4.449e-06,64368.09,0.232,0.08693,0.0826,1670.99,2.498e-05,0.261,0.106,2.808e-06,0.05305,4.992e-06,68.02,0.7566,0.3375,2.522,0.1582,0.5036,1.1424,66.1,0.1704,0.08307,6.632,4.449e-06,64372.9,0.2319,0.08694,0.08266,1670.89,2.498e-05,0.261,0.1059,2.808e-06,0.0531,4.992e-06,68.01,0.7565,0.3376,2.521,0.1581,0.5035,1.1422,66.06,0.17,0.0831,6.63,4.45e-06,64332.72,0.2316,0.08687,0.0825,1670.1,2.49e-05,0.261,0.106,2.81e-06,0.05299,4.99e-06,67.97,0.7556,0.3369,2.515,0.158,0.5032,1.1418,66.203,0.17042,0.0831,6.632,4.456e-06,64377.72,0.2346,0.086924,0.0837,1671.0,2.506e-05,0.2618,0.1068,2.809e-06,0.05304,4.996e-06,68.0,0.75719,0.3402,2.5395,0.1597,0.5061,1.1423,66.166,0.170626,0.0828,6.6323,4.4873e-06,64368.74,0.2319,0.087506,0.08268,1671.15,2.49e-05,0.2606,0.1061,2.811694e-06,0.0532,4.98e-06,67.999,0.7606,0.3367,2.5216,0.1579,0.503,1.14232,66.09,0.1704,0.0831,6.626,4.448e-06,64369.5,0.2316,0.08691,0.0826,1671.19,2.495e-05,0.2616,0.1059,2.807e-06,0.05304,4.992e-06,68.02,0.7565,0.3379,2.5205,0.1581,0.5033,1.1424,66.09,0.1705,0.08308,6.633,4.453e-06,64368.29,0.2317,0.08693,0.08265,1670.9,2.492e-05,0.261,0.106,2.809e-06,0.05306,4.99e-06,68.01,0.7566,0.3376,2.519,0.1578,0.5036,1.1423,66.03,0.1704,0.08296,6.631,4.443e-06,64369.1,0.2318,0.08694,0.08258,1670.85,2.492e-05,0.2609,0.10595,2.806e-06,0.05303,4.991e-06,68.01,0.7565,0.3374,2.521,0.1582,0.5033,1.1423
2026-06-14 09:19:00,66.01,0.1702,0.083,6.626,4.45e-06,64322.24,0.2316,0.08681,0.0825,1669.7,2.49e-05,0.2606,0.1059,2.81e-06,0.05305,4.98e-06,67.94,0.7557,0.3372,2.516,0.1579,0.5025,1.1415,66.11,0.1701,0.083,6.625,4.449e-06,64322.0,0.2318,0.08681,0.08246,1669.79,2.491e-05,0.2608,0.1058,2.805e-06,0.05302,4.984e-06,67.93,0.7558,0.3371,2.518,0.1582,0.5027,1.1415,66.01,0.1702,0.08303,6.627,4.445e-06,64330.4,0.2317,0.08683,0.08249,1669.77,2.492e-05,0.2606,0.1059,2.806e-06,0.05306,4.985e-06,67.94,0.7558,0.3373,2.516,0.158,0.5027,1.1411,65.96,0.17,0.0831,6.63,4.45e-06,64290.77,0.2316,0.08674,0.0825,1668.77,2.49e-05,0.261,0.106,2.81e-06,0.05299,4.99e-06,67.89,0.7557,0.337,2.515,0.158,0.502,1.1408,66.203,0.17014,0.0829,6.627,4.456e-06,64330.99,0.2346,0.086792,0.0837,1669.63,2.506e-05,0.2606,0.1068,2.809e-06,0.05303,4.996e-06,67.93,0.75719,0.3402,2.5395,0.1597,0.5061,1.1414,66.166,0.170113,0.0831,6.6253,4.4489e-06,64351.19,0.2307,0.087121,0.08251,1670.23,2.486e-05,0.2603,0.1058,2.80661e-06,0.0531,4.98e-06,68.0075,0.7605,0.3365,2.5175,0.1579,0.502,1.14165,66.022,0.1703,0.083,6.626,4.445e-06,64325.9,0.2316,0.0868,0.0825,1669.69,2.495e-05,0.2607,0.1059,2.805e-06,0.05303,4.985e-06,67.94,0.756,0.3372,2.5171,0.1581,0.5022,1.14135,66.01,0.1702,0.08309,6.633,4.447e-06,64330.01,0.2317,0.08682,0.08243,1669.79,2.492e-05,0.261,0.10581,2.803e-06,0.05303,4.985e-06,67.95,0.7559,0.3372,2.516,0.1576,0.5029,1.1414,66.01,0.1701,0.08299,6.625,4.444e-06,64332.8,0.2316,0.08681,0.08244,1669.74,2.491e-05,0.2604,0.10588,2.806e-06,0.05303,4.986e-06,67.93,0.7558,0.3372,2.517,0.1578,0.5026,1.1413
2026-06-14 09:20:00,66.03,0.1702,0.083,6.629,4.45e-06,64341.88,0.2322,0.08687,0.0827,1670.4,2.491e-05,0.2609,0.1058,2.81e-06,0.0531,4.98e-06,67.99,0.7564,0.3376,2.517,0.158,0.5045,1.1418,66.0,0.1703,0.083,6.627,4.449e-06,64342.49,0.2318,0.08687,0.08263,1670.48,2.486e-05,0.2608,0.1057,2.81e-06,0.05305,4.985e-06,67.99,0.7564,0.3371,2.517,0.1582,0.5042,1.1416,66.03,0.1703,0.083,6.63,4.449e-06,64348.3,0.2323,0.08688,0.08267,1670.35,2.494e-05,0.2609,0.1058,2.81e-06,0.0531,4.987e-06,68.01,0.7561,0.3377,2.517,0.1581,0.5045,1.1415,65.96,0.1702,0.0831,6.63,4.45e-06,64307.21,0.2321,0.08682,0.0827,1669.2,2.49e-05,0.261,0.106,2.81e-06,0.05299,4.99e-06,67.95,0.7559,0.3374,2.517,0.159,0.5054,1.1411,66.203,0.17025,0.0829,6.629,4.456e-06,64346.16,0.2346,0.086853,0.0837,1670.32,2.486e-05,0.2606,0.1068,2.807e-06,0.05303,4.996e-06,67.98,0.75719,0.3402,2.5395,0.1597,0.5045,1.1416,66.166,0.170292,0.083,6.6294,4.4489e-06,64345.79,0.2317,0.087121,0.08278,1670.38,2.49e-05,0.2605,0.1058,2.80661e-06,0.0531,4.98e-06,68.0075,0.7607,0.3366,2.5186,0.1578,0.504,1.14165,66.034,0.1703,0.083,6.625,4.449e-06,64343.4,0.2316,0.08685,0.0826,1670.34,2.487e-05,0.2607,0.1058,2.809e-06,0.05308,4.988e-06,67.99,0.7563,0.3372,2.5176,0.1581,0.5043,1.14175,66.02,0.1702,0.08302,6.627,4.448e-06,64345.09,0.2321,0.08688,0.08255,1670.2,2.489e-05,0.2609,0.1057,2.809e-06,0.05306,4.985e-06,68.0,0.7562,0.3374,2.516,0.1578,0.5049,1.1419,66.04,0.1701,0.08296,6.628,4.445e-06,64349.7,0.2323,0.08689,0.0826,1670.35,2.487e-05,0.2608,0.10585,2.808e-06,0.05307,4.987e-06,68.0,0.7563,0.3374,2.517,0.1581,0.5046,1.1416
2026-06-14 09:21:00,66.06,0.1704,0.0831,6.634,4.45e-06,64345.97,0.2322,0.08691,0.0828,1670.77,2.491e-05,0.2611,0.1058,2.81e-06,0.05311,4.99e-06,68.02,0.7567,0.3377,2.519,0.1583,0.5062,1.1421,66.0,0.1705,0.083,6.634,4.449e-06,64350.0,0.2324,0.08692,0.08272,1670.84,2.486e-05,0.2611,0.1057,2.812e-06,0.05305,4.991e-06,68.04,0.7568,0.3376,2.517,0.1584,0.5061,1.1422,66.06,0.1705,0.0831,6.635,4.449e-06,64351.9,0.2324,0.08692,0.08279,1670.75,2.494e-05,0.2611,0.1058,2.813e-06,0.05313,4.989e-06,68.03,0.7569,0.3377,2.519,0.1583,0.5057,1.1419,66.04,0.1703,0.0831,6.63,4.45e-06,64311.95,0.2324,0.08687,0.0828,1669.69,2.49e-05,0.261,0.106,2.81e-06,0.05309,4.99e-06,67.99,0.7568,0.3374,2.517,0.159,0.5055,1.1415,66.203,0.17041,0.0829,6.634,4.456e-06,64350.55,0.2346,0.086924,0.0837,1670.72,2.486e-05,0.2606,0.1068,2.81e-06,0.05303,4.996e-06,68.01,0.75719,0.3402,2.5395,0.1597,0.5051,1.1422,66.166,0.170281,0.083,6.6304,4.4489e-06,64357.64,0.233,0.087121,0.08278,1670.66,2.488e-05,0.2608,0.1058,2.80661e-06,0.0531,4.98e-06,68.0,0.7608,0.3367,2.5206,0.1579,0.506,1.14165,66.078,0.1705,0.083,6.634,4.449e-06,64347.8,0.2316,0.0869,0.0828,1670.67,2.487e-05,0.2607,0.1057,2.812e-06,0.0531,4.99e-06,68.02,0.7569,0.3372,2.5195,0.1583,0.5057,1.14221,66.04,0.1704,0.083,6.633,4.453e-06,64348.32,0.2322,0.08691,0.08277,1670.75,2.492e-05,0.2612,0.10581,2.812e-06,0.05311,4.991e-06,68.03,0.7568,0.3377,2.518,0.158,0.5053,1.1422,66.05,0.1704,0.08306,6.633,4.452e-06,64349.7,0.2324,0.08693,0.08278,1670.86,2.487e-05,0.261,0.1058,2.811e-06,0.05307,4.987e-06,68.02,0.7568,0.3374,2.52,0.1584,0.506,1.1421
2026-06-14 14:34:00,65.51,0.1661,0.0823,6.521,4.37e-06,64005.99,0.231,0.0861,0.0811,1658.78,2.464e-05,0.2577,0.105,2.79e-06,0.05256,4.9e-06,67.32,0.7474,0.3313,2.501,0.1557,0.4925,1.1286,65.55,0.1661,0.0823,6.516,4.365e-06,64005.0,0.2313,0.08608,0.0811,1658.74,2.464e-05,0.2579,0.1051,2.784e-06,0.05254,4.894e-06,67.31,0.7469,0.3314,2.501,0.1558,0.4924,1.1288,65.51,0.1662,0.08227,6.521,4.366e-06,64009.9,0.2311,0.0861,0.0811,1658.57,2.468e-05,0.2578,0.105,2.787e-06,0.05258,4.895e-06,67.3,0.7473,0.3314,2.5,0.1559,0.4922,1.1282,65.4,0.166,0.0823,6.52,4.36e-06,63975.94,0.231,0.08602,0.0809,1657.69,2.46e-05,0.257,0.105,2.78e-06,0.05253,4.89e-06,67.27,0.7472,0.3311,2.496,0.155,0.4919,1.128,65.844,0.16618,0.083,6.518,4.4e-06,64008.2,0.2302,0.086072,0.08296,1658.4,2.491e-05,0.259,0.1059,2.8e-06,0.05254,4.897e-06,67.27,0.74789,0.33663,2.5215,0.1579,0.4914,1.1284,66.032,0.166168,0.0822,6.5181,4.3673e-06,64020.62,0.2314,0.086391,0.08109,1659.22,2.469e-05,0.258,0.1051,2.784288e-06,0.0524,4.91e-06,67.293,0.7501,0.3277,2.5017,0.156,0.493,1.12878,65.497,0.1661,0.0823,6.518,4.367e-06,64003.3,0.2311,0.08612,0.0811,1658.7,2.467e-05,0.258,0.105,2.784e-06,0.05255,4.893e-06,67.31,0.747,0.3313,2.5013,0.1558,0.4925,1.12869,65.59,0.1661,0.08227,6.518,4.372e-06,64000.0,0.231,0.08608,0.0812,1658.59,2.464e-05,0.2579,0.10513,2.788e-06,0.05261,4.894e-06,67.31,0.7475,0.3312,2.501,0.1555,0.4927,1.1289,65.51,0.1661,0.08227,6.518,4.371e-06,64007.6,0.231,0.08606,0.08108,1658.83,2.467e-05,0.2578,0.10501,2.785e-06,0.05255,4.895e-06,67.31,0.7472,0.3311,2.501,0.1558,0.4921,1.1287
2026-06-14 14:35:00,65.39,0.1656,0.0821,6.505,4.34e-06,63937.4,0.2311,0.08578,0.0808,1656.36,2.458e-05,0.2567,0.1049,2.78e-06,0.05249,4.89e-06,67.15,0.7459,0.3303,2.494,0.1553,0.4922,1.1276,65.38,0.1656,0.0821,6.5,4.345e-06,63935.01,0.2312,0.08579,0.08077,1656.47,2.457e-05,0.2565,0.1051,2.773e-06,0.05254,4.886e-06,67.15,0.7459,0.3299,2.491,0.1552,0.4921,1.1275,65.4,0.1656,0.08214,6.505,4.35e-06,63935.1,0.2312,0.0858,0.08075,1656.34,2.467e-05,0.2567,0.1048,2.776e-06,0.0525,4.885e-06,67.15,0.7458,0.3303,2.494,0.1554,0.4921,1.1276,65.4,0.1656,0.0821,6.5,4.35e-06,63906.56,0.2315,0.08572,0.0807,1655.2,2.46e-05,0.257,0.105,2.78e-06,0.05244,4.88e-06,67.12,0.7458,0.3302,2.493,0.155,0.4922,1.1271,65.446,0.16564,0.083,6.503,4.4e-06,63936.85,0.2302,0.085765,0.08296,1656.23,2.491e-05,0.259,0.1059,2.78e-06,0.05245,4.897e-06,67.16,0.74499,0.33663,2.5215,0.1579,0.4914,1.1275,66.032,0.165684,0.0821,6.5062,4.3469e-06,63970.01,0.2314,0.086211,0.08058,1656.81,2.466e-05,0.2568,0.1049,2.781186e-06,0.0524,4.9e-06,67.168,0.7577,0.3264,2.4966,0.1554,0.492,1.12705,65.385,0.1656,0.0821,6.505,4.348e-06,63944.4,0.2314,0.08579,0.0807,1656.11,2.46e-05,0.2564,0.1048,2.773e-06,0.05248,4.885e-06,67.17,0.746,0.3301,2.4944,0.1554,0.4922,1.12748,65.48,0.1656,0.08208,6.499,4.351e-06,63938.04,0.231,0.08577,0.08068,1656.29,2.461e-05,0.2567,0.10484,2.778e-06,0.05257,4.884e-06,67.15,0.7449,0.3303,2.493,0.155,0.4923,1.128,65.39,0.1657,0.08207,6.502,4.347e-06,63939.3,0.231,0.08579,0.08072,1656.46,2.463e-05,0.2566,0.10487,2.774e-06,0.05248,4.885e-06,67.14,0.746,0.3303,2.495,0.1553,0.4921,1.1275
2026-06-14 14:36:00,65.47,0.1661,0.0822,6.519,4.36e-06,63973.99,0.2322,0.08587,0.0808,1657.89,2.461e-05,0.2571,0.1051,2.78e-06,0.05255,4.89e-06,67.18,0.7473,0.3306,2.498,0.1555,0.4935,1.1289,65.35,0.1661,0.0821,6.518,4.35e-06,63979.99,0.2323,0.08582,0.08079,1658.17,2.457e-05,0.2572,0.105,2.778e-06,0.05254,4.889e-06,67.18,0.7473,0.3309,2.498,0.1552,0.4937,1.1289,65.48,0.1661,0.08225,6.52,4.357e-06,63978.8,0.2321,0.08589,0.08084,1657.88,2.467e-05,0.2569,0.1051,2.781e-06,0.05257,4.887e-06,67.19,0.747,0.3307,2.498,0.1556,0.4934,1.1288,65.42,0.166,0.0821,6.52,4.36e-06,63948.0,0.2323,0.08581,0.0808,1656.63,2.46e-05,0.257,0.105,2.78e-06,0.05246,4.88e-06,67.15,0.747,0.3303,2.496,0.155,0.493,1.1284,65.446,0.16608,0.083,6.516,4.4e-06,63983.44,0.2302,0.085874,0.08296,1657.87,2.491e-05,0.259,0.1059,2.78e-06,0.05245,4.897e-06,67.16,0.74499,0.33663,2.5215,0.1579,0.4914,1.1278,66.032,0.166111,0.0822,6.5182,4.3469e-06,63969.65,0.2322,0.086211,0.08079,1658.44,2.489e-05,0.2573,0.105,2.781186e-06,0.0524,4.89e-06,67.172,0.7577,0.3268,2.4989,0.1555,0.493,1.12705,65.489,0.1661,0.0823,6.518,4.357e-06,63973.8,0.2323,0.08587,0.0808,1657.75,2.46e-05,0.2569,0.105,2.779e-06,0.05254,4.89e-06,67.18,0.7472,0.3307,2.498,0.1556,0.4931,1.12743,65.36,0.166,0.08224,6.516,4.359e-06,63977.82,0.2322,0.08585,0.0808,1657.89,2.463e-05,0.2568,0.10508,2.783e-06,0.05259,4.893e-06,67.17,0.747,0.3306,2.497,0.1553,0.4923,1.129,65.46,0.1661,0.08223,6.517,4.354e-06,63980.9,0.2323,0.08587,0.08083,1657.95,2.464e-05,0.257,0.10513,2.777e-06,0.05255,4.888e-06,67.18,0.7473,0.3305,2.497,0.1553,0.4931,1.129
2026-06-14 14:37:00,65.49,0.1661,0.0822,6.519,4.36e-06,63984.28,0.2325,0.0859,0.0808,1658.74,2.464e-05,0.2573,0.105,2.78e-06,0.05258,4.9e-06,67.16,0.7476,0.331,2.5,0.1556,0.4936,1.1295,65.52,0.1662,0.0822,6.52,4.35e-06,63988.51,0.2323,0.08594,0.08076,1658.78,2.457e-05,0.2571,0.105,2.781e-06,0.0525,4.893e-06,67.16,0.7476,0.331,2.501,0.1552,0.4942,1.1296,65.53,0.1662,0.08228,6.519,4.36e-06,63988.2,0.2322,0.0859,0.08075,1658.7,2.467e-05,0.2574,0.105,2.781e-06,0.05262,4.895e-06,67.16,0.7481,0.3311,2.5,0.1557,0.4937,1.1296,65.42,0.1661,0.082,6.51,4.36e-06,63952.65,0.2323,0.08587,0.0807,1657.99,2.46e-05,0.257,0.105,2.78e-06,0.05246,4.88e-06,67.12,0.7475,0.3308,2.498,0.155,0.4938,1.129,65.446,0.16627,0.083,6.523,4.4e-06,63997.61,0.2302,0.085934,0.08296,1658.51,2.491e-05,0.259,0.1059,2.78e-06,0.05251,4.897e-06,67.16,0.74724,0.33663,2.5215,0.1579,0.4914,1.1294,66.032,0.16619,0.0822,6.5192,4.3469e-06,64011.12,0.233,0.086211,0.08079,1659.25,2.489e-05,0.2575,0.105,2.781186e-06,0.0524,4.89e-06,67.169,0.7542,0.3271,2.4999,0.1556,0.493,1.12705,65.518,0.1663,0.0823,6.521,4.36e-06,63994.0,0.2323,0.08591,0.0808,1659.04,2.46e-05,0.2569,0.1051,2.782e-06,0.05256,4.891e-06,67.21,0.7476,0.3307,2.5001,0.1557,0.4935,1.12955,65.48,0.1662,0.08222,6.52,4.358e-06,63990.6,0.2323,0.08591,0.08075,1658.97,2.463e-05,0.257,0.10512,2.782e-06,0.05261,4.895e-06,67.16,0.7476,0.3309,2.501,0.1554,0.4935,1.1295,65.52,0.1662,0.08223,6.52,4.36e-06,63985.4,0.2325,0.08591,0.08074,1658.82,2.464e-05,0.2571,0.105,2.781e-06,0.05259,4.892e-06,67.16,0.7478,0.3309,2.5,0.1556,0.4936,1.1295
2026-06-14 14:38:00,65.41,0.1661,0.0821,6.512,4.35e-06,63945.59,0.2316,0.08576,0.0806,1656.62,2.46e-05,0.2568,0.1048,2.78e-06,0.05252,4.89e-06,67.04,0.7463,0.3305,2.496,0.1553,0.4929,1.1287,65.39,0.166,0.0821,6.513,4.35e-06,63945.01,0.2316,0.08578,0.08073,1656.45,2.457e-05,0.2569,0.105,2.776e-06,0.0525,4.886e-06,67.04,0.7464,0.3303,2.496,0.1552,0.4933,1.1286,65.41,0.166,0.08209,6.514,4.352e-06,63943.8,0.2319,0.0858,0.08072,1656.32,2.467e-05,0.2566,0.1047,2.778e-06,0.05255,4.886e-06,67.04,0.7462,0.3306,2.495,0.1552,0.4928,1.1286,65.32,0.1661,0.082,6.51,4.35e-06,63906.03,0.2314,0.08573,0.0806,1655.44,2.46e-05,0.257,0.105,2.78e-06,0.05243,4.88e-06,67.01,0.7465,0.3304,2.495,0.155,0.493,1.1281,65.406,0.16604,0.083,6.509,4.4e-06,63942.9,0.2302,0.085821,0.08296,1656.21,2.491e-05,0.259,0.1059,2.78e-06,0.05251,4.897e-06,67.04,0.74724,0.33663,2.5215,0.1579,0.4914,1.1287,66.032,0.166017,0.0821,6.5134,4.3469e-06,63957.83,0.2324,0.086134,0.08064,1656.95,2.487e-05,0.257,0.1047,2.781186e-06,0.0524,4.89e-06,67.0312,0.7542,0.3266,2.4959,0.1553,0.493,1.12908,65.409,0.1659,0.0821,6.511,4.35e-06,63948.6,0.2317,0.08579,0.0806,1656.63,2.46e-05,0.2569,0.1046,2.778e-06,0.05252,4.886e-06,67.03,0.7467,0.3307,2.496,0.1553,0.4928,1.1284,65.38,0.1659,0.0821,6.508,4.355e-06,63947.96,0.2316,0.08576,0.08072,1656.58,2.458e-05,0.2566,0.10466,2.781e-06,0.05245,4.888e-06,67.03,0.7465,0.3306,2.494,0.1551,0.4936,1.1286,65.4,0.166,0.08215,6.507,4.351e-06,63939.9,0.2316,0.08579,0.08069,1656.71,2.461e-05,0.2567,0.10472,2.776e-06,0.05252,4.884e-06,67.03,0.7463,0.3304,2.496,0.1554,0.4931,1.1287
2026-06-14 14:39:00,65.36,0.1659,0.0819,6.509,4.35e-06,63916.25,0.2317,0.08575,0.0807,1656.28,2.458e-05,0.2566,0.1045,2.78e-06,0.05247,4.89e-06,66.98,0.7455,0.3303,2.494,0.1553,0.4924,1.1285,65.37,0.166,0.082,6.506,4.35e-06,63915.04,0.2317,0.08576,0.08063,1656.25,2.457e-05,0.2569,0.105,2.774e-06,0.0525,4.881e-06,66.98,0.7455,0.3303,2.496,0.1552,0.4922,1.1286,65.38,0.1661,0.08198,6.508,4.348e-06,63912.0,0.2317,0.08575,0.08066,1656.13,2.467e-05,0.2567,0.1046,2.777e-06,0.05248,4.88e-06,66.99,0.7455,0.3305,2.494,0.1553,0.4921,1.1285,65.32,0.166,0.082,6.51,4.35e-06,63885.99,0.2317,0.08573,0.0806,1655.09,2.46e-05,0.257,0.105,2.78e-06,0.05244,4.88e-06,66.94,0.7455,0.3304,2.495,0.155,0.4922,1.1278,65.406,0.16605,0.083,6.51,4.4e-06,63919.99,0.2302,0.085736,0.08296,1656.01,2.491e-05,0.259,0.1059,2.78e-06,0.05248,4.897e-06,66.98,0.74576,0.33663,2.5215,0.1579,0.4914,1.1285,66.032,0.165992,0.0819,6.5071,4.3469e-06,63950.95,0.2321,0.086,0.08061,1656.47,2.477e-05,0.2566,0.1045,2.781186e-06,0.0523,4.89e-06,67.0,0.7552,0.3264,2.495,0.1554,0.492,1.12857,65.361,0.166,0.082,6.508,4.352e-06,63914.0,0.2315,0.08575,0.0806,1656.14,2.46e-05,0.2569,0.1046,2.776e-06,0.05246,4.881e-06,66.99,0.7458,0.3303,2.4937,0.1552,0.4925,1.12842,65.43,0.166,0.082,6.509,4.352e-06,63914.43,0.2316,0.08575,0.08058,1656.24,2.459e-05,0.2565,0.10449,2.777e-06,0.05251,4.882e-06,66.97,0.7457,0.3303,2.493,0.1551,0.4923,1.1285,65.4,0.166,0.08197,6.505,4.35e-06,63920.0,0.2317,0.08576,0.08059,1656.3,2.46e-05,0.2567,0.10458,2.774e-06,0.0525,4.882e-06,66.98,0.7456,0.3302,2.496,0.1554,0.4923,1.1286
2026-06-14 14:42:00,65.35,0.166,0.0819,6.507,4.34e-06,63912.35,0.2318,0.08582,0.0805,1655.59,2.455e-05,0.2563,0.1047,2.78e-06,0.05249,4.89e-06,67.0,0.7453,0.3299,2.493,0.1552,0.4932,1.1286,65.36,0.166,0.0821,6.507,4.342e-06,63907.88,0.2318,0.0858,0.08058,1655.72,2.459e-05,0.2563,0.1049,2.772e-06,0.05246,4.885e-06,67.0,0.7454,0.3302,2.495,0.1551,0.4933,1.1287,65.39,0.1661,0.08193,6.507,4.348e-06,63915.3,0.2318,0.08583,0.08059,1655.49,2.456e-05,0.2563,0.1047,2.774e-06,0.05252,4.884e-06,67.0,0.7454,0.3298,2.492,0.1552,0.4932,1.1286,65.38,0.166,0.0818,6.51,4.35e-06,63872.74,0.2318,0.08577,0.0806,1654.57,2.46e-05,0.257,0.105,2.78e-06,0.05241,4.88e-06,66.98,0.7453,0.3298,2.492,0.155,0.4929,1.1281,65.406,0.166,0.083,6.505,4.4e-06,63906.0,0.2302,0.085807,0.08296,1655.36,2.491e-05,0.2563,0.1059,2.78e-06,0.05247,4.88e-06,67.0,0.74576,0.33663,2.5215,0.1579,0.4922,1.1287,66.032,0.166083,0.0819,6.5072,4.3469e-06,63941.07,0.2321,0.086,0.08052,1655.83,2.465e-05,0.2564,0.1047,2.781186e-06,0.0523,4.89e-06,66.9979,0.7528,0.3261,2.4939,0.1552,0.493,1.12857,65.367,0.166,0.082,6.504,4.345e-06,63916.5,0.2318,0.08582,0.0806,1655.58,2.459e-05,0.2561,0.105,2.772e-06,0.05248,4.882e-06,66.99,0.7457,0.33,2.4933,0.1553,0.4927,1.12884,65.37,0.166,0.08198,6.511,4.353e-06,63918.19,0.2319,0.08582,0.08057,1655.6,2.454e-05,0.2561,0.10467,2.776e-06,0.05249,4.886e-06,67.0,0.7454,0.3299,2.493,0.1551,0.4925,1.1287,65.34,0.1661,0.08193,6.502,4.347e-06,63910.9,0.2318,0.08583,0.08056,1655.85,2.454e-05,0.2563,0.10471,2.772e-06,0.05251,4.885e-06,67.01,0.7453,0.3298,2.492,0.1553,0.493,1.1286
2026-06-14 18:14:00,65.55,0.1669,0.082,6.468,4.34e-06,63727.19,0.2281,0.08641,0.08,1662.29,2.454e-05,0.2587,0.106,2.78e-06,0.05353,4.89e-06,67.48,0.7495,0.3346,2.488,0.1561,0.5016,1.1349,65.53,0.1668,0.0821,6.469,4.338e-06,63730.28,0.2284,0.08641,0.07996,1662.25,2.45e-05,0.258,0.1059,2.777e-06,0.05351,4.888e-06,67.48,0.7495,0.3347,2.484,0.1557,0.5019,1.1349,65.53,0.1669,0.082,6.469,4.34e-06,63735.5,0.2282,0.08641,0.07997,1662.24,2.45e-05,0.2585,0.1059,2.774e-06,0.05355,4.89e-06,67.46,0.7494,0.3346,2.487,0.1559,0.5018,1.1348,65.53,0.1668,0.0818,6.47,4.34e-06,63695.99,0.2276,0.08634,0.0799,1661.17,2.45e-05,0.257,0.106,2.77e-06,0.05348,4.88e-06,67.42,0.7491,0.3345,2.487,0.156,0.5013,1.1343,65.48,0.16689,0.082,6.463,4.334e-06,63739.38,0.2279,0.086327,0.08024,1662.09,2.451e-05,0.2584,0.1057,2.79e-06,0.0535,4.897e-06,67.47,0.74785,0.33663,2.4795,0.1566,0.4993,1.1349,65.4873,0.166914,0.0814,6.4726,4.349e-06,63750.58,0.2297,0.086561,0.07991,1662.3,2.451e-05,0.2579,0.1059,2.776557e-06,0.0536,4.89e-06,67.4769,0.7529,0.331,2.4869,0.1563,0.501,1.13325,65.547,0.1669,0.0821,6.468,4.338e-06,63731.3,0.2281,0.0864,0.08,1662.23,2.453e-05,0.2587,0.1059,2.777e-06,0.05351,4.889e-06,67.47,0.7497,0.3344,2.4885,0.156,0.5018,1.13498,65.54,0.1669,0.08203,6.468,4.343e-06,63729.72,0.228,0.08641,0.07995,1662.22,2.452e-05,0.2586,0.1059,2.778e-06,0.05351,4.89e-06,67.49,0.7495,0.3347,2.486,0.1559,0.5017,1.1348,65.55,0.1669,0.08199,6.467,4.339e-06,63733.7,0.228,0.0864,0.07999,1662.37,2.452e-05,0.2585,0.10591,2.777e-06,0.05353,4.889e-06,67.48,0.7496,0.3347,2.488,0.156,0.5019,1.1349
2026-06-14 20:37:00,66.09,0.1672,0.0828,6.472,4.38e-06,64050.19,0.2294,0.08688,0.0812,1671.64,2.472e-05,0.2591,0.1065,2.8e-06,0.05354,4.92e-06,67.95,0.7546,0.3396,2.495,0.1578,0.5037,1.1395,66.07,0.1671,0.0828,6.473,4.38e-06,64055.0,0.2294,0.08689,0.08116,1671.58,2.475e-05,0.259,0.1065,2.793e-06,0.05352,4.925e-06,67.95,0.7545,0.3397,2.495,0.1577,0.5037,1.1393,66.07,0.1671,0.08283,6.471,4.379e-06,64057.7,0.2294,0.08688,0.0812,1671.68,2.471e-05,0.2589,0.1064,2.794e-06,0.05351,4.924e-06,67.93,0.7542,0.3392,2.495,0.1578,0.5038,1.1393,66.02,0.1672,0.0828,6.46,4.38e-06,64015.93,0.2292,0.08684,0.0812,1670.45,2.47e-05,0.258,0.106,2.79e-06,0.05352,4.92e-06,67.89,0.7542,0.3393,2.495,0.158,0.503,1.139,65.953,0.16718,0.0829,6.471,4.334e-06,64054.44,0.2287,0.086886,0.07903,1671.43,2.454e-05,0.2575,0.1063,2.79e-06,0.05354,4.921e-06,67.95,0.755,0.33621,2.4865,0.1567,0.5039,1.1395,65.832,0.167102,0.0828,6.4765,4.3673e-06,64062.78,0.229,0.087203,0.08104,1672.13,2.469e-05,0.2587,0.1064,2.796296e-06,0.0535,4.92e-06,67.948,0.7571,0.337,2.4953,0.1588,0.503,1.13984,66.105,0.1671,0.0829,6.474,4.382e-06,64050.0,0.2294,0.08686,0.0812,1671.46,2.474e-05,0.2577,0.1064,2.794e-06,0.05354,4.923e-06,67.95,0.7545,0.3396,2.4954,0.1577,0.5036,1.13959,66.05,0.1672,0.08289,6.471,4.382e-06,64053.58,0.2295,0.08689,0.0812,1671.73,2.47e-05,0.259,0.10637,2.795e-06,0.05351,4.923e-06,67.94,0.7543,0.3396,2.496,0.1575,0.504,1.1397,66.06,0.1671,0.08294,6.471,4.382e-06,64063.0,0.2295,0.08686,0.0812,1671.66,2.471e-05,0.259,0.10644,2.794e-06,0.0535,4.923e-06,67.96,0.7543,0.3392,2.497,0.1577,0.5036,1.1397
2026-06-14 20:38:00,66.06,0.1671,0.0829,6.472,4.39e-06,64050.2,0.2294,0.08688,0.0813,1671.54,2.473e-05,0.2591,0.1066,2.8e-06,0.05374,4.92e-06,67.94,0.7543,0.3399,2.495,0.1577,0.5032,1.1392,66.07,0.1672,0.0828,6.47,4.38e-06,64051.6,0.2294,0.08687,0.08121,1671.56,2.475e-05,0.259,0.1066,2.795e-06,0.05372,4.925e-06,67.95,0.7542,0.3398,2.495,0.1577,0.503,1.1394,66.05,0.1672,0.08283,6.472,4.381e-06,64049.4,0.2294,0.08687,0.08122,1671.59,2.471e-05,0.259,0.1065,2.794e-06,0.05375,4.924e-06,67.94,0.7545,0.3398,2.495,0.1578,0.503,1.139,66.02,0.1671,0.0827,6.46,4.38e-06,64012.58,0.2292,0.08679,0.0812,1670.56,2.47e-05,0.258,0.106,2.79e-06,0.05372,4.92e-06,67.91,0.7535,0.3396,2.493,0.158,0.5026,1.1384,65.953,0.16722,0.0829,6.471,4.334e-06,64050.19,0.2287,0.086886,0.07903,1671.34,2.454e-05,0.2575,0.1063,2.79e-06,0.05374,4.921e-06,67.95,0.755,0.33621,2.4865,0.1567,0.5039,1.1392,65.832,0.167097,0.0828,6.4776,4.3673e-06,64062.78,0.229,0.087203,0.08104,1671.33,2.469e-05,0.2587,0.1065,2.796296e-06,0.0538,4.92e-06,67.8735,0.7557,0.3373,2.4953,0.1585,0.503,1.13984,66.057,0.1671,0.0829,6.469,4.382e-06,64048.2,0.2294,0.08686,0.0812,1671.4,2.473e-05,0.2577,0.1064,2.795e-06,0.05373,4.925e-06,67.95,0.7543,0.3396,2.4956,0.1576,0.5028,1.13913,66.06,0.1672,0.08288,6.469,4.383e-06,64052.16,0.2293,0.08687,0.0812,1671.51,2.473e-05,0.259,0.10657,2.793e-06,0.05362,4.922e-06,67.94,0.7542,0.3399,2.495,0.1574,0.5032,1.1393,66.09,0.1672,0.08282,6.469,4.382e-06,64055.5,0.2295,0.08685,0.08121,1671.71,2.471e-05,0.259,0.10647,2.794e-06,0.05377,4.923e-06,67.95,0.7542,0.3397,2.497,0.1577,0.5032,1.1393
2026-06-14 21:18:00,67.12,0.17,0.0841,6.596,4.47e-06,64949.0,0.2324,0.08788,0.0833,1693.15,2.51e-05,0.2636,0.1084,2.84e-06,0.05453,4.98e-06,69.11,0.7665,0.3482,2.54,0.1611,0.5096,1.1566,67.09,0.1701,0.084,6.595,4.462e-06,64980.43,0.2326,0.08789,0.08323,1693.23,2.505e-05,0.2638,0.1084,2.847e-06,0.05453,4.981e-06,69.12,0.7665,0.3482,2.542,0.1609,0.5098,1.1568,67.14,0.1701,0.08413,6.597,4.469e-06,64968.9,0.2325,0.0879,0.08327,1693.29,2.506e-05,0.2636,0.1084,2.851e-06,0.05454,4.983e-06,69.12,0.7668,0.3484,2.541,0.1612,0.5098,1.1565,67.03,0.1701,0.084,6.59,4.46e-06,64904.99,0.232,0.08785,0.0833,1691.84,2.5e-05,0.263,0.108,2.84e-06,0.05449,4.97e-06,69.07,0.766,0.348,2.538,0.161,0.5093,1.1558,67.043,0.17014,0.0829,6.597,4.334e-06,64974.17,0.2323,0.087883,0.07903,1693.24,2.506e-05,0.2575,0.1077,2.829e-06,0.05448,4.921e-06,69.13,0.76603,0.34368,2.5285,0.1567,0.5093,1.1563,66.964,0.169768,0.0837,6.5924,4.4499e-06,64929.84,0.2306,0.087959,0.0832,1693.0,2.505e-05,0.2622,0.1084,2.84033e-06,0.0544,4.96e-06,69.0585,0.766,0.3455,2.539,0.1605,0.509,1.15578,67.091,0.1701,0.0841,6.599,4.47e-06,64962.8,0.2323,0.08788,0.0833,1692.85,2.509e-05,0.2634,0.1084,2.848e-06,0.05448,4.981e-06,69.12,0.7663,0.3482,2.5406,0.1611,0.5097,1.15631,67.11,0.1701,0.08354,6.593,4.478e-06,64926.53,0.2319,0.08788,0.083,1692.61,2.508e-05,0.2635,0.10808,2.846e-06,0.05439,4.981e-06,69.1,0.7661,0.3485,2.541,0.1608,0.5093,1.1563,67.12,0.1701,0.0841,6.598,4.468e-06,64969.0,0.2326,0.08787,0.08329,1693.28,2.508e-05,0.2636,0.10846,2.847e-06,0.05451,4.981e-06,69.12,0.7664,0.3483,2.541,0.1611,0.5097,1.1567
2026-06-14 21:19:00,66.89,0.1698,0.0838,6.575,4.45e-06,64748.65,0.2316,0.08763,0.0828,1687.39,2.502e-05,0.2627,0.1078,2.84e-06,0.05441,4.98e-06,68.92,0.7642,0.3469,2.531,0.1603,0.5117,1.1525,66.85,0.1698,0.0838,6.573,4.467e-06,64747.8,0.2317,0.08761,0.08281,1687.57,2.504e-05,0.263,0.1082,2.837e-06,0.0544,4.979e-06,68.92,0.7641,0.3472,2.531,0.1602,0.5112,1.1524,66.89,0.1698,0.08386,6.574,4.457e-06,64745.6,0.2315,0.0876,0.08278,1687.59,2.506e-05,0.2626,0.1078,2.837e-06,0.05441,4.98e-06,68.92,0.7635,0.347,2.531,0.1603,0.5121,1.1525,66.82,0.1698,0.0837,6.57,4.45e-06,64705.23,0.2315,0.08754,0.0827,1686.24,2.5e-05,0.262,0.108,2.83e-06,0.05433,4.98e-06,68.87,0.7634,0.3463,2.529,0.161,0.5112,1.152,67.043,0.16982,0.0838,6.574,4.334e-06,64747.81,0.2323,0.087614,0.07903,1687.42,2.506e-05,0.2575,0.1078,2.841e-06,0.05435,4.921e-06,68.92,0.76515,0.34368,2.5365,0.1567,0.5101,1.1524,66.964,0.169914,0.0837,6.5801,4.4499e-06,64706.32,0.2317,0.087959,0.08267,1687.93,2.498e-05,0.2623,0.1078,2.84033e-06,0.0544,4.97e-06,68.9325,0.7657,0.3441,2.5301,0.1602,0.51,1.15291,66.912,0.1698,0.0838,6.571,4.463e-06,64733.1,0.2316,0.0876,0.0828,1687.13,2.509e-05,0.2634,0.1078,2.835e-06,0.05442,4.98e-06,68.92,0.7638,0.3477,2.5306,0.1603,0.5111,1.1525,66.86,0.1697,0.08379,6.573,4.457e-06,64735.75,0.2315,0.08759,0.08273,1687.53,2.501e-05,0.2625,0.10809,2.837e-06,0.05441,4.981e-06,68.92,0.7637,0.3468,2.54,0.16,0.5114,1.1524,66.87,0.1698,0.08378,6.574,4.454e-06,64746.4,0.2318,0.08761,0.08275,1687.5,2.508e-05,0.2625,0.10785,2.835e-06,0.05436,4.981e-06,68.91,0.7637,0.3471,2.532,0.1603,0.5117,1.1526
2026-06-14 21:20:00,66.98,0.1703,0.084,6.59,4.46e-06,64824.08,0.2318,0.08773,0.0828,1692.48,2.499e-05,0.263,0.1078,2.83e-06,0.05442,4.98e-06,69.06,0.7646,0.3472,2.536,0.1606,0.5092,1.1557,66.97,0.1703,0.0838,6.59,4.451e-06,64826.0,0.2316,0.08772,0.08283,1692.71,2.503e-05,0.263,0.1077,2.838e-06,0.05443,4.986e-06,69.06,0.7648,0.3474,2.534,0.1607,0.5092,1.1556,66.97,0.1703,0.0839,6.589,4.46e-06,64830.2,0.2318,0.08774,0.08287,1692.47,2.502e-05,0.2627,0.1078,2.84e-06,0.05443,4.988e-06,69.06,0.7646,0.3473,2.535,0.1607,0.5099,1.1556,66.92,0.1702,0.0839,6.58,4.45e-06,64778.89,0.2315,0.08769,0.0827,1691.03,2.5e-05,0.262,0.108,2.83e-06,0.0544,4.98e-06,69.01,0.7645,0.347,2.534,0.161,0.5091,1.1549,66.915,0.17026,0.0838,6.589,4.334e-06,64828.47,0.2323,0.087725,0.07903,1692.43,2.504e-05,0.2575,0.1077,2.841e-06,0.05445,4.921e-06,69.06,0.76445,0.34368,2.5345,0.1567,0.5104,1.1559,66.964,0.17018,0.0839,6.5951,4.4499e-06,64835.81,0.2313,0.087959,0.08273,1692.49,2.495e-05,0.2623,0.1077,2.84033e-06,0.0544,4.97e-06,69.0,0.7659,0.3443,2.5351,0.1605,0.51,1.15593,66.966,0.1702,0.0839,6.591,4.458e-06,64822.6,0.2316,0.08772,0.0828,1692.6,2.509e-05,0.2634,0.1077,2.838e-06,0.05442,4.987e-06,69.05,0.7646,0.347,2.5361,0.1607,0.5088,1.15559,66.95,0.1703,0.08393,6.589,4.46e-06,64825.48,0.2317,0.08773,0.0828,1692.49,2.502e-05,0.2626,0.1077,2.837e-06,0.05448,4.987e-06,69.05,0.7646,0.3473,2.537,0.1602,0.5101,1.1558,66.97,0.1703,0.08387,6.591,4.46e-06,64825.0,0.2318,0.08773,0.08285,1692.42,2.508e-05,0.2626,0.10774,2.836e-06,0.05442,4.988e-06,69.05,0.7647,0.347,2.537,0.161,0.5093,1.1557
2026-06-14 21:21:00,66.87,0.1702,0.0837,6.576,4.45e-06,64665.72,0.2315,0.08782,0.0825,1688.27,2.494e-05,0.2623,0.1074,2.84e-06,0.05431,4.97e-06,68.88,0.7632,0.3459,2.53,0.1604,0.5076,1.1548,66.89,0.1702,0.0837,6.575,4.45e-06,64665.84,0.2316,0.08782,0.0827,1688.36,2.503e-05,0.2624,0.1077,2.835e-06,0.05432,4.985e-06,68.88,0.763,0.3461,2.529,0.1607,0.5074,1.155,66.96,0.1701,0.08373,6.575,4.451e-06,64658.7,0.2316,0.08783,0.08261,1688.22,2.494e-05,0.2623,0.1074,2.837e-06,0.0543,4.981e-06,68.89,0.7628,0.3459,2.53,0.1603,0.5072,1.1552,66.82,0.1701,0.0837,6.57,4.44e-06,64618.65,0.2317,0.08775,0.0826,1686.81,2.5e-05,0.262,0.108,2.84e-06,0.05428,4.98e-06,68.83,0.763,0.3457,2.53,0.161,0.5078,1.1543,66.915,0.17018,0.0838,6.58,4.334e-06,64659.64,0.2323,0.087794,0.07903,1688.08,2.504e-05,0.2575,0.1077,2.841e-06,0.0543,4.921e-06,68.9,0.76327,0.34368,2.5305,0.1567,0.508,1.1555,66.964,0.170219,0.0837,6.5801,4.4499e-06,64672.62,0.2318,0.087959,0.08258,1689.57,2.491e-05,0.2617,0.1073,2.84033e-06,0.0543,4.97e-06,69.0,0.7647,0.3431,2.5291,0.1598,0.507,1.15593,66.898,0.1702,0.0838,6.575,4.458e-06,64673.0,0.2316,0.08784,0.0826,1688.09,2.509e-05,0.2625,0.1074,2.834e-06,0.05431,4.98e-06,68.88,0.7633,0.347,2.5295,0.1603,0.5079,1.15492,66.94,0.1701,0.08376,6.577,4.453e-06,64660.19,0.2316,0.08783,0.0828,1688.14,2.497e-05,0.2623,0.10739,2.833e-06,0.05435,4.98e-06,68.88,0.7633,0.3457,2.53,0.1601,0.5069,1.1549,66.97,0.1702,0.08374,6.578,4.451e-06,64664.2,0.2315,0.0878,0.08261,1688.19,2.508e-05,0.2622,0.1074,2.834e-06,0.05432,4.98e-06,68.88,0.7632,0.3459,2.531,0.1603,0.5076,1.1549
2026-06-14 21:22:00,66.86,0.1704,0.0836,6.578,4.45e-06,64664.01,0.2319,0.08776,0.0827,1689.27,2.497e-05,0.2627,0.1074,2.84e-06,0.05431,4.98e-06,68.91,0.7632,0.3457,2.531,0.1605,0.5084,1.1553,67.02,0.1705,0.0838,6.577,4.45e-06,64661.0,0.232,0.08786,0.0827,1689.15,2.503e-05,0.2631,0.1077,2.837e-06,0.05438,4.985e-06,68.92,0.7634,0.3461,2.534,0.1606,0.5084,1.1555,66.87,0.1704,0.08383,6.577,4.452e-06,64661.3,0.2318,0.08774,0.08272,1689.32,2.494e-05,0.2629,0.1074,2.837e-06,0.05437,4.982e-06,68.92,0.7633,0.3458,2.532,0.1603,0.5091,1.1555,66.82,0.1703,0.0837,6.57,4.45e-06,64619.86,0.2317,0.08771,0.0827,1687.93,2.5e-05,0.262,0.108,2.84e-06,0.05425,4.98e-06,68.87,0.7629,0.3454,2.53,0.161,0.508,1.1547,66.915,0.17043,0.0838,6.578,4.334e-06,64666.5,0.2323,0.087815,0.07903,1689.01,2.504e-05,0.2575,0.1076,2.841e-06,0.0544,4.921e-06,68.93,0.76327,0.34368,2.5335,0.1567,0.5086,1.1556,66.964,0.170438,0.0837,6.5832,4.4499e-06,64700.02,0.2312,0.087981,0.08259,1689.99,2.494e-05,0.2621,0.1073,2.84033e-06,0.0543,4.97e-06,68.9982,0.765,0.3428,2.5321,0.1604,0.508,1.15735,66.846,0.1704,0.0838,6.578,4.452e-06,64660.6,0.2321,0.08777,0.0827,1689.05,2.509e-05,0.2625,0.1074,2.835e-06,0.0543,4.977e-06,68.93,0.7633,0.3456,2.5311,0.1605,0.5084,1.15552,66.87,0.1704,0.08379,6.585,4.455e-06,64670.01,0.2319,0.08779,0.08276,1689.31,2.498e-05,0.2627,0.10762,2.837e-06,0.05436,4.98e-06,68.92,0.7634,0.3456,2.531,0.1602,0.509,1.155,66.92,0.1703,0.0837,6.579,4.452e-06,64663.7,0.232,0.08777,0.08269,1689.19,2.508e-05,0.2626,0.10734,2.839e-06,0.05433,4.978e-06,68.9,0.7633,0.3456,2.53,0.1605,0.5087,1.1553
2026-06-14 21:23:00,66.99,0.1705,0.0839,6.585,4.45e-06,64777.19,0.2321,0.08786,0.0828,1694.57,2.502e-05,0.263,0.1075,2.84e-06,0.05444,4.99e-06,69.14,0.7651,0.346,2.536,0.1607,0.5083,1.1581,66.98,0.1705,0.0838,6.586,4.45e-06,64775.0,0.2322,0.08785,0.0827,1694.66,2.503e-05,0.2631,0.1077,2.84e-06,0.05447,4.986e-06,69.14,0.765,0.3463,2.536,0.1606,0.5088,1.158,66.94,0.1705,0.08386,6.585,4.453e-06,64771.1,0.232,0.08785,0.08277,1694.74,2.494e-05,0.263,0.1075,2.841e-06,0.05443,4.986e-06,69.14,0.765,0.346,2.537,0.1608,0.5083,1.1581,66.9,0.1705,0.0838,6.58,4.45e-06,64728.53,0.2319,0.08782,0.0827,1693.36,2.5e-05,0.262,0.108,2.84e-06,0.05433,4.99e-06,69.1,0.7647,0.3466,2.534,0.161,0.508,1.1574,66.915,0.17057,0.0838,6.587,4.334e-06,64774.95,0.2323,0.087864,0.07903,1694.4,2.504e-05,0.2575,0.1076,2.841e-06,0.05444,4.921e-06,69.17,0.76327,0.34368,2.5365,0.1567,0.5084,1.158,66.964,0.170516,0.0839,6.5892,4.4499e-06,64775.01,0.2312,0.088016,0.08269,1694.14,2.499e-05,0.2624,0.1074,2.84033e-06,0.0544,4.97e-06,69.0909,0.7657,0.3431,2.5362,0.1605,0.508,1.15839,66.95,0.1705,0.0839,6.586,4.453e-06,64766.5,0.2321,0.08786,0.0828,1694.49,2.509e-05,0.2625,0.1074,2.84e-06,0.05443,4.985e-06,69.15,0.7651,0.346,2.5347,0.1607,0.5084,1.15801,66.94,0.1704,0.08388,6.587,4.461e-06,64774.08,0.2321,0.08787,0.08266,1694.59,2.503e-05,0.2628,0.10751,2.839e-06,0.05434,4.986e-06,69.13,0.7651,0.3459,2.536,0.1604,0.5089,1.1579,66.99,0.1705,0.08384,6.585,4.453e-06,64782.2,0.2323,0.08787,0.08277,1694.54,2.508e-05,0.2629,0.10746,2.84e-06,0.05426,4.988e-06,69.14,0.7651,0.346,2.537,0.1605,0.5083,1.1581
2026-06-14 21:24:00,67.06,0.1705,0.0839,6.593,4.45e-06,64789.07,0.2325,0.08785,0.0829,1696.2,2.503e-05,0.2632,0.1075,2.84e-06,0.05437,4.98e-06,69.15,0.7659,0.346,2.536,0.1608,0.5103,1.1586,66.98,0.1705,0.0838,6.593,4.45e-06,64791.5,0.2325,0.08786,0.08294,1696.01,2.503e-05,0.2632,0.1077,2.842e-06,0.0544,4.991e-06,69.15,0.766,0.3463,2.535,0.1606,0.51,1.1588,67.07,0.1705,0.08392,6.592,4.453e-06,64795.9,0.232,0.08786,0.08302,1696.39,2.494e-05,0.263,0.1076,2.844e-06,0.05438,4.99e-06,69.15,0.7657,0.3461,2.537,0.1608,0.5101,1.1585,67.1,0.1704,0.0838,6.58,4.47e-06,64744.64,0.2323,0.0878,0.0829,1694.97,2.51e-05,0.263,0.108,2.84e-06,0.05433,4.99e-06,69.11,0.7663,0.3466,2.538,0.161,0.5098,1.1577,66.915,0.17046,0.0838,6.592,4.334e-06,64795.33,0.2323,0.087856,0.07903,1696.26,2.504e-05,0.2575,0.1076,2.841e-06,0.05435,4.921e-06,69.15,0.76572,0.34368,2.5365,0.1567,0.5102,1.159,66.937,0.17048,0.0838,6.5942,4.4499e-06,64774.74,0.2317,0.088016,0.08279,1695.99,2.501e-05,0.2626,0.1075,2.84033e-06,0.0544,4.98e-06,69.143,0.7663,0.3431,2.5371,0.1606,0.509,1.15839,67.031,0.1704,0.084,6.592,4.456e-06,64785.5,0.2321,0.08786,0.083,1695.97,2.501e-05,0.2625,0.1074,2.842e-06,0.05439,4.99e-06,69.15,0.7657,0.346,2.5367,0.1607,0.51,1.15855,66.94,0.1706,0.08396,6.592,4.461e-06,64789.09,0.2322,0.08786,0.08281,1696.2,2.503e-05,0.263,0.10751,2.841e-06,0.05437,4.992e-06,69.15,0.7659,0.3461,2.537,0.1604,0.5095,1.1584,67.06,0.1705,0.0839,6.593,4.457e-06,64791.1,0.2324,0.08784,0.083,1696.24,2.508e-05,0.2629,0.10759,2.842e-06,0.05438,4.989e-06,69.15,0.7659,0.3459,2.537,0.1609,0.5103,1.1586
2026-06-14 21:44:00,67.72,0.1739,0.0851,6.7,4.53e-06,65270.67,0.2371,0.08859,0.0848,1716.44,2.522e-05,0.2676,0.1091,2.87e-06,0.0548,5.01e-06,70.23,0.776,0.3502,2.577,0.1629,0.52,1.1674,67.68,0.1739,0.0851,6.701,4.534e-06,65270.01,0.2371,0.08859,0.08478,1716.43,2.527e-05,0.2677,0.109,2.881e-06,0.05482,5.014e-06,70.22,0.7761,0.3502,2.576,0.1631,0.52,1.1675,67.68,0.1739,0.08506,6.699,4.534e-06,65271.8,0.2371,0.0886,0.08476,1716.08,2.516e-05,0.2676,0.109,2.882e-06,0.05482,5.007e-06,70.22,0.7762,0.3501,2.577,0.1629,0.5201,1.1676,67.72,0.1739,0.0851,6.69,4.53e-06,65231.98,0.2369,0.0886,0.0848,1715.28,2.54e-05,0.267,0.109,2.89e-06,0.05481,5.01e-06,70.18,0.776,0.3499,2.576,0.162,0.5196,1.1669,67.776,0.17388,0.0843,6.702,4.459e-06,65270.72,0.2361,0.088548,0.08336,1716.28,2.518e-05,0.2666,0.1088,2.883e-06,0.05476,5.017e-06,70.22,0.77483,0.355,2.5726,0.1567,0.5202,1.1686,67.6368,0.173743,0.0849,6.7009,4.5102e-06,65268.83,0.2361,0.088781,0.08471,1716.84,2.521e-05,0.2668,0.1089,2.876345e-06,0.0548,5e-06,70.2373,0.7773,0.3469,2.5745,0.1629,0.521,1.16668,67.729,0.174,0.0851,6.7,4.532e-06,65280.3,0.2368,0.08857,0.0848,1716.21,2.524e-05,0.2673,0.1089,2.881e-06,0.05481,5.015e-06,70.17,0.776,0.3501,2.5761,0.1631,0.52,1.16757,67.75,0.1739,0.08506,6.7,4.534e-06,65279.12,0.2368,0.08859,0.08471,1716.45,2.522e-05,0.2677,0.10895,2.88e-06,0.0548,5.009e-06,70.23,0.776,0.3502,2.576,0.1626,0.5207,1.1675,67.74,0.1739,0.08518,6.7,4.53e-06,65263.9,0.2371,0.08858,0.08477,1716.23,2.52e-05,0.2675,0.10906,2.881e-06,0.05478,5.016e-06,70.24,0.7761,0.3503,2.577,0.163,0.52,1.1676
2026-06-14 21:45:00,67.83,0.174,0.0852,6.707,4.54e-06,65371.0,0.2379,0.08867,0.0848,1719.4,2.523e-05,0.2676,0.1091,2.89e-06,0.05482,5.01e-06,70.29,0.7774,0.3507,2.579,0.1633,0.5152,1.1695,67.81,0.174,0.0851,6.707,4.534e-06,65370.01,0.2381,0.08867,0.08486,1719.32,2.527e-05,0.2677,0.109,2.894e-06,0.05482,5.012e-06,70.29,0.7773,0.3507,2.58,0.1633,0.5149,1.1695,67.8,0.1741,0.08515,6.707,4.534e-06,65368.6,0.2381,0.08863,0.08482,1719.36,2.516e-05,0.2674,0.1091,2.896e-06,0.0548,5.007e-06,70.28,0.7771,0.3505,2.579,0.1634,0.5147,1.1695,67.77,0.1739,0.0851,6.69,4.53e-06,65334.6,0.2377,0.08858,0.0848,1717.92,2.54e-05,0.267,0.109,2.89e-06,0.05481,5.01e-06,70.25,0.7773,0.3501,2.578,0.163,0.5146,1.1694,67.776,0.17407,0.0843,6.712,4.459e-06,65376.03,0.2376,0.088676,0.08336,1719.18,2.518e-05,0.2666,0.1088,2.891e-06,0.05476,5.017e-06,70.29,0.77754,0.355,2.5796,0.1567,0.5175,1.1702,67.6368,0.17411,0.085,6.7085,4.5102e-06,65387.31,0.2384,0.088781,0.08481,1719.92,2.523e-05,0.2668,0.1091,2.89e-06,0.0548,5e-06,70.1687,0.7784,0.3473,2.5795,0.1634,0.514,1.16923,67.788,0.1741,0.0852,6.706,4.532e-06,65371.2,0.238,0.08864,0.0848,1719.24,2.525e-05,0.2673,0.1091,2.894e-06,0.05483,5.015e-06,70.33,0.7773,0.3508,2.5804,0.1634,0.5151,1.16983,67.84,0.1741,0.08517,6.707,4.536e-06,65372.37,0.238,0.08863,0.0848,1720.09,2.523e-05,0.2676,0.10896,2.89e-06,0.05482,5.006e-06,70.29,0.7774,0.3509,2.578,0.1629,0.515,1.1693,67.82,0.1741,0.08516,6.707,4.537e-06,65370.4,0.238,0.08868,0.08482,1719.28,2.52e-05,0.2675,0.10916,2.895e-06,0.05478,5.014e-06,70.29,0.7773,0.3507,2.58,0.1633,0.515,1.1697
2026-06-14 21:46:00,67.72,0.1741,0.0851,6.703,4.54e-06,65295.19,0.2377,0.08856,0.0848,1716.78,2.525e-05,0.267,0.1089,2.89e-06,0.05483,5.01e-06,70.03,0.7767,0.3504,2.578,0.1631,0.5177,1.1691,67.75,0.1741,0.0851,6.701,4.534e-06,65300.0,0.2381,0.08858,0.0848,1716.66,2.527e-05,0.2672,0.1091,2.893e-06,0.05485,5.01e-06,70.04,0.7768,0.3507,2.58,0.1633,0.5175,1.169,67.79,0.1742,0.08518,6.702,4.532e-06,65304.0,0.238,0.08857,0.08483,1716.66,2.527e-05,0.2673,0.1089,2.894e-06,0.05484,5.004e-06,70.02,0.7768,0.3503,2.578,0.1632,0.5177,1.1689,67.7,0.1741,0.0851,6.69,4.53e-06,65266.38,0.2376,0.08852,0.0846,1715.78,2.54e-05,0.267,0.109,2.89e-06,0.05481,5e-06,69.97,0.7764,0.3501,2.575,0.163,0.5176,1.1687,67.776,0.17414,0.0843,6.712,4.459e-06,65269.0,0.2376,0.088589,0.08336,1716.61,2.518e-05,0.2666,0.1088,2.891e-06,0.05476,5.015e-06,70.04,0.77754,0.355,2.5796,0.1567,0.5175,1.1686,67.6368,0.174127,0.085,6.7079,4.5102e-06,65226.79,0.2374,0.088899,0.08482,1716.53,2.524e-05,0.266,0.1089,2.886316e-06,0.0548,5e-06,70.0809,0.778,0.3469,2.5776,0.1632,0.517,1.16881,67.759,0.1742,0.0852,6.702,4.532e-06,65298.1,0.238,0.08862,0.0848,1716.52,2.522e-05,0.2676,0.1089,2.892e-06,0.05482,5.005e-06,70.03,0.7767,0.3508,2.5773,0.1631,0.5175,1.16928,67.82,0.1742,0.08515,6.707,4.535e-06,65294.32,0.2377,0.08855,0.0848,1716.77,2.525e-05,0.2672,0.10885,2.895e-06,0.05484,4.998e-06,70.03,0.7768,0.3503,2.578,0.1626,0.518,1.1689,67.78,0.1743,0.08511,6.701,4.536e-06,65307.1,0.2377,0.08854,0.08481,1716.7,2.52e-05,0.2675,0.10894,2.892e-06,0.05478,5.006e-06,70.02,0.7767,0.3505,2.579,0.1633,0.5176,1.1692
2026-06-14 21:47:00,67.78,0.1743,0.0851,6.706,4.54e-06,65348.87,0.2378,0.08857,0.0849,1719.51,2.525e-05,0.2672,0.1089,2.9e-06,0.05486,5.01e-06,70.2,0.7792,0.3506,2.579,0.163,0.5163,1.17,67.68,0.1743,0.0851,6.704,4.534e-06,65350.0,0.2378,0.08855,0.08487,1719.52,2.527e-05,0.2672,0.109,2.893e-06,0.05485,5.007e-06,70.2,0.7791,0.3507,2.58,0.163,0.5163,1.1702,67.74,0.1743,0.08516,6.707,4.535e-06,65356.1,0.2377,0.08854,0.08493,1719.57,2.527e-05,0.2672,0.1089,2.894e-06,0.05484,5.005e-06,70.21,0.7792,0.3502,2.578,0.1632,0.5166,1.1704,67.8,0.1741,0.0851,6.7,4.53e-06,65317.94,0.2373,0.08851,0.0848,1718.48,2.54e-05,0.268,0.109,2.89e-06,0.05481,5e-06,70.15,0.7789,0.3504,2.578,0.163,0.5162,1.1698,67.776,0.17432,0.0843,6.707,4.459e-06,65346.0,0.2376,0.088564,0.08336,1719.42,2.518e-05,0.2666,0.1088,2.891e-06,0.05476,5.006e-06,70.2,0.77754,0.355,2.5786,0.1567,0.5164,1.1701,67.6368,0.174265,0.085,6.711,4.5102e-06,65319.73,0.2369,0.088899,0.08462,1719.48,2.525e-05,0.2663,0.1088,2.886316e-06,0.0549,5e-06,70.0809,0.7796,0.3472,2.5786,0.1633,0.516,1.16881,67.831,0.1744,0.0852,6.704,4.537e-06,65347.9,0.238,0.08858,0.0849,1719.34,2.527e-05,0.267,0.1089,2.895e-06,0.05486,5.009e-06,70.21,0.779,0.3508,2.578,0.1631,0.5159,1.17032,67.77,0.1743,0.08516,6.701,4.534e-06,65345.52,0.2378,0.08856,0.0846,1719.79,2.525e-05,0.2673,0.10891,2.89e-06,0.05482,5.004e-06,70.19,0.7791,0.3507,2.578,0.1626,0.5166,1.1698,67.8,0.1743,0.0851,6.707,4.536e-06,65366.1,0.2377,0.08854,0.08495,1719.31,2.52e-05,0.2669,0.10889,2.894e-06,0.05482,5.008e-06,70.2,0.7791,0.3503,2.577,0.1629,0.5162,1.1704
2026-06-14 21:48:00,67.83,0.1743,0.0852,6.714,4.54e-06,65311.01,0.2381,0.08871,0.085,1718.85,2.527e-05,0.2674,0.1089,2.89e-06,0.05486,5.02e-06,70.18,0.7793,0.3512,2.579,0.1632,0.5167,1.171,67.85,0.1742,0.0852,6.714,4.54e-06,65313.34,0.238,0.0887,0.0849,1718.97,2.527e-05,0.2672,0.109,2.896e-06,0.05487,5.013e-06,70.18,0.7793,0.351,2.58,0.1632,0.5171,1.1708,67.83,0.1742,0.08523,6.715,4.541e-06,65314.9,0.238,0.0887,0.08496,1718.78,2.527e-05,0.2674,0.1089,2.899e-06,0.05486,5.015e-06,70.17,0.7794,0.3511,2.579,0.1633,0.517,1.1709,67.82,0.1742,0.0854,6.71,4.53e-06,65276.99,0.2378,0.08868,0.0847,1717.92,2.54e-05,0.268,0.109,2.89e-06,0.05484,5.01e-06,70.14,0.7795,0.3507,2.578,0.163,0.5171,1.1702,67.776,0.17426,0.0843,6.714,4.459e-06,65319.3,0.2374,0.088693,0.08336,1718.96,2.518e-05,0.2666,0.1088,2.891e-06,0.05476,5.018e-06,70.18,0.77754,0.355,2.5786,0.1567,0.5164,1.171,67.6368,0.1742,0.0851,6.7191,4.5102e-06,65289.77,0.2366,0.088899,0.08492,1718.83,2.527e-05,0.2665,0.1089,2.886316e-06,0.0549,5e-06,70.1499,0.7797,0.3476,2.5796,0.1634,0.516,1.16881,67.888,0.1743,0.0853,6.713,4.537e-06,65313.0,0.2381,0.0887,0.0849,1718.97,2.529e-05,0.267,0.1089,2.897e-06,0.05484,5.017e-06,70.19,0.7791,0.3514,2.58,0.1632,0.5169,1.17054,67.83,0.1742,0.08524,6.711,4.537e-06,65310.61,0.2381,0.08871,0.08497,1718.96,2.527e-05,0.2673,0.10891,2.896e-06,0.05488,5.011e-06,70.16,0.7792,0.3511,2.578,0.1628,0.5172,1.1707,67.83,0.1743,0.08526,6.713,4.542e-06,65303.1,0.238,0.0887,0.08496,1718.62,2.52e-05,0.2675,0.10898,2.897e-06,0.05482,5.016e-06,70.17,0.7792,0.3503,2.58,0.1629,0.5169,1.1711
2026-06-14 21:49:00,67.96,0.1744,0.0857,6.727,4.56e-06,65412.0,0.2381,0.0888,0.0849,1724.08,2.53e-05,0.268,0.1092,2.89e-06,0.05491,5.01e-06,70.38,0.7819,0.3511,2.59,0.1634,0.5189,1.1734,67.98,0.1744,0.0856,6.725,4.548e-06,65410.0,0.238,0.0888,0.08493,1724.21,2.527e-05,0.2681,0.109,2.899e-06,0.0549,5.013e-06,70.37,0.782,0.351,2.591,0.1635,0.5184,1.1727,67.97,0.1745,0.08563,6.727,4.555e-06,65419.3,0.2382,0.08878,0.08496,1724.25,2.527e-05,0.2678,0.1091,2.9e-06,0.0549,5.014e-06,70.38,0.782,0.3511,2.589,0.1636,0.5188,1.173,67.94,0.1747,0.0859,6.71,4.55e-06,65371.8,0.2378,0.08875,0.0851,1722.98,2.54e-05,0.268,0.109,2.89e-06,0.05488,5.01e-06,70.31,0.7817,0.3507,2.588,0.163,0.5184,1.1721,67.776,0.17446,0.0857,6.726,4.459e-06,65407.94,0.2374,0.088702,0.08336,1724.13,2.518e-05,0.2666,0.1088,2.891e-06,0.0549,5.018e-06,70.36,0.78224,0.355,2.5786,0.1567,0.5164,1.1731,67.6368,0.174315,0.0855,6.7343,4.5306e-06,65388.47,0.2375,0.088899,0.08482,1723.37,2.529e-05,0.2667,0.1091,2.886316e-06,0.0549,5e-06,70.3076,0.7831,0.3476,2.5897,0.1636,0.517,1.17167,67.973,0.1744,0.0857,6.725,4.552e-06,65407.1,0.2382,0.0888,0.0849,1723.84,2.53e-05,0.267,0.1089,2.898e-06,0.0549,5.017e-06,70.37,0.7818,0.3514,2.5909,0.1637,0.5186,1.17305,67.84,0.1745,0.0856,6.726,4.551e-06,65400.0,0.238,0.0888,0.08487,1724.0,2.529e-05,0.2682,0.10898,2.895e-06,0.05487,5.009e-06,70.35,0.782,0.3511,2.583,0.1632,0.5168,1.1732,67.98,0.1746,0.08573,6.725,4.555e-06,65416.1,0.238,0.08879,0.08488,1724.17,2.52e-05,0.2681,0.10919,2.899e-06,0.05491,5.014e-06,70.37,0.7819,0.3511,2.59,0.1635,0.5188,1.1734
2026-06-14 21:57:00,67.95,0.1751,0.0857,6.725,4.57e-06,65423.48,0.2361,0.08876,0.0842,1723.5,2.536e-05,0.2694,0.1088,2.9e-06,0.055,5.01e-06,70.37,0.7882,0.3504,2.587,0.164,0.516,1.1722,67.92,0.1751,0.086,6.729,4.576e-06,65421.57,0.2362,0.08876,0.08424,1723.5,2.539e-05,0.27,0.1089,2.906e-06,0.05504,5.015e-06,70.37,0.7881,0.3509,2.588,0.1641,0.5159,1.1722,67.94,0.175,0.08572,6.726,4.572e-06,65422.9,0.2364,0.08876,0.08429,1723.44,2.537e-05,0.2694,0.1088,2.901e-06,0.05505,5.015e-06,70.37,0.7883,0.3509,2.587,0.1641,0.5159,1.1722,67.93,0.1749,0.0858,6.72,4.56e-06,65385.78,0.2358,0.08871,0.0842,1722.54,2.53e-05,0.268,0.109,2.89e-06,0.05498,5.01e-06,70.33,0.7879,0.3499,2.582,0.164,0.5161,1.1717,68.086,0.17515,0.0858,6.726,4.578e-06,65418.19,0.2371,0.088743,0.08425,1723.35,2.539e-05,0.2697,0.1088,2.903e-06,0.05498,5.023e-06,70.36,0.78824,0.355,2.5786,0.1567,0.5158,1.1724,68.1159,0.175215,0.0856,6.7349,4.5714e-06,65429.93,0.236,0.089109,0.08423,1724.67,2.537e-05,0.2683,0.1088,2.9e-06,0.055,5.01e-06,70.2952,0.7893,0.3467,2.5881,0.164,0.515,1.1724,67.925,0.175,0.0857,6.726,4.572e-06,65420.6,0.2366,0.08877,0.0843,1723.46,2.544e-05,0.2697,0.1093,2.901e-06,0.05499,5.012e-06,70.37,0.7882,0.3505,2.5862,0.1642,0.5158,1.17243,67.94,0.1751,0.08577,6.734,4.576e-06,65430.0,0.236,0.08877,0.08422,1723.93,2.538e-05,0.2698,0.1089,2.9e-06,0.05498,5.009e-06,70.38,0.7883,0.3503,2.588,0.1636,0.5157,1.172,67.99,0.175,0.08573,6.727,4.578e-06,65425.8,0.2363,0.08873,0.08428,1723.54,2.54e-05,0.2699,0.10887,2.9e-06,0.0551,5.014e-06,70.36,0.7881,0.3502,2.589,0.1643,0.516,1.1722
2026-06-14 22:31:00,67.92,0.1757,0.0853,6.72,4.55e-06,65200.0,0.2349,0.08835,0.0844,1720.12,2.524e-05,0.2684,0.1086,2.89e-06,0.05499,5.01e-06,70.19,0.7831,0.3497,2.574,0.1629,0.5157,1.173,67.93,0.1757,0.0853,6.724,4.559e-06,65196.0,0.2351,0.08836,0.0844,1720.01,2.523e-05,0.2687,0.1086,2.887e-06,0.05504,5.005e-06,70.2,0.7832,0.3499,2.575,0.163,0.5157,1.1732,67.93,0.1756,0.08533,6.72,4.55e-06,65193.0,0.2349,0.08837,0.08436,1720.15,2.527e-05,0.2686,0.1087,2.886e-06,0.05506,5.004e-06,70.19,0.7832,0.3498,2.574,0.1631,0.5158,1.1729,67.88,0.1756,0.0853,6.72,4.55e-06,65159.18,0.2347,0.08831,0.0844,1719.18,2.52e-05,0.268,0.109,2.88e-06,0.055,5e-06,70.15,0.783,0.3497,2.572,0.163,0.5158,1.1722,67.647,0.17566,0.0854,6.731,4.521e-06,65199.0,0.2347,0.0884,0.08425,1719.82,2.514e-05,0.2684,0.1085,2.89e-06,0.05477,5.002e-06,70.2,0.78471,0.355,2.5714,0.1624,0.5169,1.1729,68.098,0.175782,0.0853,6.7307,4.551e-06,65192.61,0.2355,0.088222,0.08443,1720.77,2.527e-05,0.2664,0.1086,2.88632e-06,0.055,5e-06,70.1674,0.7848,0.3464,2.5778,0.1631,0.516,1.17198,67.94,0.1757,0.0854,6.723,4.55e-06,65189.6,0.2356,0.08839,0.0844,1720.32,2.525e-05,0.2684,0.1088,2.885e-06,0.055,5.003e-06,70.2,0.7838,0.3498,2.5745,0.1629,0.5157,1.17348,67.99,0.1757,0.08542,6.737,4.554e-06,65210.0,0.2349,0.08838,0.08455,1721.0,2.524e-05,0.2684,0.10891,2.89e-06,0.05503,5.004e-06,70.21,0.7836,0.3499,2.573,0.1627,0.5172,1.1729,68.0,0.1757,0.08535,6.722,4.561e-06,65191.3,0.235,0.08835,0.08439,1720.31,2.52e-05,0.2685,0.10863,2.884e-06,0.05504,5.002e-06,70.19,0.783,0.3498,2.574,0.1631,0.5157,1.173
2026-06-14 22:32:00,67.9,0.1755,0.0853,6.718,4.55e-06,65200.0,0.2346,0.08832,0.0843,1719.43,2.52e-05,0.2679,0.1085,2.89e-06,0.05507,5e-06,70.19,0.7823,0.3497,2.572,0.1627,0.5158,1.1726,67.98,0.1755,0.0853,6.717,4.55e-06,65197.32,0.2344,0.0883,0.08428,1719.47,2.523e-05,0.2678,0.1084,2.881e-06,0.05503,4.999e-06,70.18,0.7821,0.3496,2.571,0.1627,0.5156,1.1719,67.89,0.1755,0.08526,6.719,4.545e-06,65198.3,0.2347,0.0883,0.08437,1719.54,2.527e-05,0.2677,0.1085,2.884e-06,0.05505,5e-06,70.19,0.7822,0.3497,2.571,0.1626,0.5158,1.1726,67.86,0.1754,0.0853,6.72,4.55e-06,65165.52,0.2347,0.08826,0.0843,1718.43,2.52e-05,0.268,0.109,2.88e-06,0.05501,4.99e-06,70.13,0.7821,0.3494,2.572,0.163,0.5156,1.172,67.977,0.1755,0.0854,6.719,4.521e-06,65200.0,0.2347,0.088306,0.08425,1719.4,2.514e-05,0.2684,0.1085,2.89e-06,0.05477,5.002e-06,70.17,0.78294,0.355,2.5714,0.1624,0.5169,1.1721,68.098,0.175601,0.0851,6.7258,4.551e-06,65169.99,0.2353,0.088222,0.08433,1719.48,2.522e-05,0.2658,0.1086,2.88632e-06,0.055,5e-06,70.1424,0.7846,0.3462,2.5778,0.1628,0.515,1.17198,67.928,0.1754,0.0854,6.717,4.55e-06,65190.5,0.2356,0.0883,0.0843,1719.5,2.525e-05,0.2681,0.1088,2.881e-06,0.05507,5.001e-06,70.17,0.7824,0.3496,2.5724,0.1626,0.5158,1.17226,67.98,0.1754,0.08529,6.721,4.544e-06,65208.6,0.2344,0.08832,0.08437,1719.46,2.52e-05,0.2678,0.10856,2.881e-06,0.05496,5e-06,70.18,0.782,0.3499,2.571,0.1623,0.5153,1.1723,67.9,0.1755,0.08536,6.717,4.551e-06,65199.6,0.2344,0.0883,0.0843,1719.58,2.521e-05,0.2679,0.10848,2.884e-06,0.05503,4.999e-06,70.18,0.7823,0.3497,2.572,0.1631,0.5156,1.1725
2026-06-14 22:33:00,67.89,0.1756,0.0853,6.706,4.55e-06,65198.0,0.2345,0.08826,0.0841,1718.75,2.518e-05,0.2675,0.1084,2.88e-06,0.05501,5e-06,70.17,0.782,0.3494,2.572,0.1626,0.516,1.1724,67.98,0.1755,0.0853,6.708,4.55e-06,65195.0,0.2348,0.08823,0.08431,1718.73,2.523e-05,0.2675,0.1084,2.879e-06,0.05509,4.999e-06,70.18,0.7819,0.3493,2.572,0.1626,0.5159,1.1725,67.9,0.1755,0.08529,6.707,4.547e-06,65197.5,0.2346,0.08826,0.08417,1718.83,2.527e-05,0.2674,0.1084,2.882e-06,0.05502,5e-06,70.15,0.782,0.3494,2.572,0.1626,0.5159,1.1723,67.84,0.1754,0.0853,6.7,4.55e-06,65161.43,0.2347,0.08818,0.0841,1717.9,2.52e-05,0.268,0.109,2.88e-06,0.05493,4.99e-06,70.15,0.7816,0.3491,2.57,0.163,0.5158,1.1717,67.977,0.17558,0.0854,6.711,4.521e-06,65203.56,0.2347,0.088262,0.08425,1718.54,2.514e-05,0.2684,0.1085,2.89e-06,0.05477,5.002e-06,70.18,0.78156,0.355,2.5714,0.1624,0.5169,1.1725,68.098,0.175689,0.0851,6.7139,4.551e-06,65190.46,0.2353,0.088222,0.08426,1718.54,2.521e-05,0.2655,0.1084,2.878754e-06,0.0551,4.99e-06,70.1174,0.7846,0.3458,2.5747,0.1629,0.516,1.17198,67.91,0.1756,0.0853,6.707,4.553e-06,65193.9,0.2348,0.08825,0.0842,1718.73,2.525e-05,0.2681,0.1085,2.879e-06,0.05502,4.998e-06,70.16,0.7822,0.3493,2.5718,0.1625,0.516,1.17247,67.96,0.1756,0.08542,6.713,4.549e-06,65203.46,0.2346,0.08826,0.08438,1718.93,2.518e-05,0.2676,0.10856,2.881e-06,0.05506,5e-06,70.18,0.7814,0.3496,2.574,0.1623,0.5153,1.1723,67.89,0.1755,0.0853,6.708,4.548e-06,65195.5,0.2347,0.08824,0.08416,1718.86,2.521e-05,0.2676,0.10843,2.88e-06,0.05501,4.997e-06,70.18,0.7819,0.3495,2.572,0.1629,0.516,1.1722
2026-06-14 22:34:00,67.98,0.176,0.0853,6.715,4.55e-06,65273.47,0.2349,0.08835,0.0844,1720.73,2.52e-05,0.2679,0.1085,2.89e-06,0.05506,5e-06,70.28,0.7836,0.3498,2.578,0.1628,0.5164,1.1741,67.96,0.1759,0.0853,6.715,4.55e-06,65274.18,0.2349,0.08829,0.08442,1720.61,2.519e-05,0.268,0.1084,2.883e-06,0.05504,4.998e-06,70.27,0.7836,0.3497,2.578,0.1628,0.5162,1.1739,67.96,0.1759,0.08535,6.717,4.554e-06,65276.0,0.2349,0.08834,0.08439,1720.74,2.527e-05,0.2678,0.1084,2.885e-06,0.05506,5.002e-06,70.28,0.7836,0.3498,2.578,0.1629,0.5163,1.1737,68.0,0.1758,0.0853,6.71,4.56e-06,65240.76,0.2347,0.0883,0.0844,1719.58,2.52e-05,0.268,0.109,2.88e-06,0.05503,5e-06,70.24,0.7832,0.3495,2.577,0.163,0.5165,1.1737,67.977,0.17588,0.0854,6.713,4.521e-06,65277.59,0.2347,0.088325,0.08425,1720.61,2.514e-05,0.2684,0.1085,2.883e-06,0.05477,5.002e-06,70.26,0.78267,0.355,2.5714,0.1624,0.5169,1.1742,68.098,0.17578,0.0852,6.7241,4.551e-06,65265.99,0.2353,0.088222,0.08426,1720.88,2.521e-05,0.2659,0.1084,2.878754e-06,0.0552,4.99e-06,70.1174,0.7847,0.3462,2.5785,0.1629,0.516,1.17319,67.99,0.176,0.0853,6.715,4.554e-06,65272.2,0.2348,0.08836,0.0844,1720.62,2.52e-05,0.2675,0.1085,2.883e-06,0.05505,5.003e-06,70.26,0.7834,0.3497,2.5775,0.1628,0.5163,1.17428,67.96,0.176,0.08541,6.712,4.553e-06,65276.82,0.235,0.08835,0.08439,1720.72,2.52e-05,0.268,0.10853,2.88e-06,0.05502,5e-06,70.27,0.7814,0.35,2.575,0.1625,0.5158,1.1741,67.98,0.1759,0.08534,6.715,4.552e-06,65275.3,0.2346,0.08835,0.08436,1720.8,2.521e-05,0.2675,0.10845,2.884e-06,0.05505,5.002e-06,70.27,0.7835,0.3497,2.578,0.1629,0.5165,1.1741
2026-06-14 22:35:00,68.12,0.1765,0.0856,6.735,4.57e-06,65358.01,0.2352,0.08852,0.0847,1723.32,2.526e-05,0.2687,0.1087,2.9e-06,0.05514,5.02e-06,70.44,0.7865,0.3508,2.586,0.1631,0.5188,1.1762,68.09,0.1766,0.0855,6.735,4.55e-06,65357.4,0.2349,0.0885,0.08476,1723.24,2.519e-05,0.2686,0.1087,2.891e-06,0.05514,5.008e-06,70.44,0.7864,0.3504,2.584,0.1631,0.5189,1.1761,68.12,0.1765,0.08564,6.735,4.569e-06,65358.3,0.2354,0.08849,0.0848,1723.34,2.528e-05,0.2682,0.1087,2.892e-06,0.05514,5.01e-06,70.45,0.7864,0.3509,2.587,0.1631,0.5185,1.1762,68.1,0.1764,0.0856,6.73,4.56e-06,65316.59,0.2354,0.08844,0.0847,1722.07,2.52e-05,0.27,0.109,2.88e-06,0.0551,5e-06,70.4,0.786,0.3505,2.585,0.163,0.5188,1.1753,67.977,0.17659,0.0854,6.736,4.521e-06,65360.83,0.2347,0.088466,0.08425,1723.18,2.514e-05,0.2684,0.1085,2.883e-06,0.05506,5.002e-06,70.46,0.78605,0.355,2.5714,0.1624,0.5169,1.1763,67.998,0.176682,0.0855,6.744,4.551e-06,65338.02,0.2354,0.088222,0.08474,1723.16,2.527e-05,0.2665,0.1087,2.879973e-06,0.0552,5.01e-06,70.3373,0.7885,0.3472,2.586,0.1633,0.518,1.17551,68.117,0.1766,0.0854,6.735,4.568e-06,65355.1,0.2353,0.08852,0.0848,1723.29,2.52e-05,0.2675,0.1087,2.89e-06,0.05515,5.013e-06,70.45,0.7864,0.3507,2.5866,0.1631,0.5184,1.17609,68.09,0.1766,0.0855,6.727,4.572e-06,65360.0,0.2352,0.08851,0.0848,1723.44,2.526e-05,0.2683,0.10872,2.889e-06,0.0551,5.011e-06,70.45,0.7862,0.3505,2.582,0.1627,0.5187,1.1763,68.11,0.1766,0.0856,6.735,4.568e-06,65354.2,0.2352,0.0885,0.0847,1723.24,2.521e-05,0.2684,0.10875,2.891e-06,0.05508,5.012e-06,70.44,0.7865,0.3508,2.586,0.1629,0.5189,1.1762
2026-06-14 22:36:00,68.13,0.1766,0.0856,6.737,4.57e-06,65397.34,0.2356,0.08857,0.0847,1723.95,2.526e-05,0.269,0.1087,2.9e-06,0.05516,5.02e-06,70.42,0.7864,0.3501,2.585,0.1633,0.5172,1.1749,68.16,0.1766,0.0855,6.736,4.55e-06,65394.46,0.2355,0.08856,0.08471,1723.83,2.519e-05,0.2692,0.1087,2.893e-06,0.05515,5.013e-06,70.42,0.7863,0.3502,2.586,0.1632,0.5169,1.1749,68.14,0.1765,0.08565,6.737,4.57e-06,65390.6,0.236,0.08857,0.08466,1723.94,2.528e-05,0.2689,0.1087,2.895e-06,0.05514,5.01e-06,70.43,0.7866,0.35,2.585,0.1633,0.5174,1.1751,68.13,0.1764,0.0856,6.73,4.57e-06,65358.01,0.2354,0.08851,0.0846,1722.8,2.52e-05,0.27,0.109,2.89e-06,0.05517,5.01e-06,70.39,0.7862,0.3498,2.584,0.163,0.517,1.1743,67.977,0.17659,0.0854,6.739,4.521e-06,65401.82,0.2347,0.088594,0.08425,1723.65,2.514e-05,0.2684,0.1085,2.894e-06,0.05506,5.002e-06,70.42,0.78701,0.355,2.5714,0.1624,0.5169,1.1749,67.998,0.176642,0.0855,6.745,4.551e-06,65380.0,0.2355,0.088648,0.08466,1724.15,2.528e-05,0.2671,0.1086,2.879973e-06,0.0553,5.01e-06,70.3931,0.7891,0.3465,2.5856,0.1633,0.517,1.17571,68.161,0.1766,0.0857,6.735,4.569e-06,65395.0,0.2356,0.08858,0.0847,1723.89,2.52e-05,0.2688,0.1088,2.895e-06,0.05516,5.014e-06,70.43,0.7869,0.3501,2.5847,0.1633,0.5168,1.1753,68.09,0.1766,0.0856,6.737,4.574e-06,65401.54,0.2356,0.08857,0.08471,1724.07,2.526e-05,0.2691,0.10876,2.896e-06,0.05505,5.015e-06,70.43,0.7872,0.35,2.588,0.163,0.5175,1.1748,68.14,0.1766,0.08566,6.737,4.568e-06,65394.9,0.2357,0.08857,0.08465,1723.86,2.521e-05,0.269,0.10875,2.894e-06,0.05515,5.014e-06,70.43,0.7862,0.3505,2.585,0.1633,0.5171,1.175
2026-06-14 23:01:00,67.79,0.1751,0.0851,6.717,4.57e-06,65398.01,0.2354,0.08835,0.0841,1721.76,2.518e-05,0.2671,0.1081,2.88e-06,0.0548,5e-06,70.42,0.7861,0.3484,2.578,0.1625,0.521,1.1735,67.81,0.1751,0.0851,6.719,4.57e-06,65395.46,0.2347,0.08837,0.0841,1721.71,2.523e-05,0.2674,0.1079,2.885e-06,0.0548,4.999e-06,70.42,0.786,0.3484,2.578,0.1626,0.5209,1.1735,67.79,0.1751,0.08506,6.72,4.57e-06,65397.5,0.2356,0.08835,0.08409,1721.88,2.521e-05,0.2671,0.1081,2.887e-06,0.05482,4.999e-06,70.41,0.7861,0.3484,2.579,0.1627,0.5209,1.1733,67.74,0.175,0.085,6.72,4.57e-06,65359.7,0.2353,0.0883,0.084,1720.74,2.53e-05,0.266,0.108,2.89e-06,0.0548,5e-06,70.37,0.7857,0.3479,2.575,0.162,0.5207,1.1729,67.824,0.17516,0.0852,6.722,4.521e-06,65402.0,0.2347,0.088337,0.08425,1721.89,2.522e-05,0.268,0.1083,2.883e-06,0.05479,5e-06,70.42,0.78615,0.355,2.5824,0.1624,0.5212,1.1734,67.809,0.175069,0.0849,6.7254,4.5844e-06,65387.21,0.2349,0.088517,0.08408,1721.88,2.52e-05,0.2659,0.108,2.886446e-06,0.0549,5e-06,70.2978,0.789,0.3455,2.5783,0.163,0.52,1.17573,67.773,0.1751,0.0851,6.72,4.571e-06,65394.4,0.2355,0.08837,0.0841,1721.91,2.519e-05,0.2672,0.108,2.886e-06,0.0548,5e-06,70.41,0.7862,0.3494,2.5779,0.1627,0.5207,1.17358,67.76,0.1751,0.08506,6.717,4.572e-06,65398.14,0.2354,0.08834,0.0841,1721.89,2.518e-05,0.2672,0.108,2.884e-06,0.05479,5.001e-06,70.42,0.7856,0.3483,2.578,0.1626,0.52,1.1735,67.8,0.1751,0.08505,6.72,4.572e-06,65397.0,0.2355,0.08835,0.0841,1721.77,2.52e-05,0.2671,0.10811,2.886e-06,0.05482,4.999e-06,70.41,0.7861,0.3483,2.578,0.1627,0.521,1.1735
2026-06-14 23:02:00,67.73,0.1748,0.0849,6.713,4.57e-06,65364.0,0.2351,0.0883,0.0839,1721.04,2.518e-05,0.2669,0.108,2.89e-06,0.05473,5e-06,70.36,0.7852,0.3481,2.573,0.1624,0.5216,1.1725,67.69,0.1747,0.085,6.714,4.57e-06,65364.23,0.2351,0.08829,0.08391,1721.1,2.523e-05,0.2674,0.1079,2.883e-06,0.0548,4.999e-06,70.36,0.7851,0.348,2.573,0.1625,0.5217,1.1722,67.71,0.1748,0.08496,6.714,4.564e-06,65366.6,0.2351,0.08828,0.08388,1721.29,2.521e-05,0.2668,0.108,2.884e-06,0.05471,4.998e-06,70.35,0.785,0.348,2.574,0.1624,0.5216,1.1725,67.72,0.1746,0.0849,6.71,4.57e-06,65329.64,0.2348,0.08824,0.0839,1720.1,2.53e-05,0.266,0.108,2.89e-06,0.05477,5e-06,70.31,0.7848,0.3478,2.571,0.162,0.5214,1.1719,67.824,0.17472,0.0852,6.713,4.521e-06,65360.97,0.2347,0.088286,0.08425,1721.0,2.522e-05,0.268,0.1083,2.883e-06,0.05472,5e-06,70.35,0.78615,0.355,2.5824,0.1624,0.5217,1.1724,67.809,0.174832,0.0848,6.7203,4.5844e-06,65347.88,0.2346,0.088517,0.08412,1721.27,2.521e-05,0.2652,0.108,2.886446e-06,0.0548,5e-06,70.2624,0.7866,0.3452,2.5783,0.1624,0.52,1.17573,67.755,0.1747,0.085,6.712,4.567e-06,65350.7,0.235,0.08832,0.0839,1721.06,2.519e-05,0.2671,0.108,2.882e-06,0.05471,4.998e-06,70.32,0.7852,0.3494,2.5742,0.1625,0.5217,1.17244,67.77,0.1746,0.08498,6.713,4.567e-06,65359.71,0.2349,0.0883,0.08399,1721.01,2.519e-05,0.2669,0.10804,2.884e-06,0.05477,4.998e-06,70.36,0.7853,0.3479,2.574,0.1623,0.5215,1.1726,67.71,0.1747,0.08497,6.714,4.566e-06,65366.1,0.2349,0.08829,0.08392,1721.22,2.52e-05,0.267,0.10803,2.882e-06,0.05473,4.998e-06,70.36,0.7849,0.348,2.574,0.1625,0.5216,1.1725
2026-06-14 23:04:00,67.62,0.1741,0.0849,6.704,4.56e-06,65298.99,0.2342,0.0882,0.0837,1718.58,2.514e-05,0.2661,0.1079,2.87e-06,0.05467,4.99e-06,70.23,0.7817,0.3471,2.569,0.1621,0.5211,1.1696,67.61,0.1742,0.0848,6.704,4.56e-06,65297.04,0.2342,0.08819,0.08374,1718.66,2.523e-05,0.2664,0.1081,2.877e-06,0.05468,4.999e-06,70.22,0.7817,0.3473,2.568,0.1623,0.521,1.1695,67.6,0.1742,0.08483,6.706,4.56e-06,65303.4,0.2344,0.08818,0.08371,1718.8,2.517e-05,0.2661,0.1079,2.879e-06,0.05468,4.993e-06,70.23,0.7817,0.347,2.569,0.1622,0.5209,1.1698,67.54,0.1741,0.0848,6.7,4.57e-06,65262.15,0.2343,0.08816,0.0837,1717.71,2.53e-05,0.266,0.108,2.87e-06,0.05466,4.99e-06,70.19,0.7814,0.3469,2.567,0.162,0.5207,1.1689,67.824,0.1742,0.0849,6.703,4.521e-06,65297.48,0.2347,0.088186,0.08425,1718.65,2.522e-05,0.268,0.1083,2.883e-06,0.05472,5e-06,70.22,0.782,0.355,2.5824,0.1624,0.5214,1.1696,67.809,0.174141,0.0847,6.7122,4.5844e-06,65292.54,0.2344,0.08839,0.08383,1718.83,2.523e-05,0.2644,0.1078,2.877777e-06,0.0548,5e-06,70.4134,0.785,0.3448,2.5702,0.1627,0.52,1.16969,67.628,0.1742,0.0848,6.704,4.565e-06,65297.9,0.2344,0.08819,0.0838,1718.63,2.519e-05,0.2663,0.1079,2.878e-06,0.05467,4.993e-06,70.22,0.7818,0.347,2.5692,0.1621,0.5213,1.16959,67.61,0.1741,0.0848,6.702,4.557e-06,65300.59,0.2343,0.08819,0.08386,1718.86,2.516e-05,0.2663,0.10812,2.878e-06,0.05463,4.997e-06,70.23,0.7817,0.3469,2.57,0.162,0.5208,1.1697,67.62,0.1742,0.0848,6.705,4.562e-06,65302.0,0.2343,0.0882,0.08374,1718.75,2.52e-05,0.2661,0.10792,2.877e-06,0.05468,4.99e-06,70.23,0.7817,0.347,2.568,0.1621,0.521,1.1697
2026-06-14 23:05:00,67.54,0.174,0.0847,6.702,4.57e-06,65264.01,0.2344,0.08816,0.0838,1717.01,2.516e-05,0.2661,0.1079,2.87e-06,0.05468,4.99e-06,70.17,0.7813,0.3472,2.568,0.1621,0.5182,1.1697,67.55,0.174,0.0848,6.703,4.569e-06,65266.0,0.2342,0.08815,0.0838,1717.01,2.515e-05,0.2664,0.1081,2.877e-06,0.0547,4.993e-06,70.19,0.7813,0.3473,2.568,0.1621,0.5183,1.1698,67.57,0.174,0.08479,6.703,4.565e-06,65271.4,0.2345,0.08816,0.08376,1717.03,2.517e-05,0.2661,0.1079,2.878e-06,0.05469,4.993e-06,70.2,0.7816,0.3471,2.568,0.1622,0.5179,1.1698,67.52,0.1739,0.0848,6.7,4.57e-06,65227.39,0.2343,0.0881,0.0837,1716.05,2.53e-05,0.266,0.108,2.88e-06,0.05476,4.99e-06,70.13,0.7813,0.3469,2.567,0.162,0.518,1.1689,67.824,0.174,0.0848,6.702,4.521e-06,65272.67,0.2347,0.088166,0.08425,1717.0,2.522e-05,0.268,0.1083,2.883e-06,0.05472,5e-06,70.18,0.78126,0.355,2.5824,0.1624,0.5181,1.1695,67.809,0.173989,0.0846,6.7112,4.5844e-06,65285.64,0.2345,0.08839,0.08392,1717.74,2.517e-05,0.2644,0.1079,2.877777e-06,0.0548,4.99e-06,70.0681,0.7833,0.3443,2.5692,0.1622,0.518,1.16969,67.55,0.174,0.0848,6.702,4.573e-06,65264.3,0.2344,0.08814,0.0838,1716.99,2.514e-05,0.2663,0.1079,2.878e-06,0.05468,4.994e-06,70.2,0.7814,0.3472,2.568,0.1621,0.5185,1.16958,67.56,0.174,0.0848,6.705,4.565e-06,65265.53,0.2344,0.08816,0.08379,1717.2,2.516e-05,0.2661,0.1079,2.876e-06,0.05466,4.991e-06,70.18,0.7811,0.347,2.566,0.162,0.5194,1.1698,67.55,0.1741,0.08478,6.706,4.569e-06,65272.8,0.2344,0.08816,0.08377,1716.94,2.52e-05,0.2662,0.10787,2.877e-06,0.05469,4.99e-06,70.2,0.7816,0.3471,2.568,0.1619,0.5183,1.1698
2026-06-14 23:06:00,67.62,0.1745,0.0849,6.713,4.57e-06,65343.99,0.2347,0.08827,0.0838,1719.3,2.519e-05,0.2665,0.1082,2.88e-06,0.05475,5.01e-06,70.33,0.7832,0.3479,2.572,0.1625,0.5204,1.1719,67.6,0.1745,0.0847,6.712,4.569e-06,65345.81,0.2343,0.08826,0.08388,1719.23,2.515e-05,0.2666,0.1081,2.876e-06,0.0547,4.997e-06,70.34,0.7831,0.3478,2.571,0.1624,0.5205,1.1716,67.63,0.1746,0.08485,6.714,4.57e-06,65349.8,0.2348,0.08824,0.08387,1719.3,2.517e-05,0.2665,0.108,2.885e-06,0.05473,4.994e-06,70.33,0.7831,0.3478,2.572,0.1625,0.5201,1.172,67.6,0.1745,0.0848,6.71,4.57e-06,65309.02,0.2343,0.08821,0.0838,1718.39,2.53e-05,0.267,0.109,2.88e-06,0.05476,5e-06,70.3,0.783,0.3477,2.571,0.163,0.5202,1.1713,67.824,0.17451,0.0848,6.714,4.521e-06,65342.88,0.2347,0.088244,0.08425,1719.19,2.522e-05,0.268,0.1083,2.883e-06,0.05472,5e-06,70.33,0.78306,0.355,2.5664,0.1624,0.5181,1.1717,67.809,0.174566,0.0847,6.7211,4.5844e-06,65338.34,0.2345,0.08839,0.08384,1719.25,2.521e-05,0.2651,0.1081,2.87992e-06,0.0548,4.99e-06,70.1125,0.7864,0.345,2.5732,0.1623,0.519,1.16969,67.624,0.1745,0.0848,6.711,4.57e-06,65342.8,0.2348,0.08822,0.0838,1719.21,2.514e-05,0.2663,0.1079,2.882e-06,0.05476,5.001e-06,70.32,0.7831,0.3472,2.5724,0.1625,0.5204,1.17192,67.53,0.1745,0.08489,6.706,4.572e-06,65348.12,0.2346,0.08827,0.0838,1719.19,2.519e-05,0.2662,0.10812,2.882e-06,0.05471,5.001e-06,70.33,0.7829,0.3477,2.568,0.1623,0.5203,1.172,67.67,0.1745,0.08484,6.713,4.565e-06,65345.6,0.2346,0.08825,0.08388,1719.22,2.52e-05,0.2664,0.10823,2.884e-06,0.05477,4.998e-06,70.33,0.7831,0.3477,2.572,0.1619,0.5205,1.172
2026-06-14 23:19:00,67.82,0.1765,0.0851,6.73,4.59e-06,65560.94,0.2353,0.08848,0.0839,1722.35,2.53e-05,0.267,0.1081,2.89e-06,0.0549,5.01e-06,70.5,0.7872,0.3481,2.575,0.1628,0.5187,1.1745,67.85,0.1765,0.0852,6.73,4.589e-06,65558.52,0.2355,0.0885,0.08408,1722.31,2.532e-05,0.2664,0.1083,2.892e-06,0.05493,5.009e-06,70.5,0.7871,0.3482,2.575,0.1629,0.5189,1.1746,67.85,0.1765,0.08514,6.732,4.584e-06,65562.5,0.2354,0.08848,0.08387,1722.39,2.526e-05,0.2672,0.1081,2.893e-06,0.05494,5.01e-06,70.51,0.787,0.3481,2.575,0.1629,0.5186,1.1745,67.87,0.1763,0.0851,6.73,4.58e-06,65521.88,0.2353,0.08842,0.0839,1721.33,2.53e-05,0.267,0.108,2.89e-06,0.05491,5.01e-06,70.47,0.7871,0.3482,2.574,0.163,0.5186,1.1738,67.824,0.17651,0.085,6.741,4.521e-06,65568.22,0.2347,0.088526,0.08425,1722.33,2.522e-05,0.2677,0.1083,2.899e-06,0.05472,5.011e-06,70.51,0.78736,0.355,2.5664,0.1628,0.5191,1.1746,67.878,0.17644,0.085,6.7373,4.5844e-06,65550.18,0.235,0.088905,0.08426,1722.5,2.529e-05,0.2657,0.108,2.89788e-06,0.0553,5.01e-06,70.6808,0.789,0.3452,2.5745,0.1639,0.518,1.17459,67.823,0.1765,0.0852,6.728,4.59e-06,65560.3,0.2356,0.08848,0.0839,1722.26,2.528e-05,0.2679,0.1083,2.893e-06,0.0549,5.009e-06,70.5,0.7872,0.3485,2.5745,0.1628,0.519,1.17474,67.85,0.1765,0.08515,6.73,4.591e-06,65559.78,0.2353,0.08849,0.084,1722.3,2.53e-05,0.2671,0.10805,2.894e-06,0.05489,5.008e-06,70.51,0.7872,0.3482,2.574,0.1626,0.5198,1.1743,67.84,0.1765,0.0851,6.733,4.586e-06,65558.5,0.2357,0.08848,0.08388,1722.36,2.53e-05,0.2671,0.10807,2.892e-06,0.05494,5.008e-06,70.51,0.7871,0.348,2.574,0.1629,0.5187,1.1744
2026-06-14 23:20:00,67.83,0.1764,0.0852,6.729,4.58e-06,65536.0,0.2353,0.08852,0.0838,1721.81,2.529e-05,0.2669,0.1081,2.89e-06,0.05495,5.01e-06,70.52,0.7871,0.3482,2.573,0.1628,0.5184,1.1749,67.86,0.1764,0.0851,6.729,4.58e-06,65535.0,0.2355,0.08849,0.0839,1721.8,2.532e-05,0.2672,0.1083,2.893e-06,0.05492,5.01e-06,70.51,0.7871,0.3482,2.575,0.1629,0.5185,1.1743,67.82,0.1764,0.0852,6.727,4.579e-06,65541.6,0.2354,0.08846,0.08383,1721.86,2.526e-05,0.2669,0.1081,2.894e-06,0.05494,5.01e-06,70.5,0.7872,0.3481,2.573,0.1628,0.5181,1.1748,67.78,0.1763,0.0851,6.72,4.58e-06,65504.42,0.2353,0.08849,0.0838,1720.65,2.53e-05,0.267,0.108,2.89e-06,0.05499,5.01e-06,70.48,0.7868,0.3481,2.572,0.163,0.5184,1.174,67.824,0.17643,0.085,6.726,4.521e-06,65539.99,0.2347,0.088492,0.08425,1721.7,2.522e-05,0.2677,0.1083,2.899e-06,0.05472,5.011e-06,70.51,0.78764,0.355,2.5664,0.1628,0.5191,1.1747,67.878,0.176416,0.085,6.7353,4.5844e-06,65528.26,0.235,0.088905,0.08407,1722.07,2.53e-05,0.2655,0.1081,2.89788e-06,0.0554,5.01e-06,70.6808,0.7902,0.3452,2.5725,0.1629,0.518,1.17459,67.821,0.1764,0.0852,6.729,4.58e-06,65537.8,0.2356,0.08853,0.0839,1721.86,2.528e-05,0.2679,0.1081,2.893e-06,0.05492,5.011e-06,70.51,0.7871,0.3483,2.5719,0.1627,0.5186,1.17481,67.87,0.1764,0.08517,6.729,4.579e-06,65543.55,0.2353,0.08853,0.0839,1721.9,2.53e-05,0.2669,0.10811,2.89e-06,0.0549,5.011e-06,70.51,0.7872,0.348,2.572,0.1627,0.5193,1.1747,67.83,0.1764,0.08514,6.73,4.58e-06,65539.4,0.2354,0.08852,0.08385,1721.84,2.53e-05,0.2671,0.10813,2.893e-06,0.05494,5.01e-06,70.51,0.787,0.348,2.573,0.1629,0.5184,1.1747
2026-06-14 23:21:00,67.81,0.1764,0.0851,6.723,4.59e-06,65529.09,0.235,0.08849,0.0839,1720.97,2.529e-05,0.267,0.1082,2.89e-06,0.05497,5.02e-06,70.44,0.7865,0.3484,2.571,0.1627,0.519,1.1747,67.86,0.1764,0.0851,6.723,4.58e-06,65533.84,0.2351,0.08847,0.08388,1721.02,2.532e-05,0.2672,0.1082,2.893e-06,0.05496,5.011e-06,70.44,0.7864,0.3482,2.575,0.1629,0.519,1.1745,67.83,0.1764,0.08518,6.724,4.584e-06,65530.1,0.2351,0.08849,0.08384,1721.05,2.526e-05,0.2672,0.1082,2.894e-06,0.05499,5.012e-06,70.44,0.7865,0.3481,2.572,0.1628,0.5187,1.1747,67.78,0.1763,0.0851,6.72,4.58e-06,65493.01,0.235,0.08844,0.0838,1719.72,2.53e-05,0.267,0.108,2.89e-06,0.05495,5.01e-06,70.41,0.7864,0.348,2.574,0.163,0.519,1.174,67.824,0.1764,0.085,6.726,4.521e-06,65528.43,0.2347,0.088475,0.08425,1721.04,2.522e-05,0.2677,0.1083,2.899e-06,0.05472,5.013e-06,70.44,0.78764,0.355,2.5664,0.1628,0.5191,1.1746,67.878,0.176423,0.085,6.7301,4.5844e-06,65518.89,0.2349,0.088905,0.08407,1720.95,2.529e-05,0.2658,0.1082,2.89788e-06,0.0554,5.01e-06,70.3824,0.7896,0.3455,2.5715,0.1628,0.518,1.17459,67.82,0.1764,0.0852,6.723,4.583e-06,65529.8,0.235,0.08848,0.0839,1721.04,2.528e-05,0.2679,0.1082,2.892e-06,0.05496,5.013e-06,70.43,0.7864,0.3483,2.5714,0.1627,0.519,1.1745,67.82,0.1764,0.08515,6.723,4.586e-06,65533.36,0.2348,0.08849,0.0839,1721.09,2.529e-05,0.267,0.10815,2.892e-06,0.05491,5.012e-06,70.45,0.7867,0.3479,2.572,0.1625,0.5194,1.1746,67.84,0.1764,0.08514,6.726,4.585e-06,65527.0,0.235,0.08848,0.08387,1721.0,2.53e-05,0.2669,0.10822,2.892e-06,0.05497,5.012e-06,70.44,0.7864,0.3482,2.57,0.1627,0.519,1.1748
2026-06-14 23:22:00,67.81,0.1763,0.0851,6.723,4.58e-06,65534.0,0.2348,0.08849,0.0838,1720.9,2.529e-05,0.267,0.1081,2.89e-06,0.05491,5.02e-06,70.45,0.7866,0.3482,2.575,0.1627,0.5187,1.1745,67.86,0.1763,0.0851,6.723,4.581e-06,65533.68,0.2348,0.08848,0.08388,1720.68,2.532e-05,0.267,0.108,2.892e-06,0.05492,5.011e-06,70.44,0.7867,0.3482,2.575,0.1629,0.5186,1.1746,67.8,0.1763,0.08513,6.723,4.579e-06,65540.2,0.2351,0.08847,0.08372,1721.0,2.526e-05,0.267,0.1081,2.893e-06,0.05492,5.012e-06,70.44,0.7866,0.3481,2.576,0.1628,0.5186,1.1742,67.76,0.1762,0.0851,6.72,4.58e-06,65497.18,0.2347,0.08842,0.0838,1719.84,2.53e-05,0.267,0.108,2.89e-06,0.05487,5.01e-06,70.41,0.7864,0.3481,2.572,0.163,0.5186,1.1738,67.824,0.17633,0.085,6.724,4.521e-06,65545.31,0.2347,0.088496,0.08425,1720.93,2.522e-05,0.2677,0.1083,2.899e-06,0.0549,5.013e-06,70.44,0.78764,0.355,2.5664,0.1628,0.5192,1.1744,67.878,0.176342,0.085,6.7289,4.5844e-06,65520.13,0.2343,0.088905,0.08397,1721.16,2.529e-05,0.2657,0.108,2.89788e-06,0.0551,5.01e-06,70.3824,0.7887,0.3454,2.5734,0.1644,0.518,1.17459,67.829,0.1764,0.0852,6.722,4.581e-06,65533.5,0.235,0.08847,0.0838,1720.93,2.528e-05,0.2679,0.1082,2.892e-06,0.05492,5.013e-06,70.43,0.7865,0.3481,2.576,0.1627,0.5196,1.17435,67.84,0.1763,0.08516,6.727,4.582e-06,65527.74,0.2347,0.0885,0.08389,1721.02,2.529e-05,0.2669,0.10816,2.893e-06,0.05505,5.015e-06,70.45,0.787,0.3482,2.575,0.1625,0.5193,1.1744,67.82,0.1764,0.08517,6.724,4.58e-06,65534.1,0.2348,0.08848,0.08377,1720.8,2.53e-05,0.267,0.10804,2.894e-06,0.05494,5.013e-06,70.45,0.7866,0.3481,2.575,0.1627,0.5186,1.1742
2026-06-14 23:23:00,67.89,0.1769,0.0852,6.739,4.58e-06,65533.74,0.2352,0.08857,0.0839,1721.5,2.53e-05,0.2673,0.1083,2.89e-06,0.05499,5.01e-06,70.55,0.7889,0.3488,2.578,0.1629,0.519,1.1753,67.87,0.1768,0.0852,6.737,4.58e-06,65532.9,0.2348,0.08857,0.08392,1721.5,2.532e-05,0.2672,0.108,2.896e-06,0.055,5.016e-06,70.54,0.7884,0.3482,2.578,0.163,0.5192,1.1754,67.91,0.1768,0.08525,6.738,4.585e-06,65539.0,0.2354,0.08858,0.08391,1721.56,2.526e-05,0.2671,0.1083,2.897e-06,0.05498,5.012e-06,70.55,0.7886,0.3484,2.578,0.1629,0.519,1.1754,67.88,0.1768,0.0852,6.73,4.59e-06,65490.61,0.2351,0.08852,0.0838,1720.2,2.53e-05,0.268,0.108,2.9e-06,0.05499,5.01e-06,70.49,0.7882,0.3487,2.576,0.163,0.5189,1.1746,67.824,0.17682,0.085,6.738,4.521e-06,65534.27,0.2347,0.088552,0.08425,1721.84,2.522e-05,0.2677,0.1083,2.899e-06,0.0549,5.013e-06,70.54,0.78856,0.355,2.5664,0.1628,0.5187,1.1754,67.878,0.176727,0.085,6.7448,4.5844e-06,65527.15,0.2351,0.088905,0.08406,1721.52,2.532e-05,0.2659,0.1083,2.89788e-06,0.0551,5.01e-06,70.3824,0.7911,0.3459,2.5774,0.1634,0.518,1.17459,67.918,0.1768,0.0852,6.738,4.583e-06,65531.4,0.2352,0.08857,0.0839,1721.61,2.53e-05,0.2668,0.1082,2.895e-06,0.05497,5.015e-06,70.54,0.7885,0.3481,2.5784,0.1628,0.5191,1.1754,67.85,0.1768,0.08521,6.738,4.582e-06,65538.15,0.2351,0.08857,0.08392,1721.7,2.531e-05,0.2673,0.10828,2.892e-06,0.05497,5.016e-06,70.55,0.7863,0.3487,2.577,0.1627,0.5198,1.1751,67.84,0.1768,0.0852,6.739,4.58e-06,65531.2,0.235,0.08858,0.08393,1721.43,2.53e-05,0.2671,0.10834,2.896e-06,0.05495,5.013e-06,70.53,0.7888,0.3485,2.577,0.1627,0.5192,1.1754
2026-06-15 00:06:00,68.38,0.1846,0.0861,6.788,4.68e-06,65691.99,0.2365,0.08884,0.084,1725.79,2.569e-05,0.2691,0.1088,2.93e-06,0.0554,5.04e-06,71.34,0.8032,0.351,2.597,0.1656,0.526,1.1828,68.31,0.1845,0.086,6.788,4.67e-06,65691.68,0.2366,0.08882,0.0841,1725.88,2.566e-05,0.2692,0.1088,2.927e-06,0.05537,5.04e-06,71.35,0.803,0.3509,2.595,0.1656,0.526,1.1828,68.36,0.1845,0.08603,6.789,4.683e-06,65696.5,0.2365,0.08883,0.08407,1725.96,2.572e-05,0.269,0.1088,2.928e-06,0.05539,5.046e-06,71.35,0.8032,0.3505,2.594,0.1657,0.526,1.1828,68.32,0.1843,0.086,6.78,4.68e-06,65650.94,0.2361,0.08879,0.0841,1724.9,2.57e-05,0.269,0.109,2.93e-06,0.0554,5.04e-06,71.3,0.8033,0.3508,2.595,0.165,0.526,1.182,68.374,0.18451,0.086,6.789,4.521e-06,65693.0,0.236,0.088866,0.08441,1725.89,2.571e-05,0.2677,0.1083,2.928e-06,0.05537,5.041e-06,71.36,0.8031,0.34878,2.5894,0.1649,0.5261,1.1827,68.4095,0.184372,0.0857,6.7906,4.6734e-06,65687.55,0.2363,0.089033,0.08435,1725.32,2.57e-05,0.2683,0.1088,2.92514e-06,0.0554,5.04e-06,71.2665,0.8069,0.3479,2.5951,0.1655,0.526,1.18271,68.357,0.1845,0.0861,6.789,4.683e-06,65690.5,0.2364,0.08882,0.0841,1725.64,2.572e-05,0.269,0.1088,2.926e-06,0.0554,5.043e-06,71.35,0.8031,0.3496,2.5959,0.1657,0.5275,1.18256,68.3,0.1844,0.086,6.792,4.68e-06,65690.0,0.2366,0.08884,0.0841,1725.74,2.568e-05,0.269,0.1088,2.923e-06,0.05537,5.043e-06,71.35,0.8026,0.351,2.597,0.1654,0.5264,1.1824,68.34,0.1845,0.08597,6.789,4.682e-06,65697.0,0.2367,0.08884,0.08406,1725.91,2.573e-05,0.2688,0.10882,2.927e-06,0.05537,5.041e-06,71.34,0.803,0.3506,2.596,0.1657,0.526,1.1829
2026-06-15 00:07:00,68.37,0.185,0.086,6.785,4.68e-06,65738.13,0.2368,0.08887,0.084,1727.61,2.572e-05,0.269,0.1087,2.93e-06,0.05536,5.04e-06,71.44,0.8023,0.3508,2.597,0.1657,0.5226,1.1832,68.45,0.1851,0.086,6.787,4.68e-06,65738.0,0.2371,0.08887,0.0841,1727.64,2.566e-05,0.2692,0.1089,2.93e-06,0.05538,5.04e-06,71.44,0.8022,0.3514,2.598,0.166,0.5224,1.1835,68.34,0.185,0.08603,6.786,4.676e-06,65740.0,0.2369,0.08889,0.08396,1727.68,2.575e-05,0.2692,0.1087,2.928e-06,0.05543,5.047e-06,71.43,0.8023,0.3507,2.598,0.1659,0.5226,1.1832,68.34,0.1849,0.086,6.78,4.68e-06,65701.96,0.239,0.08883,0.084,1726.6,2.57e-05,0.269,0.109,2.93e-06,0.05536,5.04e-06,71.38,0.8021,0.3506,2.597,0.166,0.5222,1.1826,68.384,0.18507,0.086,6.793,4.521e-06,65743.99,0.236,0.088887,0.08441,1727.58,2.571e-05,0.2677,0.1083,2.928e-06,0.05537,5.041e-06,71.44,0.80252,0.34878,2.5894,0.1649,0.5255,1.1834,68.388,0.18526,0.0857,6.7926,4.6842e-06,65739.34,0.2364,0.089033,0.08424,1727.69,2.572e-05,0.2682,0.1086,2.92514e-06,0.0554,5.04e-06,71.3365,0.8055,0.3477,2.5971,0.1653,0.523,1.18307,68.361,0.1851,0.086,6.788,4.682e-06,65740.4,0.237,0.08898,0.0841,1727.52,2.572e-05,0.269,0.1088,2.934e-06,0.05534,5.048e-06,71.44,0.8023,0.3513,2.5973,0.1657,0.5231,1.184,68.37,0.1851,0.08609,6.793,4.677e-06,65740.47,0.2369,0.08886,0.08411,1727.76,2.572e-05,0.2692,0.1088,2.93e-06,0.05537,5.044e-06,71.43,0.8023,0.3507,2.598,0.1654,0.523,1.183,68.35,0.185,0.08612,6.795,4.677e-06,65737.4,0.2368,0.08887,0.08399,1727.74,2.572e-05,0.2692,0.10868,2.929e-06,0.05537,5.046e-06,71.44,0.8022,0.3507,2.598,0.1656,0.5229,1.1833
2026-06-15 00:08:00,68.34,0.1852,0.0861,6.79,4.67e-06,65738.0,0.2401,0.08894,0.0841,1727.79,2.571e-05,0.2693,0.1087,2.93e-06,0.05541,5.04e-06,71.41,0.8008,0.3514,2.596,0.1657,0.5225,1.1852,68.38,0.1851,0.086,6.79,4.683e-06,65740.0,0.2402,0.08889,0.0841,1727.87,2.566e-05,0.2692,0.1086,2.926e-06,0.05539,5.04e-06,71.41,0.8007,0.3512,2.598,0.166,0.5221,1.185,68.33,0.1851,0.08599,6.79,4.675e-06,65743.0,0.2403,0.08891,0.08412,1728.0,2.575e-05,0.2689,0.1087,2.927e-06,0.05538,5.047e-06,71.4,0.8013,0.3509,2.596,0.1658,0.5225,1.185,68.32,0.1852,0.086,6.78,4.67e-06,65704.01,0.2397,0.08887,0.0841,1726.85,2.57e-05,0.269,0.109,2.93e-06,0.05543,5.05e-06,71.37,0.8004,0.3511,2.595,0.166,0.522,1.1846,68.344,0.18512,0.086,6.793,4.521e-06,65738.01,0.2409,0.088976,0.08441,1727.84,2.571e-05,0.2677,0.1083,2.928e-06,0.05537,5.041e-06,71.41,0.80227,0.34878,2.5894,0.1649,0.5219,1.1849,68.388,0.185247,0.0858,6.7967,4.6792e-06,65737.25,0.2394,0.089033,0.08434,1727.4,2.571e-05,0.2685,0.1083,2.92514e-06,0.0554,5.04e-06,71.4228,0.803,0.3482,2.5961,0.1656,0.522,1.18324,68.319,0.1851,0.086,6.79,4.672e-06,65750.0,0.2403,0.08892,0.0841,1727.89,2.572e-05,0.2692,0.1088,2.926e-06,0.05542,5.044e-06,71.4,0.8012,0.3512,2.5966,0.1657,0.5222,1.1851,68.31,0.1851,0.0861,6.79,4.671e-06,65742.69,0.24,0.08894,0.08408,1727.93,2.571e-05,0.2692,0.10864,2.926e-06,0.05538,5.043e-06,71.41,0.8009,0.3512,2.598,0.1655,0.523,1.185,68.3,0.1851,0.08612,6.791,4.671e-06,65742.6,0.2399,0.08893,0.08414,1727.93,2.572e-05,0.2689,0.10858,2.927e-06,0.05541,5.045e-06,71.41,0.8008,0.3508,2.596,0.1656,0.5226,1.1851
2026-06-15 00:17:00,68.4,0.1857,0.086,6.788,4.69e-06,65765.99,0.2382,0.08903,0.0841,1727.62,2.571e-05,0.2696,0.1081,2.93e-06,0.05539,5.05e-06,71.64,0.8,0.3514,2.601,0.1661,0.5262,1.1868,68.4,0.1857,0.0862,6.788,4.7e-06,65767.96,0.2382,0.08903,0.0841,1727.65,2.575e-05,0.2694,0.108,2.926e-06,0.05535,5.045e-06,71.64,0.8,0.3513,2.601,0.1663,0.5259,1.1867,68.38,0.1858,0.08599,6.788,4.689e-06,65767.0,0.2384,0.08904,0.08409,1727.64,2.573e-05,0.2695,0.108,2.931e-06,0.05541,5.052e-06,71.64,0.8,0.3513,2.601,0.1661,0.5258,1.1866,68.33,0.1856,0.0858,6.78,4.68e-06,65731.08,0.2382,0.08897,0.0841,1726.83,2.57e-05,0.269,0.108,2.92e-06,0.05537,5.04e-06,71.6,0.7998,0.3512,2.598,0.166,0.5256,1.1863,68.384,0.18564,0.086,6.792,4.521e-06,65769.56,0.2409,0.089025,0.08441,1727.44,2.571e-05,0.2677,0.1083,2.928e-06,0.05532,5.053e-06,71.64,0.80006,0.34878,2.6014,0.1649,0.5267,1.1866,68.4097,0.185642,0.0858,6.7937,4.6938e-06,65760.01,0.2378,0.0892,0.08417,1727.48,2.571e-05,0.2687,0.108,2.92514e-06,0.0554,5.03e-06,71.604,0.808,0.3482,2.6024,0.166,0.525,1.18429,68.398,0.1857,0.0861,6.788,4.69e-06,65765.8,0.2388,0.08906,0.0841,1727.78,2.571e-05,0.2697,0.1079,2.931e-06,0.05538,5.045e-06,71.64,0.8,0.3512,2.601,0.1661,0.525,1.18671,68.47,0.1857,0.08603,6.795,4.689e-06,65770.06,0.2381,0.08902,0.0841,1727.97,2.572e-05,0.2696,0.10869,2.93e-06,0.0554,5.044e-06,71.62,0.7999,0.3514,2.6,0.1659,0.5258,1.1865,68.43,0.1857,0.08606,6.79,4.688e-06,65765.7,0.2381,0.08903,0.08413,1727.64,2.572e-05,0.2695,0.10809,2.927e-06,0.05539,5.044e-06,71.63,0.7999,0.3512,2.602,0.1661,0.5258,1.1868
2026-06-15 00:18:00,68.33,0.1856,0.0859,6.783,4.68e-06,65730.0,0.238,0.08897,0.0841,1725.87,2.571e-05,0.2695,0.1081,2.93e-06,0.05533,5.04e-06,71.54,0.7976,0.3512,2.599,0.1659,0.5252,1.1852,68.32,0.1855,0.0862,6.782,4.68e-06,65724.79,0.2379,0.089,0.0841,1725.74,2.572e-05,0.2694,0.108,2.924e-06,0.05536,5.036e-06,71.54,0.7977,0.3513,2.601,0.1659,0.5247,1.1853,68.31,0.1854,0.08591,6.782,4.678e-06,65728.0,0.2382,0.08898,0.08405,1725.95,2.573e-05,0.2694,0.108,2.925e-06,0.05541,5.04e-06,71.55,0.7976,0.3511,2.599,0.1659,0.525,1.1852,68.31,0.1853,0.0858,6.78,4.68e-06,65690.12,0.2378,0.08895,0.0841,1725.09,2.57e-05,0.269,0.108,2.92e-06,0.05537,5.03e-06,71.51,0.7978,0.351,2.598,0.166,0.5249,1.1846,68.344,0.18543,0.086,6.783,4.521e-06,65730.01,0.2409,0.088985,0.08441,1726.0,2.571e-05,0.2677,0.1083,2.928e-06,0.05532,5.053e-06,71.54,0.8003,0.34878,2.5984,0.1649,0.5267,1.1852,68.2443,0.185421,0.0857,6.7888,4.6746e-06,65725.73,0.2379,0.089012,0.08417,1727.37,2.57e-05,0.2686,0.108,2.92514e-06,0.0553,5.03e-06,71.5736,0.808,0.3479,2.6011,0.1657,0.524,1.18368,68.346,0.1853,0.0859,6.783,4.681e-06,65725.8,0.2382,0.08895,0.0841,1725.92,2.571e-05,0.2697,0.108,2.924e-06,0.05532,5.04e-06,71.57,0.7976,0.3512,2.5992,0.1659,0.5258,1.18552,68.36,0.1855,0.08603,6.786,4.678e-06,65730.0,0.238,0.08896,0.08404,1726.11,2.57e-05,0.2694,0.10801,2.925e-06,0.05539,5.037e-06,71.54,0.798,0.3511,2.598,0.1656,0.5258,1.1851,68.3,0.1854,0.08588,6.785,4.681e-06,65723.4,0.238,0.08898,0.0841,1725.83,2.573e-05,0.2694,0.108,2.924e-06,0.05534,5.04e-06,71.54,0.7975,0.351,2.6,0.1661,0.5249,1.1853
2026-06-15 00:19:00,68.33,0.1841,0.0859,6.78,4.68e-06,65732.0,0.2383,0.0889,0.084,1725.99,2.57e-05,0.2691,0.1079,2.93e-06,0.05531,5.03e-06,71.55,0.7991,0.3509,2.598,0.1657,0.5263,1.1845,68.32,0.1841,0.0859,6.776,4.677e-06,65730.0,0.238,0.08888,0.0841,1725.82,2.572e-05,0.269,0.108,2.923e-06,0.05531,5.038e-06,71.56,0.799,0.3513,2.598,0.1657,0.5263,1.184,68.32,0.1841,0.08586,6.776,4.674e-06,65735.6,0.2383,0.08889,0.08405,1726.06,2.568e-05,0.2694,0.1081,2.923e-06,0.05532,5.037e-06,71.56,0.7991,0.3509,2.598,0.1657,0.5263,1.1843,68.29,0.184,0.0858,6.77,4.67e-06,65700.87,0.2379,0.08885,0.0841,1725.12,2.57e-05,0.269,0.107,2.92e-06,0.05537,5.03e-06,71.51,0.799,0.3507,2.596,0.166,0.5262,1.1839,68.344,0.18406,0.086,6.778,4.521e-06,65735.25,0.2409,0.088866,0.08441,1725.99,2.571e-05,0.2677,0.1083,2.922e-06,0.05532,5.041e-06,71.56,0.79946,0.34878,2.5984,0.1649,0.5267,1.1843,68.2443,0.18412,0.0857,6.7827,4.6746e-06,65725.34,0.2379,0.089012,0.08417,1725.55,2.57e-05,0.2682,0.1079,2.92514e-06,0.0553,5.03e-06,71.4933,0.808,0.3477,2.5978,0.1656,0.525,1.18368,68.304,0.1841,0.0859,6.777,4.674e-06,65731.2,0.2382,0.08889,0.0841,1725.92,2.571e-05,0.2693,0.108,2.924e-06,0.05531,5.035e-06,71.56,0.799,0.3512,2.5978,0.1658,0.5266,1.18386,68.35,0.1841,0.08593,6.777,4.675e-06,65735.21,0.238,0.0889,0.08413,1726.11,2.571e-05,0.2694,0.10796,2.924e-06,0.05537,5.038e-06,71.56,0.7984,0.3508,2.599,0.1654,0.5251,1.1844,68.33,0.1841,0.08585,6.78,4.681e-06,65737.7,0.2379,0.08891,0.08408,1726.16,2.573e-05,0.2693,0.10791,2.923e-06,0.05536,5.035e-06,71.55,0.7991,0.3506,2.598,0.1657,0.5261,1.1846
2026-06-15 00:20:00,68.36,0.1844,0.0858,6.782,4.66e-06,65747.51,0.2393,0.08894,0.084,1727.01,2.568e-05,0.269,0.1081,2.93e-06,0.05535,5.03e-06,71.54,0.7992,0.3508,2.598,0.1656,0.5292,1.1853,68.27,0.1844,0.0859,6.777,4.666e-06,65745.67,0.2394,0.08885,0.084,1726.79,2.569e-05,0.269,0.1079,2.919e-06,0.05532,5.037e-06,71.52,0.7992,0.3506,2.596,0.1657,0.529,1.1854,68.35,0.1844,0.08577,6.782,4.667e-06,65750.8,0.2393,0.08894,0.08392,1726.86,2.568e-05,0.2689,0.1079,2.924e-06,0.05533,5.037e-06,71.54,0.7992,0.3503,2.596,0.1657,0.529,1.185,68.35,0.1843,0.0858,6.77,4.66e-06,65707.57,0.2394,0.08888,0.0841,1725.94,2.57e-05,0.269,0.107,2.92e-06,0.05536,5.04e-06,71.49,0.7992,0.3506,2.596,0.166,0.5288,1.1845,68.364,0.18442,0.086,6.779,4.661e-06,65746.23,0.2409,0.088846,0.08441,1726.76,2.571e-05,0.2677,0.1083,2.922e-06,0.05532,5.04e-06,71.56,0.79946,0.34878,2.5984,0.1649,0.5293,1.1853,68.2443,0.184549,0.0857,6.7877,4.7036e-06,65727.75,0.2393,0.089012,0.08417,1726.07,2.568e-05,0.2682,0.1077,2.92514e-06,0.0553,5.03e-06,71.4933,0.8089,0.3475,2.5975,0.1655,0.527,1.18368,68.344,0.1844,0.0858,6.781,4.668e-06,65750.7,0.2398,0.08889,0.084,1726.83,2.571e-05,0.2693,0.108,2.919e-06,0.05534,5.039e-06,71.55,0.7992,0.3512,2.5979,0.1657,0.5294,1.18541,68.29,0.1843,0.08587,6.777,4.668e-06,65746.74,0.2394,0.08893,0.08413,1726.87,2.569e-05,0.269,0.10797,2.918e-06,0.05535,5.04e-06,71.52,0.7987,0.3508,2.596,0.1653,0.5288,1.1853,68.33,0.1845,0.08585,6.78,4.666e-06,65751.9,0.2395,0.08895,0.08408,1727.01,2.568e-05,0.2688,0.10793,2.923e-06,0.05534,5.039e-06,71.54,0.7992,0.3506,2.597,0.1657,0.529,1.1853
2026-06-15 00:21:00,68.37,0.1845,0.0859,6.779,4.66e-06,65756.83,0.2396,0.08893,0.0842,1726.06,2.569e-05,0.2692,0.1081,2.93e-06,0.05536,5.04e-06,71.5,0.7997,0.3512,2.599,0.1657,0.5316,1.1854,68.27,0.1845,0.0859,6.779,4.666e-06,65756.0,0.2396,0.08893,0.08415,1726.1,2.569e-05,0.269,0.1079,2.925e-06,0.05537,5.042e-06,71.51,0.7997,0.3512,2.596,0.1658,0.5314,1.1855,68.38,0.1845,0.08588,6.778,4.667e-06,65759.7,0.2398,0.08894,0.08424,1726.22,2.568e-05,0.2691,0.1081,2.926e-06,0.05536,5.037e-06,71.5,0.8,0.3513,2.598,0.1658,0.5314,1.1852,68.35,0.1844,0.0858,6.77,4.66e-06,65717.1,0.2394,0.08888,0.0841,1725.37,2.57e-05,0.269,0.108,2.92e-06,0.05536,5.04e-06,71.47,0.7999,0.3508,2.596,0.166,0.5312,1.1848,68.364,0.18449,0.086,6.782,4.661e-06,65766.08,0.2409,0.088955,0.08441,1726.17,2.571e-05,0.2677,0.1083,2.922e-06,0.05532,5.039e-06,71.51,0.79972,0.34878,2.5984,0.1649,0.5312,1.1853,68.2443,0.184649,0.0858,6.7847,4.6734e-06,65761.53,0.2396,0.089082,0.08434,1727.2,2.569e-05,0.2683,0.1081,2.92514e-06,0.0553,5.03e-06,71.4933,0.8079,0.3479,2.6006,0.1656,0.531,1.18368,68.372,0.1845,0.0859,6.783,4.668e-06,65765.0,0.2398,0.08894,0.0842,1726.36,2.571e-05,0.2693,0.108,2.926e-06,0.05536,5.042e-06,71.52,0.7998,0.3512,2.5995,0.1658,0.5315,1.18546,68.37,0.1844,0.08589,6.783,4.662e-06,65760.01,0.2396,0.08893,0.08431,1726.67,2.569e-05,0.2691,0.10807,2.926e-06,0.05535,5.039e-06,71.5,0.7999,0.3512,2.598,0.1655,0.5312,1.1854,68.35,0.1845,0.08586,6.784,4.665e-06,65752.6,0.2396,0.08895,0.08427,1726.08,2.57e-05,0.2691,0.10812,2.925e-06,0.05537,5.042e-06,71.5,0.7999,0.3512,2.599,0.1658,0.5314,1.1854
2026-06-15 00:22:00,68.22,0.1835,0.0858,6.763,4.65e-06,65674.0,0.2391,0.08876,0.0841,1724.52,2.563e-05,0.2688,0.1079,2.92e-06,0.05526,5.03e-06,71.33,0.7971,0.3503,2.593,0.1652,0.5284,1.1825,68.18,0.1835,0.0858,6.762,4.66e-06,65675.91,0.2396,0.08875,0.0841,1724.61,2.569e-05,0.2687,0.1077,2.916e-06,0.05529,5.037e-06,71.33,0.7969,0.3505,2.593,0.1654,0.5281,1.1826,68.21,0.1835,0.08575,6.763,4.649e-06,65683.0,0.239,0.08873,0.08401,1724.52,2.568e-05,0.2691,0.1078,2.918e-06,0.05536,5.036e-06,71.33,0.797,0.3506,2.593,0.1653,0.5282,1.1824,68.22,0.1833,0.0858,6.77,4.64e-06,65644.29,0.2388,0.0887,0.084,1723.81,2.57e-05,0.269,0.108,2.91e-06,0.05536,5.03e-06,71.3,0.7969,0.3502,2.592,0.166,0.528,1.182,68.364,0.1834,0.086,6.764,4.661e-06,65681.85,0.2409,0.088756,0.08441,1724.48,2.571e-05,0.2677,0.1078,2.922e-06,0.05532,5.039e-06,71.32,0.79724,0.34878,2.5984,0.1649,0.5305,1.1823,68.2443,0.18338,0.0856,6.7676,4.6734e-06,65677.81,0.2385,0.089152,0.08426,1724.67,2.569e-05,0.2679,0.1078,2.925439e-06,0.0553,5.03e-06,71.4933,0.8088,0.3469,2.5936,0.1654,0.529,1.18298,68.216,0.1835,0.0858,6.762,4.649e-06,65679.7,0.2398,0.08876,0.0841,1724.75,2.568e-05,0.269,0.1079,2.917e-06,0.05525,5.035e-06,71.34,0.797,0.3512,2.5938,0.1654,0.5288,1.18271,68.19,0.1836,0.08589,6.762,4.648e-06,65675.53,0.2392,0.08875,0.0841,1724.76,2.562e-05,0.2691,0.10786,2.922e-06,0.05531,5.038e-06,71.33,0.7983,0.3502,2.595,0.165,0.5288,1.1826,68.19,0.1836,0.08571,6.764,4.65e-06,65683.1,0.2392,0.08878,0.08406,1724.62,2.57e-05,0.269,0.10777,2.917e-06,0.05527,5.036e-06,71.33,0.797,0.3502,2.593,0.1653,0.5284,1.1825
2026-06-15 00:34:00,68.12,0.1831,0.0855,6.754,4.62e-06,65615.52,0.2379,0.08869,0.0836,1723.29,2.562e-05,0.2686,0.1078,2.91e-06,0.05506,5.03e-06,71.26,0.7965,0.3498,2.587,0.1646,0.5287,1.1832,68.09,0.1831,0.0854,6.755,4.62e-06,65616.73,0.238,0.08867,0.08357,1723.17,2.562e-05,0.2685,0.1078,2.904e-06,0.05507,5.027e-06,71.26,0.7962,0.3497,2.588,0.1648,0.5285,1.1833,68.11,0.1832,0.08548,6.754,4.62e-06,65618.5,0.238,0.08867,0.08359,1723.36,2.562e-05,0.2685,0.1077,2.906e-06,0.05505,5.025e-06,71.25,0.7963,0.3498,2.587,0.1647,0.5287,1.1832,68.07,0.183,0.0855,6.75,4.62e-06,65579.0,0.2377,0.08862,0.0835,1722.34,2.56e-05,0.268,0.108,2.9e-06,0.05502,5.02e-06,71.19,0.7962,0.3495,2.585,0.165,0.5288,1.1827,68.172,0.18315,0.0855,6.755,4.661e-06,65611.67,0.238,0.088668,0.08441,1723.17,2.571e-05,0.2689,0.1078,2.922e-06,0.05504,5.029e-06,71.25,0.79641,0.34878,2.5984,0.1649,0.5319,1.1833,68.2443,0.183309,0.0853,6.7572,4.6734e-06,65619.61,0.2372,0.088781,0.08384,1724.03,2.561e-05,0.2677,0.1077,2.90626e-06,0.055,5.03e-06,71.2941,0.8036,0.3462,2.5877,0.1644,0.529,1.18366,68.117,0.1831,0.0856,6.755,4.62e-06,65612.8,0.238,0.08874,0.0836,1723.28,2.568e-05,0.269,0.1078,2.905e-06,0.05505,5.025e-06,71.25,0.796,0.3499,2.5869,0.1646,0.5289,1.18334,68.3,0.1831,0.08556,6.76,4.618e-06,65619.47,0.2379,0.08868,0.08367,1723.48,2.563e-05,0.2686,0.10778,2.904e-06,0.05507,5.026e-06,71.26,0.7961,0.3496,2.587,0.1642,0.53,1.183,68.11,0.1831,0.0854,6.758,4.619e-06,65613.7,0.238,0.08869,0.08359,1723.24,2.564e-05,0.2686,0.1078,2.903e-06,0.05508,5.026e-06,71.26,0.7963,0.3496,2.587,0.1646,0.5288,1.1832
2026-06-15 04:09:00,69.02,0.181,0.086,6.765,4.65e-06,65795.0,0.239,0.08891,0.0845,1720.32,2.579e-05,0.2709,0.1107,2.91e-06,0.055,5.02e-06,71.21,0.7993,0.3575,2.586,0.1666,0.5861,1.1862,68.91,0.181,0.0859,6.755,4.65e-06,65794.05,0.2388,0.08891,0.08447,1720.46,2.584e-05,0.2704,0.1107,2.917e-06,0.05503,5.017e-06,71.21,0.7994,0.3576,2.582,0.1662,0.5859,1.1862,69.01,0.181,0.08607,6.764,4.649e-06,65799.3,0.2388,0.0889,0.08452,1720.42,2.581e-05,0.2708,0.1106,2.917e-06,0.05494,5.021e-06,71.22,0.7995,0.3577,2.583,0.1666,0.5858,1.1863,68.99,0.1809,0.086,6.76,4.65e-06,65763.37,0.2387,0.08886,0.0845,1719.41,2.58e-05,0.271,0.111,2.91e-06,0.05492,5.02e-06,71.18,0.7989,0.3573,2.584,0.167,0.5854,1.1858,69.026,0.18101,0.0862,6.765,4.611e-06,65800.57,0.2392,0.088805,0.08441,1720.34,2.581e-05,0.2711,0.1109,2.92e-06,0.05499,5.022e-06,71.21,0.79906,0.355,2.5854,0.1668,0.585,1.1863,68.9377,0.180906,0.0859,6.7661,4.6448e-06,65776.72,0.2391,0.088902,0.08454,1720.55,2.578e-05,0.2686,0.1107,2.917511e-06,0.0551,5.02e-06,70.9817,0.8012,0.355,2.5869,0.1668,0.585,1.18632,69.045,0.181,0.0861,6.764,4.655e-06,65801.7,0.2387,0.08894,0.0845,1720.26,2.58e-05,0.2703,0.1107,2.914e-06,0.05496,5.02e-06,71.21,0.7993,0.3583,2.5862,0.1665,0.5864,1.1861,69.03,0.1811,0.08605,6.761,4.653e-06,65793.79,0.2391,0.08891,0.08451,1720.12,2.578e-05,0.2709,0.1107,2.916e-06,0.055,5.022e-06,71.22,0.7991,0.3574,2.586,0.1664,0.5863,1.1864,69.02,0.181,0.08607,6.766,4.655e-06,65798.0,0.239,0.08892,0.08455,1720.44,2.583e-05,0.2708,0.11076,2.916e-06,0.05497,5.022e-06,71.22,0.7993,0.3574,2.585,0.1663,0.5862,1.1862
2026-06-15 07:02:00,69.81,0.181,0.0866,6.762,4.66e-06,65746.0,0.2366,0.08853,0.0855,1718.32,2.571e-05,0.271,0.1101,2.91e-06,0.05484,5.01e-06,71.2,0.797,0.3613,2.595,0.1665,0.5902,1.1816,69.8,0.1809,0.0865,6.762,4.655e-06,65745.95,0.2365,0.08852,0.08543,1718.33,2.578e-05,0.2709,0.11,2.912e-06,0.05482,5.017e-06,71.18,0.7969,0.3611,2.591,0.1664,0.59,1.1814,69.8,0.1809,0.08661,6.762,4.652e-06,65748.7,0.2366,0.08854,0.08551,1718.62,2.578e-05,0.271,0.1101,2.913e-06,0.05483,5.019e-06,71.19,0.797,0.3613,2.593,0.1666,0.5904,1.1814,69.8,0.1809,0.0865,6.75,4.65e-06,65710.01,0.2364,0.08848,0.0855,1717.3,2.57e-05,0.271,0.11,2.91e-06,0.05487,5.02e-06,71.16,0.7968,0.3614,2.594,0.167,0.5901,1.1811,69.783,0.18096,0.0866,6.757,4.684e-06,65741.15,0.2365,0.088512,0.08566,1718.48,2.564e-05,0.2723,0.1111,2.921e-06,0.05479,5.03e-06,71.19,0.79735,0.36141,2.6104,0.1667,0.59,1.1815,69.9,0.180947,0.0868,6.7617,4.6578e-06,65738.87,0.2364,0.088498,0.0855,1718.01,2.571e-05,0.2703,0.11,2.920904e-06,0.0548,5.02e-06,71.1836,0.8011,0.3602,2.5962,0.1664,0.59,1.18062,69.785,0.1809,0.0866,6.761,4.65e-06,65751.6,0.2364,0.08853,0.0855,1718.44,2.579e-05,0.2713,0.11,2.912e-06,0.05483,5.017e-06,71.2,0.797,0.3609,2.5951,0.1665,0.5904,1.18173,69.82,0.1809,0.08656,6.758,4.653e-06,65748.17,0.2367,0.08852,0.08546,1718.33,2.572e-05,0.271,0.11006,2.911e-06,0.05482,5.02e-06,71.2,0.7971,0.3612,2.595,0.1661,0.5881,1.1814,69.79,0.1809,0.08651,6.762,4.653e-06,65742.4,0.2364,0.08852,0.08549,1718.63,2.584e-05,0.2708,0.11,2.912e-06,0.05482,5.018e-06,71.18,0.7967,0.3612,2.595,0.1665,0.5902,1.1815
2026-06-15 07:03:00,69.92,0.181,0.0867,6.767,4.66e-06,65750.0,0.2368,0.08856,0.0855,1718.84,2.572e-05,0.2712,0.1101,2.92e-06,0.05488,5.03e-06,71.21,0.7974,0.3617,2.597,0.1667,0.5908,1.1823,69.86,0.1811,0.0865,6.767,4.655e-06,65751.7,0.2368,0.08855,0.08557,1718.9,2.578e-05,0.271,0.1102,2.913e-06,0.05489,5.02e-06,71.22,0.7974,0.3614,2.591,0.1664,0.5907,1.1822,69.91,0.181,0.08667,6.767,4.654e-06,65752.7,0.2366,0.08856,0.08556,1719.06,2.578e-05,0.2711,0.1101,2.914e-06,0.05489,5.023e-06,71.22,0.7974,0.3614,2.597,0.1666,0.5907,1.1822,69.82,0.1809,0.0865,6.76,4.65e-06,65708.17,0.2363,0.08844,0.0855,1717.85,2.57e-05,0.271,0.11,2.91e-06,0.05487,5.02e-06,71.18,0.7969,0.3614,2.594,0.167,0.5903,1.1811,69.783,0.18105,0.0866,6.767,4.684e-06,65751.66,0.2365,0.088534,0.08566,1718.9,2.564e-05,0.2723,0.1111,2.921e-06,0.05479,5.03e-06,71.22,0.79735,0.36141,2.6104,0.1667,0.5904,1.1823,69.9,0.181038,0.0868,6.7661,4.6578e-06,65772.05,0.2378,0.088498,0.0856,1719.36,2.572e-05,0.2703,0.1101,2.920904e-06,0.0549,5.02e-06,71.1836,0.8012,0.3594,2.5972,0.1665,0.59,1.18062,69.95,0.181,0.0868,6.766,4.654e-06,65759.8,0.2364,0.08857,0.0855,1719.04,2.579e-05,0.2713,0.11,2.913e-06,0.0549,5.022e-06,71.22,0.7973,0.3618,2.5969,0.1667,0.5904,1.18223,69.91,0.1811,0.08674,6.767,4.656e-06,65750.81,0.2367,0.08855,0.08557,1718.97,2.573e-05,0.2712,0.11016,2.911e-06,0.05487,5.023e-06,71.22,0.7975,0.3617,2.596,0.1664,0.5901,1.1822,69.91,0.181,0.08671,6.767,4.653e-06,65748.4,0.2368,0.08855,0.08551,1719.12,2.572e-05,0.271,0.11013,2.911e-06,0.0549,5.02e-06,71.21,0.7974,0.3615,2.596,0.1666,0.5908,1.1821
2026-06-15 09:29:00,72.26,0.1817,0.0865,6.77,4.68e-06,65644.17,0.2367,0.08857,0.0853,1721.82,2.565e-05,0.2724,0.11,2.91e-06,0.05512,5e-06,71.21,0.7939,0.3591,2.618,0.1669,0.5882,1.1853,72.17,0.1817,0.0868,6.77,4.676e-06,65650.01,0.2367,0.08856,0.08531,1721.96,2.569e-05,0.2721,0.11,2.903e-06,0.05513,5.002e-06,71.2,0.7941,0.3589,2.62,0.167,0.5881,1.1853,72.24,0.1817,0.08657,6.772,4.674e-06,65653.2,0.2367,0.08859,0.08528,1722.11,2.573e-05,0.2722,0.11,2.904e-06,0.05511,4.999e-06,71.19,0.7941,0.359,2.618,0.1668,0.5882,1.1852,72.24,0.1814,0.0866,6.76,4.67e-06,65605.2,0.2365,0.08849,0.0851,1720.95,2.56e-05,0.272,0.11,2.9e-06,0.05511,5e-06,71.14,0.7936,0.3586,2.617,0.166,0.588,1.1846,72.266,0.18167,0.0866,6.77,4.681e-06,65656.3,0.2369,0.088564,0.08566,1721.93,2.564e-05,0.2722,0.1102,2.907e-06,0.0555,5.005e-06,71.2,0.79376,0.36204,2.6214,0.1685,0.589,1.1852,73.008,0.181664,0.0861,6.7694,4.6541e-06,65661.24,0.2369,0.088896,0.08531,1722.44,2.569e-05,0.2717,0.1099,2.900543e-06,0.0552,5.01e-06,71.0489,0.8007,0.3584,2.6175,0.167,0.587,1.18568,72.258,0.1816,0.0866,6.77,4.675e-06,65660.0,0.2369,0.08858,0.0852,1722.05,2.566e-05,0.2727,0.11,2.903e-06,0.05514,4.997e-06,71.2,0.7938,0.3591,2.6179,0.1668,0.589,1.18519,72.21,0.1816,0.08658,6.77,4.672e-06,65649.58,0.2368,0.08856,0.08528,1721.97,2.564e-05,0.2724,0.10995,2.903e-06,0.05509,4.998e-06,71.19,0.794,0.3592,2.617,0.1665,0.5901,1.1852,72.23,0.1816,0.08658,6.77,4.679e-06,65649.1,0.2367,0.08857,0.08526,1722.0,2.569e-05,0.2723,0.10997,2.905e-06,0.05513,4.997e-06,71.2,0.7939,0.3591,2.617,0.1668,0.5884,1.1853
2026-06-15 10:34:00,73.77,0.1817,0.0869,6.771,4.72e-06,65721.37,0.2372,0.08864,0.0852,1725.13,2.574e-05,0.2732,0.1099,2.92e-06,0.05505,5.01e-06,71.49,0.7938,0.3591,2.623,0.1666,0.5889,1.1865,73.81,0.1817,0.0867,6.77,4.724e-06,65720.01,0.237,0.08863,0.08509,1725.08,2.574e-05,0.2725,0.1099,2.914e-06,0.05508,5.015e-06,71.49,0.7937,0.3588,2.62,0.1664,0.5886,1.1866,73.78,0.1817,0.08685,6.77,4.724e-06,65722.3,0.237,0.08865,0.08524,1725.32,2.572e-05,0.2731,0.11,2.917e-06,0.05505,5.015e-06,71.49,0.7938,0.3591,2.623,0.1663,0.5888,1.1864,73.71,0.1816,0.0868,6.77,4.72e-06,65675.52,0.2371,0.08856,0.0852,1724.15,2.58e-05,0.273,0.11,2.92e-06,0.05504,5.01e-06,71.44,0.7933,0.3587,2.624,0.166,0.5884,1.1857,73.807,0.18175,0.0868,6.769,4.681e-06,65719.21,0.2366,0.088639,0.08545,1725.29,2.573e-05,0.2732,0.11,2.913e-06,0.05517,5.019e-06,71.49,0.79407,0.36204,2.6174,0.1665,0.59,1.1865,73.382,0.181734,0.0865,6.7708,4.7222e-06,65727.92,0.2367,0.088912,0.08511,1724.58,2.579e-05,0.2721,0.1099,2.903022e-06,0.0552,5.01e-06,71.4,0.8003,0.358,2.6225,0.1674,0.588,1.18526,73.776,0.1817,0.0868,6.769,4.721e-06,65729.9,0.2368,0.08862,0.0853,1725.17,2.569e-05,0.2733,0.1099,2.915e-06,0.05507,5.017e-06,71.47,0.7944,0.3588,2.6226,0.1665,0.589,1.18647,73.72,0.1818,0.08684,6.77,4.722e-06,65721.44,0.2371,0.08864,0.08519,1724.99,2.574e-05,0.2733,0.10995,2.915e-06,0.055,5.017e-06,71.49,0.7945,0.359,2.623,0.1663,0.5898,1.1864,73.77,0.1817,0.08683,6.769,4.721e-06,65723.0,0.2371,0.08865,0.08524,1725.11,2.571e-05,0.273,0.10997,2.916e-06,0.05505,5.014e-06,71.5,0.7937,0.3591,2.622,0.1665,0.5889,1.1865
2026-06-15 10:35:00,73.76,0.1817,0.0868,6.771,4.72e-06,65724.68,0.2373,0.08865,0.0853,1726.21,2.573e-05,0.2731,0.1098,2.91e-06,0.05502,5.01e-06,71.5,0.7942,0.359,2.623,0.1665,0.5873,1.1866,73.74,0.1817,0.0867,6.772,4.717e-06,65725.0,0.237,0.08863,0.08527,1726.15,2.574e-05,0.2725,0.1099,2.915e-06,0.05503,5.015e-06,71.5,0.7943,0.3588,2.62,0.1664,0.5878,1.1866,73.74,0.1817,0.0868,6.771,4.722e-06,65727.3,0.237,0.08866,0.08526,1726.27,2.572e-05,0.2731,0.1098,2.917e-06,0.05504,5.017e-06,71.5,0.794,0.359,2.623,0.1665,0.5871,1.1869,73.64,0.1816,0.0868,6.77,4.72e-06,65678.52,0.2371,0.08855,0.0852,1725.25,2.58e-05,0.273,0.11,2.92e-06,0.05504,5.01e-06,71.46,0.7939,0.3586,2.624,0.166,0.5867,1.1859,73.757,0.18173,0.0868,6.769,4.681e-06,65732.79,0.2366,0.088639,0.08545,1726.34,2.573e-05,0.2732,0.11,2.913e-06,0.05517,5.019e-06,71.49,0.79407,0.36204,2.6224,0.1665,0.5875,1.1869,73.382,0.181801,0.0866,6.7718,4.7222e-06,65731.72,0.2368,0.088912,0.08511,1725.42,2.579e-05,0.272,0.1098,2.91166e-06,0.0551,5.01e-06,71.3999,0.8003,0.3578,2.6214,0.1673,0.587,1.18526,73.731,0.1818,0.0868,6.772,4.72e-06,65731.6,0.2368,0.08866,0.0853,1726.19,2.569e-05,0.2733,0.1099,2.916e-06,0.05502,5.018e-06,71.5,0.794,0.3588,2.6226,0.1665,0.5875,1.1874,73.73,0.1817,0.08683,6.771,4.721e-06,65727.11,0.2374,0.08864,0.08522,1726.12,2.574e-05,0.2731,0.10996,2.916e-06,0.05497,5.017e-06,71.5,0.7939,0.3588,2.623,0.1662,0.5879,1.1866,73.73,0.1817,0.08685,6.771,4.722e-06,65728.8,0.2374,0.08865,0.08524,1726.22,2.571e-05,0.2731,0.10979,2.916e-06,0.05504,5.017e-06,71.51,0.7941,0.359,2.622,0.1665,0.5873,1.1867
2026-06-15 10:55:00,74.34,0.1827,0.0873,6.842,4.76e-06,65910.01,0.239,0.0892,0.0882,1738.76,2.586e-05,0.2747,0.1103,2.93e-06,0.05524,5.04e-06,71.87,0.8046,0.3615,2.66,0.1676,0.5927,1.1952,74.24,0.1826,0.0873,6.841,4.76e-06,65910.02,0.2388,0.08918,0.088,1738.89,2.587e-05,0.2743,0.1103,2.937e-06,0.05525,5.036e-06,71.87,0.8045,0.3617,2.657,0.1674,0.5926,1.1951,74.33,0.1826,0.08738,6.842,4.765e-06,65912.2,0.239,0.08922,0.08816,1739.15,2.585e-05,0.2747,0.1103,2.939e-06,0.05525,5.037e-06,71.88,0.8046,0.3614,2.659,0.1676,0.5927,1.1951,74.26,0.1825,0.0873,6.83,4.76e-06,65865.19,0.2387,0.08913,0.088,1737.72,2.59e-05,0.274,0.11,2.94e-06,0.0552,5.03e-06,71.82,0.804,0.3608,2.657,0.168,0.5921,1.1943,74.335,0.18265,0.0874,6.84,4.747e-06,65921.34,0.2389,0.089213,0.08919,1738.91,2.58e-05,0.2756,0.1107,2.941e-06,0.05529,5.025e-06,71.87,0.80449,0.36204,2.6572,0.1683,0.5936,1.1951,74.4031,0.182626,0.0871,6.8413,4.7551e-06,65929.12,0.2388,0.089358,0.08791,1738.85,2.585e-05,0.2737,0.1102,2.93617e-06,0.0553,5.04e-06,71.787,0.8048,0.3603,2.6585,0.1683,0.591,1.19584,74.333,0.1826,0.0873,6.84,4.764e-06,65926.4,0.239,0.08922,0.088,1738.7,2.589e-05,0.275,0.1103,2.939e-06,0.05524,5.038e-06,71.87,0.8047,0.3619,2.6591,0.1675,0.5926,1.19526,74.31,0.1826,0.08753,6.84,4.768e-06,65928.24,0.2391,0.08917,0.08785,1738.82,2.584e-05,0.2747,0.11033,2.935e-06,0.05527,5.036e-06,71.88,0.8049,0.3614,2.658,0.1673,0.5927,1.195,74.34,0.1827,0.08738,6.842,4.763e-06,65912.5,0.2391,0.08921,0.08812,1738.7,2.587e-05,0.2746,0.11025,2.938e-06,0.05526,5.038e-06,71.88,0.8046,0.3614,2.659,0.1674,0.5929,1.1952
2026-06-15 10:56:00,74.17,0.1826,0.0874,6.838,4.76e-06,65890.94,0.2392,0.08919,0.0881,1738.22,2.584e-05,0.2741,0.1101,2.95e-06,0.05525,5.04e-06,71.85,0.8046,0.3601,2.653,0.1675,0.5931,1.1954,74.15,0.1825,0.0873,6.838,4.755e-06,65888.63,0.2391,0.08921,0.08808,1738.0,2.587e-05,0.2739,0.1102,2.941e-06,0.05525,5.04e-06,71.85,0.8044,0.3605,2.65,0.1674,0.593,1.1954,74.16,0.1826,0.08738,6.838,4.761e-06,65890.8,0.2393,0.08921,0.08809,1738.39,2.585e-05,0.274,0.1102,2.942e-06,0.05529,5.04e-06,71.86,0.8045,0.3603,2.653,0.1676,0.5931,1.1954,74.06,0.1824,0.0873,6.83,4.76e-06,65844.0,0.2391,0.08913,0.088,1737.0,2.59e-05,0.274,0.11,2.94e-06,0.05523,5.04e-06,71.79,0.8041,0.36,2.652,0.168,0.5926,1.1947,74.263,0.18255,0.0874,6.84,4.747e-06,65887.08,0.2389,0.089227,0.08919,1738.26,2.58e-05,0.2756,0.1101,2.941e-06,0.05529,5.025e-06,71.87,0.80456,0.36057,2.6584,0.1683,0.5933,1.1955,74.4031,0.182535,0.0872,6.8386,4.7551e-06,65883.2,0.2391,0.089345,0.0879,1738.96,2.584e-05,0.273,0.1112,2.93617e-06,0.0553,5.04e-06,71.8267,0.8048,0.3589,2.6506,0.1675,0.592,1.19519,74.133,0.1826,0.0875,6.838,4.761e-06,65897.9,0.2393,0.08925,0.0881,1738.2,2.589e-05,0.275,0.1103,2.941e-06,0.05525,5.039e-06,71.86,0.8046,0.3605,2.6539,0.1675,0.5931,1.1956,74.27,0.1826,0.08753,6.84,4.764e-06,65900.01,0.2395,0.0892,0.08812,1738.66,2.586e-05,0.2741,0.1103,2.94e-06,0.05532,5.034e-06,71.86,0.8052,0.36,2.657,0.1672,0.593,1.1953,74.16,0.1826,0.08744,6.839,4.761e-06,65889.7,0.2392,0.0892,0.08813,1738.13,2.587e-05,0.2741,0.1102,2.94e-06,0.05527,5.035e-06,71.86,0.8045,0.3605,2.653,0.1675,0.5931,1.1956
2026-06-15 10:57:00,73.92,0.1825,0.0873,6.831,4.76e-06,65844.7,0.2387,0.08912,0.0879,1736.86,2.582e-05,0.2739,0.1101,2.93e-06,0.05527,5.04e-06,71.76,0.8032,0.3599,2.649,0.1674,0.5927,1.1961,73.92,0.1825,0.0873,6.83,4.75e-06,65846.52,0.2389,0.08913,0.08787,1736.73,2.587e-05,0.2739,0.1101,2.937e-06,0.05528,5.033e-06,71.75,0.8031,0.3598,2.649,0.1672,0.5927,1.1958,73.89,0.1826,0.0873,6.831,4.751e-06,65847.5,0.2388,0.08913,0.08791,1737.12,2.585e-05,0.2739,0.1101,2.939e-06,0.05525,5.034e-06,71.75,0.8031,0.3596,2.651,0.1673,0.5932,1.1959,73.84,0.1825,0.0873,6.83,4.75e-06,65800.97,0.2386,0.0891,0.0879,1735.94,2.59e-05,0.274,0.11,2.94e-06,0.05523,5.03e-06,71.71,0.8026,0.3593,2.647,0.168,0.5939,1.1953,74.083,0.18257,0.0874,6.833,4.747e-06,65848.0,0.2389,0.089165,0.08919,1737.22,2.589e-05,0.2756,0.1101,2.941e-06,0.05529,5.025e-06,71.77,0.80464,0.36057,2.6584,0.1683,0.5929,1.1959,74.0042,0.182563,0.0871,6.8312,4.7551e-06,65857.28,0.2387,0.089345,0.08783,1737.11,2.581e-05,0.2727,0.11,2.93617e-06,0.0553,5.04e-06,71.8267,0.8037,0.3587,2.6477,0.1673,0.591,1.19716,73.864,0.1826,0.0874,6.831,4.754e-06,65854.4,0.2388,0.08913,0.0879,1736.89,2.585e-05,0.2743,0.1102,2.938e-06,0.05528,5.037e-06,71.76,0.803,0.3598,2.6495,0.1672,0.5926,1.19616,74.02,0.1825,0.08727,6.832,4.756e-06,65850.01,0.2386,0.08912,0.08796,1736.98,2.581e-05,0.2739,0.11018,2.938e-06,0.05526,5.034e-06,71.76,0.8031,0.3598,2.648,0.1671,0.5926,1.1958,73.92,0.1826,0.08735,6.834,4.756e-06,65847.2,0.2387,0.08913,0.08789,1736.89,2.587e-05,0.274,0.11007,2.938e-06,0.05527,5.033e-06,71.77,0.8031,0.3596,2.649,0.1673,0.5929,1.1959
2026-06-15 10:58:00,73.92,0.1828,0.0875,6.839,4.75e-06,65890.26,0.2393,0.08924,0.0879,1736.84,2.585e-05,0.2747,0.1102,2.95e-06,0.05529,5.04e-06,71.83,0.8044,0.3606,2.652,0.1676,0.5939,1.1976,74.02,0.1828,0.0873,6.839,4.748e-06,65886.73,0.2391,0.08925,0.08788,1736.73,2.587e-05,0.2742,0.1102,2.942e-06,0.05534,5.037e-06,71.83,0.8043,0.3598,2.649,0.1672,0.5939,1.1976,73.93,0.1828,0.0875,6.839,4.759e-06,65890.4,0.2393,0.08927,0.08795,1737.1,2.585e-05,0.2745,0.1102,2.944e-06,0.05532,5.038e-06,71.82,0.8046,0.3606,2.654,0.1673,0.594,1.1977,73.86,0.1827,0.0873,6.83,4.75e-06,65844.09,0.2392,0.08921,0.0879,1735.81,2.59e-05,0.274,0.11,2.94e-06,0.05521,5.03e-06,71.79,0.804,0.3602,2.652,0.168,0.5936,1.197,74.083,0.1828,0.0874,6.84,4.747e-06,65906.0,0.239,0.089244,0.08919,1736.89,2.589e-05,0.2742,0.1101,2.942e-06,0.05529,5.037e-06,71.9,0.80491,0.36057,2.6584,0.1683,0.5956,1.1976,74.0042,0.182836,0.0873,6.84,4.7386e-06,65908.46,0.239,0.089284,0.08791,1737.14,2.585e-05,0.2735,0.1101,2.93617e-06,0.0553,5.03e-06,71.742,0.8044,0.3595,2.6507,0.1676,0.593,1.19716,73.902,0.183,0.0875,6.841,4.763e-06,65913.7,0.2393,0.08924,0.0879,1737.01,2.585e-05,0.2742,0.1101,2.943e-06,0.05528,5.039e-06,71.83,0.8046,0.3598,2.6524,0.1676,0.5942,1.19776,73.94,0.1828,0.08727,6.843,4.755e-06,65890.01,0.2393,0.08923,0.08792,1736.86,2.584e-05,0.2746,0.11019,2.943e-06,0.05529,5.04e-06,71.84,0.8046,0.3606,2.653,0.1672,0.5947,1.1974,73.92,0.1829,0.08752,6.84,4.757e-06,65890.6,0.2393,0.08923,0.08791,1736.83,2.584e-05,0.2745,0.11019,2.945e-06,0.05532,5.039e-06,71.83,0.8042,0.3606,2.651,0.1673,0.5941,1.1977
2026-06-15 10:59:00,74.2,0.1828,0.0875,6.839,4.76e-06,65917.37,0.2393,0.08922,0.0878,1737.77,2.585e-05,0.2747,0.1102,2.95e-06,0.05526,5.04e-06,71.88,0.804,0.3605,2.653,0.1675,0.5955,1.1995,74.18,0.1828,0.0874,6.839,4.755e-06,65919.99,0.2391,0.08921,0.08775,1737.79,2.587e-05,0.2742,0.1102,2.939e-06,0.05525,5.034e-06,71.88,0.8039,0.3601,2.649,0.1674,0.5955,1.1993,74.19,0.1829,0.08744,6.84,4.762e-06,65923.5,0.2392,0.0892,0.08779,1737.98,2.585e-05,0.2745,0.1102,2.942e-06,0.05524,5.036e-06,71.88,0.8041,0.3603,2.653,0.1676,0.5952,1.1995,74.12,0.1826,0.0873,6.83,4.75e-06,65879.95,0.2392,0.08914,0.0877,1736.44,2.59e-05,0.274,0.11,2.93e-06,0.05521,5.03e-06,71.83,0.8034,0.36,2.65,0.168,0.5947,1.1989,74.083,0.18269,0.0874,6.837,4.747e-06,65911.26,0.239,0.089191,0.08774,1737.99,2.589e-05,0.2742,0.1101,2.942e-06,0.05529,5.037e-06,71.85,0.80383,0.36057,2.6504,0.1683,0.5956,1.1995,74.005,0.182748,0.0872,6.8396,4.7386e-06,65885.58,0.2386,0.089284,0.08762,1737.78,2.584e-05,0.2735,0.1102,2.94682e-06,0.0553,5.03e-06,71.742,0.8043,0.3594,2.6487,0.1675,0.594,1.19871,74.193,0.1828,0.0875,6.84,4.756e-06,65922.8,0.2392,0.0892,0.0877,1737.88,2.585e-05,0.2742,0.1102,2.941e-06,0.05526,5.037e-06,71.88,0.804,0.3604,2.6534,0.1675,0.5956,1.19964,74.18,0.1828,0.08742,6.838,4.76e-06,65920.0,0.2392,0.0892,0.08757,1737.71,2.586e-05,0.2746,0.11018,2.94e-06,0.05527,5.037e-06,71.87,0.8041,0.3604,2.651,0.1672,0.5949,1.1995,74.18,0.1828,0.08751,6.839,4.759e-06,65927.3,0.2393,0.08921,0.08763,1737.73,2.586e-05,0.2745,0.11017,2.941e-06,0.05527,5.037e-06,71.88,0.8039,0.3604,2.651,0.1673,0.5956,1.1995
2026-06-15 11:20:00,73.52,0.1844,0.088,6.916,4.8e-06,66213.68,0.2401,0.08964,0.0876,1750.27,2.605e-05,0.2771,0.1112,2.98e-06,0.05568,5.06e-06,72.45,0.8119,0.3624,2.679,0.1689,0.6205,1.2165,73.5,0.1844,0.088,6.918,4.8e-06,66213.42,0.2399,0.08962,0.08759,1750.21,2.6e-05,0.2769,0.1111,2.98e-06,0.05569,5.068e-06,72.44,0.8118,0.3621,2.678,0.1693,0.6204,1.2164,73.5,0.1844,0.08802,6.915,4.796e-06,66209.3,0.24,0.08964,0.0876,1750.43,2.607e-05,0.2771,0.1111,2.981e-06,0.0557,5.07e-06,72.45,0.812,0.3621,2.679,0.1689,0.6208,1.2164,73.52,0.1843,0.0881,6.91,4.79e-06,66164.25,0.2401,0.08958,0.0876,1749.09,2.61e-05,0.277,0.111,2.97e-06,0.05568,5.06e-06,72.39,0.8116,0.3626,2.677,0.169,0.62,1.2155,73.562,0.18445,0.0882,6.917,4.747e-06,66208.75,0.2392,0.089634,0.08774,1750.11,2.597e-05,0.2742,0.1108,2.98e-06,0.05568,5.059e-06,72.44,0.81184,0.36057,2.6754,0.1683,0.6223,1.2165,73.432,0.184446,0.0878,6.9178,4.7755e-06,66198.65,0.2393,0.089835,0.0876,1750.39,2.605e-05,0.2759,0.1111,2.98415e-06,0.0556,5.06e-06,72.4641,0.8143,0.3611,2.6787,0.1687,0.619,1.21748,73.531,0.1844,0.088,6.916,4.796e-06,66212.3,0.2402,0.08965,0.0877,1750.25,2.605e-05,0.2772,0.1111,2.979e-06,0.05567,5.068e-06,72.44,0.8118,0.3628,2.6786,0.169,0.621,1.21646,73.51,0.1845,0.088,6.918,4.799e-06,66211.59,0.2401,0.08962,0.08763,1750.06,2.606e-05,0.2771,0.11117,2.976e-06,0.05561,5.066e-06,72.44,0.8119,0.3624,2.672,0.1685,0.6216,1.2161,73.51,0.1844,0.08804,6.917,4.797e-06,66207.9,0.2401,0.08963,0.08763,1750.3,2.606e-05,0.277,0.11115,2.98e-06,0.05569,5.068e-06,72.44,0.8119,0.3621,2.678,0.169,0.6206,1.2163
2026-06-15 11:21:00,73.55,0.1847,0.0882,6.921,4.8e-06,66226.01,0.2405,0.08973,0.0877,1751.07,2.609e-05,0.2774,0.1111,2.98e-06,0.05573,5.07e-06,72.45,0.8131,0.3626,2.681,0.1692,0.6253,1.2183,73.56,0.1847,0.088,6.921,4.8e-06,66226.05,0.2404,0.08973,0.08762,1750.98,2.604e-05,0.2771,0.111,2.985e-06,0.05571,5.069e-06,72.45,0.8129,0.3624,2.678,0.1688,0.6257,1.2184,73.54,0.1847,0.08816,6.92,4.795e-06,66229.1,0.2403,0.08973,0.08769,1751.32,2.607e-05,0.2773,0.1111,2.99e-06,0.05571,5.07e-06,72.46,0.8126,0.3624,2.679,0.1693,0.6256,1.2184,73.49,0.1845,0.0881,6.92,4.79e-06,66183.06,0.2402,0.08968,0.0876,1749.95,2.61e-05,0.278,0.111,2.99e-06,0.05568,5.07e-06,72.41,0.8127,0.3622,2.679,0.169,0.6245,1.2176,73.562,0.18461,0.0881,6.921,4.747e-06,66246.84,0.2392,0.089716,0.08774,1751.3,2.597e-05,0.2742,0.1111,2.98e-06,0.05568,5.059e-06,72.45,0.81156,0.36057,2.6754,0.1683,0.6246,1.2182,73.432,0.18473,0.0879,6.9198,4.7755e-06,66207.72,0.2396,0.089835,0.08767,1751.25,2.609e-05,0.2763,0.1111,2.985932e-06,0.0557,5.06e-06,72.2948,0.8142,0.3612,2.6808,0.1692,0.624,1.21748,73.546,0.1847,0.0881,6.917,4.791e-06,66228.0,0.2406,0.08973,0.0876,1751.21,2.609e-05,0.2773,0.111,2.987e-06,0.05573,5.07e-06,72.45,0.8129,0.3627,2.6804,0.1692,0.626,1.21839,73.6,0.1848,0.08813,6.918,4.793e-06,66231.43,0.2404,0.08974,0.08772,1750.98,2.606e-05,0.2773,0.11118,2.979e-06,0.05565,5.068e-06,72.44,0.8132,0.3626,2.678,0.169,0.6229,1.2182,73.59,0.1848,0.08812,6.919,4.795e-06,66225.9,0.2403,0.08973,0.08774,1751.3,2.608e-05,0.2772,0.11115,2.989e-06,0.05568,5.069e-06,72.45,0.8131,0.3625,2.678,0.1691,0.6255,1.2184
2026-06-15 11:22:00,73.6,0.1845,0.0882,6.922,4.8e-06,66264.0,0.2404,0.08976,0.0877,1752.34,2.613e-05,0.2777,0.1112,2.99e-06,0.05574,5.06e-06,72.51,0.8127,0.3627,2.682,0.1694,0.6279,1.2201,73.6,0.1846,0.088,6.923,4.799e-06,66264.7,0.2404,0.08975,0.08765,1752.37,2.61e-05,0.2778,0.1112,2.988e-06,0.05581,5.069e-06,72.5,0.8125,0.363,2.679,0.1694,0.6277,1.2202,73.57,0.1846,0.08824,6.921,4.801e-06,66269.3,0.2404,0.08982,0.0877,1752.64,2.613e-05,0.2776,0.1112,2.989e-06,0.05574,5.071e-06,72.51,0.8128,0.3627,2.68,0.1694,0.6282,1.22,73.55,0.1844,0.088,6.91,4.8e-06,66226.68,0.2405,0.08971,0.0876,1751.21,2.61e-05,0.278,0.111,2.99e-06,0.0557,5.06e-06,72.46,0.8123,0.3623,2.68,0.17,0.6271,1.2193,73.634,0.18461,0.0882,6.922,4.747e-06,66271.48,0.2401,0.089774,0.08774,1752.45,2.597e-05,0.2775,0.1111,2.98e-06,0.05568,5.059e-06,72.5,0.81345,0.36057,2.6754,0.1683,0.6276,1.22,73.432,0.184498,0.088,6.9228,4.7755e-06,66245.8,0.2403,0.09,0.0876,1752.47,2.614e-05,0.2766,0.1111,2.98915e-06,0.0557,5.06e-06,72.2014,0.8161,0.3613,2.6819,0.1692,0.626,1.21881,73.601,0.1845,0.0883,6.921,4.802e-06,66270.9,0.2405,0.0898,0.0877,1752.39,2.613e-05,0.2775,0.1112,2.988e-06,0.05572,5.071e-06,72.49,0.8124,0.363,2.6819,0.1694,0.6278,1.22031,73.7,0.1845,0.08814,6.923,4.804e-06,66260.26,0.2405,0.08977,0.08774,1752.34,2.613e-05,0.2777,0.11128,2.988e-06,0.05574,5.069e-06,72.5,0.8127,0.3626,2.678,0.1691,0.6274,1.2199,73.61,0.1847,0.08818,6.924,4.802e-06,66264.0,0.2406,0.08976,0.08769,1752.45,2.612e-05,0.2778,0.11117,2.99e-06,0.05578,5.072e-06,72.51,0.8126,0.3629,2.68,0.1692,0.6276,1.2203
2026-06-15 11:23:00,73.65,0.1847,0.0882,6.925,4.8e-06,66302.87,0.2405,0.08982,0.0876,1753.51,2.617e-05,0.2778,0.1113,2.98e-06,0.05573,5.08e-06,72.51,0.8133,0.3631,2.684,0.1696,0.627,1.222,73.61,0.1846,0.088,6.928,4.799e-06,66300.56,0.2404,0.08983,0.0875,1753.5,2.615e-05,0.2778,0.1112,2.987e-06,0.05573,5.074e-06,72.51,0.813,0.3629,2.682,0.1694,0.6264,1.222,73.62,0.1847,0.0882,6.927,4.805e-06,66306.3,0.2403,0.08984,0.0875,1753.84,2.613e-05,0.2777,0.1111,2.992e-06,0.05577,5.068e-06,72.51,0.8132,0.3629,2.684,0.1695,0.6275,1.222,73.61,0.1846,0.0882,6.92,4.8e-06,66261.15,0.2405,0.08975,0.0875,1752.49,2.61e-05,0.278,0.111,2.99e-06,0.05571,5.07e-06,72.47,0.8127,0.3627,2.683,0.17,0.6269,1.2212,73.634,0.18459,0.0882,6.925,4.747e-06,66299.42,0.2401,0.089826,0.08774,1753.7,2.597e-05,0.2775,0.1111,2.98e-06,0.05568,5.059e-06,72.52,0.81332,0.36057,2.6754,0.1683,0.6256,1.222,73.432,0.184733,0.088,6.9258,4.7755e-06,66288.3,0.24,0.09,0.08752,1754.13,2.617e-05,0.2768,0.1112,2.98915e-06,0.0557,5.06e-06,72.3798,0.8146,0.3619,2.6834,0.1694,0.625,1.22197,73.628,0.1847,0.0882,6.926,4.805e-06,66310.8,0.2403,0.08984,0.0875,1754.12,2.616e-05,0.2777,0.1112,2.99e-06,0.05572,5.074e-06,72.52,0.813,0.363,2.6829,0.1696,0.6268,1.22213,73.57,0.1846,0.08822,6.926,4.805e-06,66305.51,0.2405,0.08982,0.08764,1753.66,2.617e-05,0.2778,0.11127,2.987e-06,0.05576,5.072e-06,72.5,0.8135,0.363,2.687,0.1693,0.6269,1.222,73.63,0.1847,0.08824,6.926,4.805e-06,66302.7,0.2404,0.08981,0.08753,1753.73,2.617e-05,0.2778,0.11124,2.992e-06,0.05575,5.073e-06,72.51,0.8134,0.363,2.682,0.1696,0.6268,1.2218
2026-06-15 11:24:00,73.69,0.1849,0.0882,6.927,4.8e-06,66314.17,0.2407,0.08981,0.0877,1755.72,2.618e-05,0.2784,0.1112,2.98e-06,0.05577,5.08e-06,72.56,0.8142,0.3632,2.685,0.1696,0.6255,1.2238,73.7,0.1848,0.0882,6.928,4.799e-06,66315.77,0.2404,0.08981,0.08768,1755.64,2.615e-05,0.2785,0.1111,2.988e-06,0.05574,5.073e-06,72.56,0.814,0.3629,2.686,0.1695,0.6257,1.2233,73.69,0.1849,0.08822,6.928,4.804e-06,66314.8,0.2405,0.08986,0.08768,1755.71,2.613e-05,0.2784,0.1112,2.99e-06,0.05577,5.075e-06,72.57,0.8142,0.3631,2.684,0.1695,0.6263,1.2234,73.69,0.1847,0.0882,6.92,4.8e-06,66270.8,0.2405,0.08976,0.0876,1754.91,2.61e-05,0.278,0.111,2.99e-06,0.05576,5.07e-06,72.52,0.8137,0.3628,2.683,0.17,0.6258,1.223,73.634,0.18486,0.0882,6.927,4.747e-06,66321.83,0.2401,0.089796,0.08774,1755.73,2.597e-05,0.2775,0.1111,2.98e-06,0.05568,5.059e-06,72.56,0.81448,0.36057,2.6754,0.1683,0.6262,1.2235,73.6714,0.185042,0.088,6.9298,4.8002e-06,66282.78,0.2396,0.089968,0.08772,1755.54,2.618e-05,0.2772,0.1111,2.99e-06,0.0557,5.06e-06,72.4538,0.8142,0.3617,2.6859,0.1694,0.624,1.22335,73.683,0.1849,0.0882,6.933,4.807e-06,66324.5,0.2403,0.08988,0.0877,1755.66,2.616e-05,0.2784,0.1112,2.988e-06,0.05575,5.073e-06,72.57,0.8145,0.3629,2.6862,0.1695,0.6257,1.22378,73.66,0.1849,0.08822,6.933,4.81e-06,66326.34,0.2407,0.08983,0.08761,1755.88,2.617e-05,0.2785,0.11123,2.989e-06,0.05579,5.073e-06,72.55,0.814,0.3631,2.684,0.1693,0.6263,1.2237,73.71,0.1849,0.08823,6.929,4.804e-06,66311.2,0.2404,0.0898,0.08773,1755.72,2.619e-05,0.2785,0.11125,2.989e-06,0.05577,5.075e-06,72.56,0.8139,0.3631,2.685,0.1696,0.6256,1.2238
2026-06-15 11:25:00,73.89,0.1848,0.0883,6.929,4.8e-06,66337.21,0.242,0.08988,0.0876,1759.31,2.618e-05,0.2788,0.1112,2.99e-06,0.05573,5.08e-06,72.61,0.8145,0.3631,2.683,0.1696,0.6225,1.2242,73.88,0.1847,0.0882,6.929,4.799e-06,66341.49,0.2417,0.08987,0.08768,1759.2,2.615e-05,0.2788,0.1112,2.984e-06,0.05572,5.074e-06,72.61,0.8145,0.3629,2.681,0.1693,0.6226,1.2239,73.85,0.1848,0.08828,6.928,4.807e-06,66339.9,0.2419,0.08988,0.08761,1759.42,2.62e-05,0.2785,0.1112,2.985e-06,0.05573,5.074e-06,72.62,0.8144,0.363,2.682,0.1695,0.6224,1.2241,73.83,0.1846,0.0882,6.93,4.8e-06,66296.97,0.2415,0.08981,0.0876,1758.16,2.61e-05,0.278,0.111,2.98e-06,0.05574,5.07e-06,72.57,0.8141,0.3629,2.681,0.17,0.6227,1.2236,73.634,0.18478,0.0882,6.925,4.747e-06,66339.58,0.2409,0.089872,0.08774,1759.23,2.597e-05,0.2775,0.1111,2.98e-06,0.05568,5.059e-06,72.62,0.81445,0.36057,2.6754,0.1683,0.6227,1.2242,73.758,0.184856,0.088,6.9309,4.8002e-06,66319.89,0.2412,0.09001,0.08763,1759.56,2.617e-05,0.2776,0.1111,2.988785e-06,0.0557,5.06e-06,72.5466,0.815,0.3619,2.6837,0.1694,0.621,1.22308,73.873,0.1848,0.0883,6.931,4.807e-06,66347.3,0.2419,0.08988,0.0876,1759.71,2.617e-05,0.2789,0.1112,2.986e-06,0.05571,5.073e-06,72.6,0.8144,0.3632,2.6839,0.1695,0.6221,1.22485,73.93,0.1847,0.08828,6.933,4.803e-06,66347.7,0.242,0.08985,0.08769,1759.99,2.617e-05,0.2787,0.1112,2.983e-06,0.05578,5.072e-06,72.6,0.8148,0.363,2.682,0.1694,0.6213,1.2244,73.92,0.1848,0.08827,6.93,4.806e-06,66336.4,0.242,0.08987,0.08764,1759.23,2.62e-05,0.2789,0.1112,2.985e-06,0.05573,5.072e-06,72.61,0.8145,0.3629,2.683,0.1695,0.6224,1.2242
2026-06-15 11:26:00,74.04,0.1852,0.0883,6.946,4.82e-06,66314.0,0.2425,0.08989,0.0878,1764.53,2.623e-05,0.2794,0.1115,2.99e-06,0.05585,5.07e-06,72.76,0.8147,0.364,2.688,0.17,0.6252,1.227,74.12,0.1853,0.0883,6.947,4.814e-06,66316.58,0.2426,0.08987,0.08788,1764.63,2.62e-05,0.279,0.1115,2.989e-06,0.05586,5.07e-06,72.76,0.8147,0.3639,2.687,0.17,0.6255,1.2269,74.03,0.1853,0.08835,6.947,4.816e-06,66316.4,0.2425,0.08988,0.08781,1764.28,2.619e-05,0.2792,0.1115,2.992e-06,0.05584,5.069e-06,72.76,0.8145,0.364,2.689,0.17,0.626,1.2267,73.94,0.1852,0.0883,6.94,4.81e-06,66276.0,0.2423,0.08983,0.0877,1763.18,2.62e-05,0.279,0.111,2.99e-06,0.05583,5.07e-06,72.7,0.8142,0.3637,2.687,0.17,0.6248,1.2264,74.086,0.18521,0.0885,6.947,4.747e-06,66320.7,0.2409,0.089892,0.08774,1764.88,2.622e-05,0.2775,0.1116,2.99e-06,0.05584,5.065e-06,72.76,0.81484,0.36057,2.6754,0.1694,0.6256,1.2271,73.758,0.185338,0.0881,6.9469,4.8002e-06,66295.79,0.2416,0.090207,0.08793,1764.74,2.624e-05,0.2782,0.1114,2.988785e-06,0.0557,5.06e-06,72.6143,0.8146,0.3627,2.6871,0.1697,0.623,1.22601,74.045,0.1851,0.0884,6.947,4.819e-06,66322.3,0.2426,0.08991,0.0879,1764.48,2.619e-05,0.2793,0.1115,2.991e-06,0.05585,5.069e-06,72.76,0.8145,0.3641,2.6879,0.17,0.6262,1.22702,74.13,0.1852,0.08837,6.946,4.825e-06,66321.8,0.2426,0.08988,0.08787,1764.29,2.62e-05,0.2794,0.11151,2.992e-06,0.05582,5.068e-06,72.77,0.8147,0.3639,2.688,0.1698,0.6259,1.2269,74.04,0.1854,0.08836,6.947,4.816e-06,66314.7,0.2426,0.08986,0.08787,1764.77,2.62e-05,0.2793,0.11152,2.991e-06,0.05583,5.069e-06,72.77,0.8148,0.3641,2.688,0.17,0.6252,1.2271
2026-06-15 11:27:00,73.95,0.1849,0.0882,6.938,4.81e-06,66254.99,0.2411,0.08984,0.0878,1760.53,2.624e-05,0.2788,0.1112,2.99e-06,0.05578,5.07e-06,72.64,0.813,0.3636,2.681,0.1696,0.6219,1.2242,73.96,0.185,0.0882,6.937,4.814e-06,66256.33,0.2409,0.08982,0.08774,1760.43,2.622e-05,0.2786,0.1112,2.986e-06,0.0558,5.067e-06,72.64,0.813,0.3635,2.679,0.1695,0.6221,1.2246,73.95,0.1849,0.08819,6.936,4.814e-06,66258.4,0.241,0.08982,0.08772,1760.46,2.624e-05,0.2789,0.1113,2.988e-06,0.05581,5.069e-06,72.64,0.8131,0.3634,2.682,0.1695,0.6227,1.2244,73.9,0.1849,0.0882,6.93,4.8e-06,66218.02,0.2406,0.08978,0.0878,1759.44,2.62e-05,0.279,0.112,2.99e-06,0.05584,5.07e-06,72.59,0.8126,0.3635,2.68,0.17,0.6216,1.2236,74.086,0.18494,0.0883,6.936,4.747e-06,66252.84,0.2412,0.089835,0.08774,1760.61,2.622e-05,0.2775,0.1114,2.99e-06,0.05584,5.065e-06,72.63,0.81327,0.36057,2.6884,0.1694,0.6225,1.2247,73.758,0.185091,0.088,6.9377,4.8002e-06,66240.61,0.2402,0.090207,0.08772,1760.62,2.623e-05,0.2776,0.1113,2.988785e-06,0.0557,5.06e-06,72.5345,0.8129,0.3622,2.681,0.1692,0.62,1.22574,73.974,0.185,0.0883,6.937,4.81e-06,66265.4,0.2411,0.08985,0.0877,1760.67,2.623e-05,0.2793,0.1113,2.988e-06,0.05579,5.067e-06,72.63,0.8131,0.3636,2.6811,0.1698,0.6221,1.22474,73.9,0.185,0.08837,6.936,4.818e-06,66257.49,0.2409,0.08984,0.08771,1760.23,2.623e-05,0.2788,0.11132,2.986e-06,0.05578,5.066e-06,72.64,0.814,0.3635,2.685,0.1692,0.6223,1.2243,73.94,0.1849,0.08821,6.937,4.813e-06,66251.3,0.2409,0.08982,0.08769,1760.6,2.624e-05,0.2787,0.11128,2.989e-06,0.0558,5.067e-06,72.63,0.813,0.3636,2.68,0.1695,0.622,1.2242
2026-06-15 11:28:00,73.96,0.1848,0.0882,6.93,4.8e-06,66225.99,0.241,0.08977,0.0878,1759.96,2.622e-05,0.2785,0.1113,2.98e-06,0.05581,5.07e-06,72.58,0.8128,0.3632,2.679,0.1693,0.6229,1.2229,73.94,0.1847,0.0882,6.93,4.804e-06,66226.61,0.2409,0.08977,0.08776,1759.82,2.62e-05,0.2786,0.1113,2.981e-06,0.0558,5.065e-06,72.57,0.8123,0.3633,2.677,0.1695,0.6228,1.223,73.94,0.1848,0.0882,6.93,4.805e-06,66231.1,0.241,0.08976,0.08778,1760.04,2.624e-05,0.2784,0.1113,2.983e-06,0.0558,5.065e-06,72.57,0.8127,0.3631,2.678,0.1692,0.6229,1.223,73.92,0.1847,0.0882,6.93,4.79e-06,66188.89,0.2406,0.08972,0.0878,1758.8,2.62e-05,0.279,0.112,2.99e-06,0.05581,5.06e-06,72.52,0.8125,0.3629,2.678,0.17,0.6226,1.2223,74.026,0.18473,0.0883,6.939,4.747e-06,66232.3,0.2412,0.089743,0.08774,1760.04,2.622e-05,0.2775,0.1114,2.99e-06,0.05584,5.065e-06,72.57,0.81345,0.36057,2.6884,0.1694,0.6229,1.223,73.758,0.18485,0.0879,6.9311,4.8002e-06,66209.94,0.241,0.090207,0.08771,1759.58,2.621e-05,0.2773,0.1112,2.984e-06,0.0558,5.06e-06,72.2762,0.8128,0.3618,2.679,0.1692,0.621,1.22268,73.964,0.1848,0.0882,6.928,4.804e-06,66229.0,0.241,0.08978,0.0878,1759.92,2.622e-05,0.2793,0.1112,2.982e-06,0.0558,5.062e-06,72.55,0.8123,0.3632,2.6792,0.1692,0.6225,1.22298,74.06,0.1848,0.08822,6.93,4.807e-06,66228.79,0.241,0.08978,0.08771,1759.82,2.623e-05,0.2787,0.11134,2.982e-06,0.0558,5.061e-06,72.57,0.8124,0.3632,2.681,0.1689,0.6223,1.2229,73.95,0.1848,0.08823,6.931,4.805e-06,66230.6,0.2409,0.08975,0.0878,1759.99,2.62e-05,0.2786,0.1113,2.984e-06,0.05581,5.063e-06,72.57,0.8128,0.3633,2.678,0.1695,0.6222,1.2231
2026-06-15 11:29:00,74.14,0.185,0.0882,6.938,4.81e-06,66258.96,0.241,0.08981,0.0879,1761.91,2.628e-05,0.2787,0.1113,2.98e-06,0.05587,5.06e-06,72.68,0.8136,0.3635,2.683,0.1693,0.6237,1.2229,74.15,0.1848,0.088,6.94,4.807e-06,66259.99,0.2407,0.08979,0.08792,1761.92,2.628e-05,0.2786,0.1112,2.984e-06,0.05588,5.064e-06,72.68,0.8136,0.3633,2.677,0.1692,0.6236,1.2232,74.13,0.1849,0.08825,6.938,4.807e-06,66264.1,0.2409,0.08979,0.0879,1762.13,2.619e-05,0.2786,0.1113,2.986e-06,0.05586,5.065e-06,72.68,0.8137,0.3635,2.68,0.1692,0.6236,1.2229,74.1,0.1847,0.0882,6.93,4.8e-06,66223.03,0.2408,0.08973,0.0879,1760.92,2.62e-05,0.279,0.112,2.99e-06,0.05592,5.05e-06,72.64,0.8131,0.3632,2.68,0.17,0.6226,1.2223,74.087,0.18489,0.0883,6.94,4.794e-06,66254.54,0.2412,0.089799,0.08774,1762.01,2.622e-05,0.2775,0.1114,2.99e-06,0.05593,5.065e-06,72.69,0.81345,0.36394,2.6884,0.1694,0.6226,1.2229,73.758,0.184902,0.0881,6.9391,4.8002e-06,66227.88,0.2404,0.089867,0.08781,1761.03,2.627e-05,0.2775,0.1113,2.986034e-06,0.0558,5.06e-06,72.628,0.8137,0.3622,2.6821,0.1691,0.622,1.22268,74.147,0.1848,0.0882,6.937,4.807e-06,66265.5,0.241,0.0898,0.0879,1761.99,2.625e-05,0.2793,0.1112,2.987e-06,0.05588,5.064e-06,72.67,0.8134,0.3632,2.6822,0.1693,0.6237,1.22297,73.98,0.1849,0.08818,6.936,4.81e-06,66267.8,0.2411,0.0898,0.08781,1761.67,2.623e-05,0.2787,0.11139,2.985e-06,0.05591,5.061e-06,72.66,0.8136,0.3637,2.679,0.1689,0.6233,1.2229,74.13,0.1849,0.08825,6.94,4.806e-06,66263.6,0.2408,0.0898,0.08794,1761.86,2.618e-05,0.2784,0.11136,2.987e-06,0.05587,5.064e-06,72.67,0.8136,0.3632,2.681,0.1692,0.6238,1.2231
2026-06-15 11:30:00,74.26,0.1852,0.0883,6.941,4.8e-06,66264.01,0.241,0.08987,0.0878,1762.47,2.628e-05,0.279,0.1115,2.98e-06,0.05587,5.06e-06,72.69,0.814,0.3637,2.686,0.1697,0.621,1.2256,74.26,0.1852,0.0882,6.941,4.802e-06,66260.0,0.2407,0.08986,0.08784,1762.32,2.628e-05,0.279,0.1115,2.986e-06,0.05586,5.067e-06,72.7,0.814,0.3633,2.684,0.1693,0.6211,1.2254,74.25,0.1852,0.08831,6.942,4.809e-06,66261.6,0.2411,0.08985,0.08782,1762.6,2.619e-05,0.2788,0.1116,2.989e-06,0.05587,5.067e-06,72.7,0.8141,0.3636,2.686,0.1697,0.6211,1.2254,74.24,0.1852,0.0882,6.93,4.81e-06,66226.33,0.2408,0.08983,0.0878,1761.55,2.62e-05,0.279,0.112,2.99e-06,0.05585,5.05e-06,72.64,0.8133,0.3635,2.684,0.17,0.6208,1.2248,74.247,0.18525,0.0883,6.94,4.794e-06,66266.3,0.2412,0.089846,0.08774,1762.7,2.622e-05,0.2775,0.1118,2.99e-06,0.05593,5.065e-06,72.69,0.81386,0.36394,2.6884,0.1694,0.6242,1.2254,74.109,0.185273,0.0882,6.9411,4.8008e-06,66236.38,0.2404,0.089867,0.08781,1762.17,2.627e-05,0.2778,0.1114,2.986034e-06,0.0558,5.06e-06,72.618,0.8146,0.3623,2.6861,0.1696,0.619,1.22268,74.298,0.1852,0.0883,6.94,4.81e-06,66272.1,0.241,0.08985,0.0879,1762.5,2.627e-05,0.2793,0.1116,2.989e-06,0.05586,5.067e-06,72.71,0.8141,0.3632,2.6866,0.1696,0.6215,1.22538,74.27,0.1852,0.08827,6.941,4.81e-06,66267.17,0.241,0.08986,0.08783,1762.13,2.627e-05,0.279,0.11143,2.986e-06,0.05591,5.063e-06,72.7,0.8138,0.3637,2.685,0.1694,0.6213,1.2255,74.26,0.1852,0.0883,6.941,4.807e-06,66261.3,0.2409,0.08985,0.08788,1762.49,2.626e-05,0.2791,0.11156,2.99e-06,0.05587,5.066e-06,72.7,0.814,0.3636,2.687,0.1692,0.6211,1.2257
2026-06-15 11:31:00,74.29,0.185,0.0883,6.931,4.8e-06,66186.0,0.2408,0.0898,0.0877,1760.84,2.626e-05,0.2789,0.1115,2.98e-06,0.05583,5.06e-06,72.58,0.812,0.3636,2.685,0.1696,0.6189,1.2254,74.26,0.185,0.0882,6.929,4.806e-06,66184.81,0.2405,0.0898,0.08767,1760.71,2.631e-05,0.279,0.1115,2.987e-06,0.05581,5.068e-06,72.59,0.8121,0.3635,2.684,0.1693,0.6191,1.2255,74.25,0.185,0.08823,6.929,4.808e-06,66187.5,0.2407,0.0898,0.08765,1761.02,2.632e-05,0.2789,0.1114,2.989e-06,0.05583,5.069e-06,72.58,0.8123,0.3635,2.683,0.1696,0.6193,1.2253,74.26,0.1849,0.0882,6.92,4.8e-06,66152.38,0.2408,0.08976,0.0876,1759.94,2.63e-05,0.279,0.112,2.98e-06,0.05577,5.05e-06,72.55,0.8119,0.3633,2.682,0.17,0.6195,1.2247,74.247,0.18497,0.0883,6.931,4.818e-06,66181.5,0.2412,0.089796,0.08774,1760.94,2.622e-05,0.2775,0.1118,2.99e-06,0.05593,5.061e-06,72.58,0.81206,0.36394,2.6884,0.1694,0.6167,1.2254,74.343,0.185035,0.0881,6.9302,4.8008e-06,66172.35,0.24,0.0898,0.08761,1760.53,2.624e-05,0.2777,0.1111,2.986034e-06,0.0558,5.06e-06,72.5443,0.8158,0.3623,2.6843,0.1695,0.617,1.22501,74.314,0.185,0.0884,6.93,4.806e-06,66188.5,0.241,0.08982,0.0877,1760.95,2.624e-05,0.2792,0.1116,2.987e-06,0.0558,5.065e-06,72.58,0.8122,0.3638,2.6846,0.1696,0.6163,1.22515,74.24,0.185,0.0885,6.929,4.819e-06,66178.01,0.2408,0.0898,0.08783,1760.85,2.624e-05,0.2789,0.11147,2.991e-06,0.0558,5.062e-06,72.58,0.812,0.3636,2.684,0.1693,0.6163,1.2251,74.28,0.185,0.0884,6.931,4.808e-06,66191.5,0.2405,0.0898,0.08772,1760.81,2.629e-05,0.2794,0.11145,2.988e-06,0.05587,5.064e-06,72.59,0.8123,0.3635,2.684,0.1692,0.619,1.2255
2026-06-15 11:32:00,74.11,0.1847,0.0881,6.92,4.8e-06,66174.17,0.2406,0.08972,0.0876,1760.02,2.622e-05,0.2785,0.1114,2.99e-06,0.05572,5.05e-06,72.46,0.8115,0.3631,2.682,0.1694,0.6231,1.2209,74.06,0.1846,0.0881,6.92,4.796e-06,66176.74,0.2403,0.08971,0.08757,1759.87,2.631e-05,0.279,0.1113,2.984e-06,0.05578,5.052e-06,72.46,0.8116,0.3632,2.681,0.1693,0.6235,1.2208,74.09,0.1847,0.08814,6.92,4.802e-06,66176.5,0.2404,0.08971,0.08757,1760.22,2.632e-05,0.2785,0.1114,2.983e-06,0.05574,5.054e-06,72.46,0.8114,0.363,2.681,0.1693,0.6231,1.2208,74.02,0.1845,0.0883,6.92,4.8e-06,66142.52,0.2404,0.08968,0.0875,1759.03,2.63e-05,0.279,0.112,2.98e-06,0.05577,5.06e-06,72.41,0.8111,0.3628,2.682,0.17,0.6229,1.2201,74.292,0.18464,0.0882,6.927,4.818e-06,66181.26,0.2412,0.089705,0.08774,1760.21,2.622e-05,0.2775,0.1118,2.99e-06,0.05593,5.061e-06,72.47,0.81125,0.36394,2.6884,0.1694,0.6231,1.2208,74.343,0.184688,0.0881,6.9212,4.8008e-06,66172.34,0.2402,0.0898,0.08763,1760.06,2.62e-05,0.2772,0.1113,2.986034e-06,0.0557,5.06e-06,72.4045,0.8161,0.3617,2.6813,0.169,0.621,1.22143,74.134,0.1846,0.0882,6.92,4.803e-06,66182.3,0.2407,0.08974,0.0876,1759.92,2.621e-05,0.2792,0.1113,2.983e-06,0.05571,5.053e-06,72.47,0.8115,0.363,2.6827,0.1692,0.6233,1.22093,74.16,0.1846,0.08822,6.927,4.8e-06,66177.16,0.2405,0.08972,0.08761,1759.9,2.622e-05,0.2785,0.11131,2.981e-06,0.0558,5.052e-06,72.46,0.8115,0.3632,2.682,0.169,0.6223,1.2206,74.09,0.1847,0.08816,6.922,4.8e-06,66174.3,0.2403,0.08971,0.08762,1759.95,2.621e-05,0.2785,0.11132,2.982e-06,0.05574,5.053e-06,72.46,0.8115,0.363,2.681,0.1693,0.6233,1.221
2026-06-15 12:22:00,74.23,0.1856,0.0879,6.892,4.88e-06,66253.68,0.2391,0.08967,0.0867,1762.88,2.642e-05,0.2766,0.1114,2.97e-06,0.05574,5.07e-06,72.47,0.8101,0.3645,2.682,0.1688,0.6111,1.2338,74.23,0.1854,0.0877,6.893,4.872e-06,66255.0,0.2392,0.08966,0.08655,1762.9,2.636e-05,0.2757,0.1114,2.971e-06,0.05571,5.067e-06,72.46,0.81,0.363,2.677,0.1688,0.611,1.2337,74.24,0.1854,0.0878,6.891,4.875e-06,66257.1,0.2388,0.08961,0.08663,1763.07,2.637e-05,0.2766,0.1114,2.972e-06,0.05569,5.069e-06,72.47,0.8101,0.3645,2.68,0.1688,0.6114,1.2339,74.19,0.1854,0.0878,6.89,4.87e-06,66214.0,0.2388,0.08963,0.0866,1761.97,2.64e-05,0.275,0.112,2.97e-06,0.05566,5.07e-06,72.42,0.81,0.3641,2.68,0.169,0.6104,1.2332,74.217,0.18546,0.088,6.883,4.87e-06,66255.99,0.2391,0.089667,0.08774,1763.24,2.623e-05,0.2775,0.1113,2.98e-06,0.05566,5.061e-06,72.46,0.80916,0.36394,2.6834,0.1694,0.6109,1.2337,74.212,0.185558,0.0876,6.8909,4.8655e-06,66247.66,0.2389,0.089719,0.08671,1762.33,2.636e-05,0.2755,0.1114,2.967569e-06,0.0556,5.06e-06,72.3465,0.8176,0.3633,2.6818,0.169,0.61,1.23058,74.231,0.1855,0.0879,6.89,4.879e-06,66259.5,0.2393,0.08964,0.0867,1762.7,2.638e-05,0.2763,0.1115,2.971e-06,0.05571,5.067e-06,72.46,0.8099,0.3628,2.6814,0.1688,0.6112,1.2337,74.22,0.1856,0.0879,6.888,4.879e-06,66250.0,0.239,0.08968,0.08657,1762.61,2.642e-05,0.2767,0.11142,2.97e-06,0.05565,5.067e-06,72.46,0.81,0.3645,2.681,0.1687,0.6107,1.2338,74.26,0.1855,0.08779,6.891,4.875e-06,66261.5,0.239,0.08967,0.08668,1763.09,2.642e-05,0.2763,0.11146,2.971e-06,0.05573,5.068e-06,72.46,0.81,0.3644,2.679,0.1687,0.6113,1.2339
2026-06-15 12:24:00,74.34,0.1864,0.088,6.902,4.91e-06,66293.31,0.2397,0.08982,0.0872,1764.36,2.648e-05,0.2771,0.1117,2.97e-06,0.05581,5.08e-06,72.55,0.8123,0.3654,2.686,0.1693,0.6157,1.2374,74.23,0.1866,0.0879,6.901,4.904e-06,66294.74,0.2392,0.08981,0.08713,1764.16,2.636e-05,0.2757,0.1114,2.974e-06,0.05578,5.076e-06,72.55,0.8117,0.3655,2.677,0.1691,0.6155,1.2372,74.34,0.1865,0.08805,6.9,4.906e-06,66297.4,0.2396,0.08982,0.08711,1764.64,2.637e-05,0.277,0.1118,2.977e-06,0.05581,5.078e-06,72.56,0.8122,0.3654,2.685,0.1694,0.616,1.2373,74.28,0.1864,0.088,6.9,4.91e-06,66254.91,0.2393,0.08975,0.0871,1763.52,2.65e-05,0.275,0.112,2.97e-06,0.05574,5.07e-06,72.51,0.8122,0.3651,2.685,0.169,0.6151,1.2368,74.317,0.18646,0.088,6.904,4.87e-06,66286.02,0.2391,0.089783,0.08774,1764.57,2.623e-05,0.2775,0.1113,2.98e-06,0.05566,5.061e-06,72.55,0.80916,0.36394,2.6834,0.1694,0.6144,1.2373,74.212,0.186544,0.0876,6.9033,4.8856e-06,66295.98,0.239,0.08978,0.08692,1763.82,2.642e-05,0.2759,0.1116,2.97257e-06,0.0557,5.07e-06,72.302,0.8176,0.3638,2.6862,0.1694,0.613,1.23673,74.362,0.1865,0.088,6.9,4.908e-06,66296.9,0.2393,0.08977,0.0871,1764.49,2.649e-05,0.2769,0.1117,2.975e-06,0.05578,5.077e-06,72.56,0.812,0.3653,2.6863,0.1692,0.6159,1.23739,74.29,0.1865,0.08803,6.904,4.907e-06,66296.39,0.2397,0.08981,0.08689,1764.22,2.647e-05,0.2771,0.1116,2.975e-06,0.05583,5.077e-06,72.54,0.8121,0.3654,2.686,0.1691,0.6151,1.2373,74.35,0.1865,0.08793,6.903,4.908e-06,66296.1,0.2396,0.08982,0.08715,1764.37,2.646e-05,0.2768,0.11175,2.974e-06,0.05577,5.075e-06,72.54,0.8123,0.3653,2.685,0.1693,0.616,1.2372
2026-06-15 12:25:00,74.03,0.1865,0.0881,6.906,4.93e-06,66293.79,0.2396,0.08984,0.0871,1764.39,2.65e-05,0.2769,0.1116,2.98e-06,0.05583,5.08e-06,72.57,0.8117,0.3652,2.686,0.1696,0.6141,1.2359,74.09,0.1864,0.0879,6.905,4.931e-06,66288.54,0.2392,0.08983,0.08716,1764.55,2.65e-05,0.2757,0.1116,2.977e-06,0.05581,5.076e-06,72.57,0.812,0.3655,2.684,0.1695,0.6137,1.2358,74.08,0.1865,0.08806,6.905,4.933e-06,66296.0,0.2395,0.08986,0.08717,1764.64,2.637e-05,0.2768,0.1117,2.979e-06,0.05581,5.08e-06,72.58,0.812,0.3651,2.684,0.1696,0.6145,1.2358,74.06,0.1863,0.0879,6.91,4.93e-06,66249.55,0.2395,0.08982,0.0871,1763.39,2.65e-05,0.275,0.112,2.98e-06,0.05574,5.07e-06,72.54,0.8116,0.3649,2.685,0.169,0.6137,1.2351,74.147,0.18637,0.088,6.906,4.87e-06,66292.45,0.2391,0.089806,0.08774,1764.62,2.623e-05,0.2775,0.1113,2.98e-06,0.05566,5.061e-06,72.57,0.80916,0.36394,2.6834,0.1694,0.6158,1.2359,74.212,0.186508,0.0878,6.9057,4.9274e-06,66303.79,0.2394,0.089879,0.08711,1763.69,2.643e-05,0.2758,0.1116,2.97257e-06,0.0557,5.07e-06,72.302,0.8176,0.3636,2.6867,0.1696,0.612,1.23568,74.087,0.1864,0.0881,6.906,4.932e-06,66297.9,0.2393,0.08984,0.0872,1764.54,2.65e-05,0.2769,0.1117,2.977e-06,0.05579,5.078e-06,72.58,0.8115,0.3651,2.6853,0.1694,0.6152,1.23575,74.26,0.1865,0.08806,6.905,4.933e-06,66292.22,0.2397,0.08985,0.08713,1764.34,2.65e-05,0.2768,0.11171,2.976e-06,0.05579,5.081e-06,72.56,0.8116,0.3652,2.686,0.1696,0.6148,1.2356,74.07,0.1864,0.08799,6.906,4.932e-06,66299.0,0.2395,0.08985,0.08714,1764.53,2.65e-05,0.2768,0.11165,2.976e-06,0.05585,5.076e-06,72.57,0.8116,0.3652,2.684,0.1695,0.6146,1.2359
2026-06-15 12:26:00,74.04,0.1863,0.088,6.901,4.94e-06,66290.01,0.2398,0.08984,0.0871,1764.12,2.651e-05,0.2755,0.1115,2.97e-06,0.0558,5.08e-06,72.55,0.8122,0.365,2.686,0.1695,0.6141,1.2337,74.17,0.1865,0.0879,6.903,4.94e-06,66284.0,0.2392,0.08988,0.08711,1764.03,2.652e-05,0.2754,0.1116,2.976e-06,0.05581,5.076e-06,72.55,0.8121,0.365,2.686,0.1696,0.6144,1.2338,74.05,0.1864,0.08805,6.899,4.939e-06,66287.4,0.2395,0.08983,0.08713,1764.28,2.65e-05,0.2755,0.1115,2.982e-06,0.05582,5.078e-06,72.54,0.812,0.365,2.685,0.1696,0.6141,1.2336,74.0,0.1863,0.0879,6.91,4.93e-06,66243.12,0.2395,0.08978,0.087,1763.1,2.65e-05,0.275,0.112,2.97e-06,0.05574,5.07e-06,72.5,0.8117,0.3648,2.684,0.169,0.6136,1.2331,74.147,0.18634,0.088,6.904,4.87e-06,66292.68,0.2391,0.089846,0.08774,1764.31,2.623e-05,0.2752,0.1113,2.98e-06,0.05566,5.061e-06,72.56,0.80916,0.36394,2.6834,0.1694,0.6151,1.2337,74.212,0.186383,0.0878,6.9004,4.9385e-06,66307.08,0.2394,0.089879,0.08711,1763.87,2.644e-05,0.2759,0.1115,2.97931e-06,0.0557,5.07e-06,72.302,0.818,0.3634,2.6868,0.1696,0.613,1.23568,74.049,0.1864,0.0881,6.901,4.939e-06,66294.3,0.2393,0.08986,0.0871,1764.26,2.65e-05,0.2754,0.1115,2.977e-06,0.05579,5.076e-06,72.56,0.812,0.3652,2.686,0.1696,0.6144,1.23376,74.13,0.1864,0.08803,6.902,4.943e-06,66293.36,0.2397,0.08983,0.08705,1764.25,2.65e-05,0.2758,0.11164,2.978e-06,0.05581,5.078e-06,72.54,0.8122,0.3649,2.689,0.1694,0.6139,1.2338,74.08,0.1864,0.08803,6.904,4.94e-06,66284.6,0.2395,0.08984,0.08713,1764.17,2.651e-05,0.2753,0.11152,2.979e-06,0.0558,5.076e-06,72.55,0.812,0.365,2.684,0.1696,0.6143,1.234
2026-06-15 12:27:00,73.94,0.1864,0.088,6.9,4.95e-06,66256.01,0.2395,0.0898,0.0871,1763.63,2.647e-05,0.2745,0.1114,2.98e-06,0.05574,5.08e-06,72.49,0.8121,0.3647,2.685,0.1695,0.6142,1.232,74.06,0.1864,0.0879,6.899,4.944e-06,66251.23,0.2394,0.08979,0.08706,1763.78,2.652e-05,0.2745,0.1114,2.976e-06,0.05573,5.076e-06,72.49,0.812,0.365,2.683,0.1696,0.6144,1.2318,73.97,0.1863,0.088,6.899,4.946e-06,66254.3,0.2395,0.08982,0.08707,1763.85,2.649e-05,0.2744,0.1115,2.978e-06,0.05575,5.076e-06,72.5,0.812,0.3647,2.684,0.1696,0.6145,1.232,73.9,0.1862,0.0879,6.9,4.95e-06,66211.28,0.2394,0.08972,0.087,1762.6,2.65e-05,0.274,0.112,2.97e-06,0.05569,5.07e-06,72.44,0.8117,0.3644,2.684,0.169,0.614,1.2314,74.017,0.18637,0.088,6.899,4.947e-06,66266.46,0.2391,0.089789,0.08774,1763.78,2.623e-05,0.2745,0.1113,2.98e-06,0.05566,5.061e-06,72.5,0.81249,0.36394,2.6834,0.1694,0.6151,1.2319,74.212,0.186381,0.0878,6.8996,4.9385e-06,66278.29,0.2391,0.089879,0.08701,1763.49,2.641e-05,0.2746,0.1115,2.97931e-06,0.0556,5.07e-06,72.302,0.8167,0.3632,2.6867,0.1695,0.613,1.23568,73.964,0.1864,0.088,6.899,4.951e-06,66261.4,0.2394,0.08981,0.0871,1763.8,2.65e-05,0.2743,0.1115,2.976e-06,0.0557,5.077e-06,72.5,0.8119,0.3652,2.6851,0.1695,0.6147,1.23198,74.08,0.1863,0.08808,6.898,4.939e-06,66256.55,0.2394,0.08981,0.0871,1763.61,2.647e-05,0.2749,0.1115,2.973e-06,0.05575,5.083e-06,72.49,0.8125,0.3647,2.686,0.1694,0.6147,1.2322,73.98,0.1864,0.08802,6.901,4.947e-06,66260.1,0.2394,0.08979,0.08709,1763.71,2.651e-05,0.2747,0.11148,2.976e-06,0.05573,5.076e-06,72.49,0.8123,0.3647,2.684,0.1694,0.6145,1.232
2026-06-15 12:44:00,74.2,0.1892,0.0885,6.945,4.95e-06,66470.0,0.2417,0.0902,0.0877,1774.56,2.693e-05,0.278,0.112,2.99e-06,0.05598,5.1e-06,72.95,0.8149,0.3668,2.707,0.1707,0.6118,1.2459,74.2,0.1892,0.0883,6.946,4.937e-06,66475.22,0.2415,0.09021,0.08767,1774.6,2.689e-05,0.2777,0.112,2.995e-06,0.05597,5.105e-06,72.96,0.8149,0.3664,2.702,0.1707,0.6115,1.2461,74.21,0.1892,0.08856,6.947,4.942e-06,66476.84,0.2414,0.09021,0.08766,1774.57,2.692e-05,0.2779,0.1121,2.996e-06,0.05596,5.102e-06,72.97,0.8147,0.3667,2.706,0.1707,0.6116,1.246,74.16,0.1891,0.0885,6.94,4.94e-06,66437.88,0.2414,0.09015,0.0876,1773.53,2.69e-05,0.278,0.112,2.99e-06,0.05596,5.1e-06,72.92,0.8144,0.3664,2.704,0.171,0.6112,1.2452,74.097,0.1891,0.088,6.944,4.909e-06,66471.47,0.2399,0.090232,0.08774,1774.62,2.623e-05,0.2778,0.1117,2.97e-06,0.05592,5.102e-06,72.95,0.81504,0.36394,2.6834,0.1704,0.6112,1.2457,74.0968,0.18924,0.0882,6.9469,4.9183e-06,66472.94,0.2407,0.0903,0.08759,1774.37,2.688e-05,0.2772,0.1119,2.995084e-06,0.0558,5.09e-06,72.7026,0.8202,0.3654,2.7049,0.1705,0.609,1.246,74.228,0.1891,0.0885,6.945,4.943e-06,66476.1,0.2417,0.0902,0.0877,1774.43,2.69e-05,0.2778,0.1121,2.995e-06,0.05598,5.103e-06,72.95,0.8149,0.3667,2.707,0.1706,0.612,1.24597,74.06,0.1891,0.08862,6.945,4.939e-06,66470.91,0.2416,0.0902,0.08767,1774.55,2.692e-05,0.278,0.11163,2.991e-06,0.05599,5.103e-06,72.96,0.8149,0.3668,2.706,0.1705,0.6117,1.2456,74.2,0.1891,0.08855,6.948,4.944e-06,66470.0,0.2415,0.09021,0.08758,1774.49,2.694e-05,0.2778,0.11207,2.995e-06,0.05596,5.103e-06,72.96,0.8149,0.3666,2.705,0.1706,0.6121,1.2458
2026-06-15 12:45:00,74.05,0.1889,0.0886,6.944,4.93e-06,66436.49,0.2414,0.09015,0.0877,1774.16,2.693e-05,0.2781,0.1119,2.99e-06,0.05594,5.1e-06,72.9,0.8146,0.3665,2.702,0.1706,0.6085,1.2469,74.04,0.1889,0.0885,6.944,4.925e-06,66434.48,0.2414,0.09016,0.0876,1774.04,2.691e-05,0.2777,0.1119,2.992e-06,0.05597,5.105e-06,72.89,0.8148,0.3666,2.7,0.1707,0.6086,1.2469,74.06,0.1889,0.08855,6.944,4.926e-06,66437.2,0.2414,0.09017,0.08761,1774.12,2.694e-05,0.2781,0.1119,2.994e-06,0.05598,5.102e-06,72.91,0.8146,0.3664,2.701,0.1706,0.6086,1.2468,74.01,0.1887,0.0884,6.94,4.93e-06,66394.49,0.2414,0.09012,0.0875,1772.91,2.69e-05,0.278,0.112,2.99e-06,0.05589,5.1e-06,72.86,0.8147,0.3661,2.699,0.171,0.6082,1.2462,74.097,0.1889,0.088,6.943,4.909e-06,66438.41,0.2399,0.09015,0.08774,1774.11,2.623e-05,0.278,0.1117,2.97e-06,0.05592,5.102e-06,72.9,0.81467,0.36394,2.6834,0.1704,0.6088,1.2468,74.0968,0.188901,0.0883,6.944,4.9183e-06,66435.5,0.2408,0.0903,0.08759,1774.31,2.687e-05,0.2772,0.1118,2.995084e-06,0.0558,5.09e-06,72.7026,0.8202,0.365,2.701,0.1704,0.607,1.246,74.082,0.1889,0.0886,6.943,4.929e-06,66439.0,0.2417,0.09017,0.0876,1774.03,2.694e-05,0.2778,0.1119,2.994e-06,0.05593,5.102e-06,72.92,0.8146,0.3667,2.7015,0.1705,0.6087,1.24669,74.18,0.1889,0.08865,6.944,4.935e-06,66432.28,0.2415,0.09016,0.08769,1774.16,2.69e-05,0.278,0.11204,2.995e-06,0.05599,5.103e-06,72.89,0.815,0.3664,2.705,0.1703,0.6076,1.2465,74.07,0.1888,0.08856,6.946,4.929e-06,66436.4,0.2416,0.09016,0.08763,1774.0,2.695e-05,0.278,0.11192,2.993e-06,0.05594,5.102e-06,72.9,0.8146,0.3662,2.701,0.1706,0.6091,1.2463
2026-06-15 12:46:00,74.04,0.1893,0.0885,6.945,4.93e-06,66462.0,0.2416,0.09007,0.0876,1773.86,2.696e-05,0.2782,0.1118,2.98e-06,0.05597,5.09e-06,72.84,0.8143,0.3665,2.7,0.1705,0.6094,1.2442,74.05,0.1893,0.0884,6.945,4.923e-06,66462.69,0.2414,0.09007,0.0875,1773.86,2.694e-05,0.2781,0.1118,2.99e-06,0.05595,5.097e-06,72.84,0.8145,0.3667,2.698,0.1706,0.609,1.2438,74.07,0.1893,0.0885,6.945,4.924e-06,66461.8,0.2414,0.09008,0.08752,1773.89,2.696e-05,0.278,0.1119,2.99e-06,0.05598,5.094e-06,72.84,0.8145,0.3665,2.699,0.1705,0.6096,1.2442,74.05,0.1892,0.0883,6.94,4.93e-06,66417.33,0.2413,0.09003,0.0875,1772.6,2.69e-05,0.278,0.112,2.99e-06,0.05593,5.1e-06,72.79,0.8144,0.3664,2.698,0.171,0.6087,1.2434,74.097,0.18923,0.088,6.943,4.909e-06,66473.78,0.2399,0.090069,0.08774,1773.75,2.623e-05,0.278,0.1117,2.97e-06,0.05592,5.097e-06,72.86,0.81463,0.36586,2.6834,0.1704,0.609,1.2442,74.0968,0.189594,0.0881,6.9471,4.9183e-06,66485.78,0.2407,0.09034,0.08759,1774.0,2.691e-05,0.2773,0.1118,2.995746e-06,0.0558,5.09e-06,72.7026,0.8195,0.3651,2.699,0.1704,0.608,1.24573,74.058,0.1892,0.0885,6.945,4.926e-06,66473.9,0.2417,0.0901,0.0876,1773.64,2.697e-05,0.278,0.1119,2.989e-06,0.05597,5.094e-06,72.85,0.8141,0.3666,2.6988,0.1705,0.6094,1.24411,74.15,0.1892,0.08847,6.947,4.928e-06,66457.48,0.2414,0.09006,0.0876,1773.97,2.695e-05,0.2783,0.11199,2.99e-06,0.056,5.095e-06,72.84,0.8144,0.3664,2.698,0.1704,0.6088,1.2442,74.04,0.1893,0.08851,6.945,4.927e-06,66460.6,0.2414,0.09008,0.08754,1773.79,2.698e-05,0.2785,0.11187,2.989e-06,0.05596,5.094e-06,72.84,0.8141,0.3665,2.699,0.1706,0.6098,1.2444
2026-06-15 12:47:00,73.98,0.1887,0.0885,6.939,4.93e-06,66468.0,0.2411,0.09005,0.0875,1773.32,2.695e-05,0.2781,0.1117,2.99e-06,0.05589,5.09e-06,72.81,0.8141,0.3656,2.698,0.1705,0.6078,1.2457,74.0,0.1887,0.0884,6.944,4.922e-06,66470.41,0.2415,0.09006,0.0874,1773.27,2.693e-05,0.2786,0.1118,2.989e-06,0.05595,5.098e-06,72.81,0.8141,0.3663,2.698,0.1706,0.6072,1.2456,73.99,0.1887,0.08852,6.937,4.923e-06,66469.3,0.2412,0.09006,0.08742,1773.33,2.697e-05,0.2781,0.1118,2.988e-06,0.05591,5.099e-06,72.81,0.8142,0.3654,2.696,0.1706,0.608,1.2457,73.96,0.1886,0.0883,6.94,4.92e-06,66426.14,0.2411,0.09001,0.0873,1772.1,2.69e-05,0.278,0.112,2.99e-06,0.05587,5.1e-06,72.77,0.8139,0.3653,2.696,0.171,0.6072,1.2449,74.097,0.18874,0.088,6.938,4.909e-06,66470.74,0.2399,0.090093,0.08774,1773.35,2.623e-05,0.2786,0.1117,2.97e-06,0.05592,5.1e-06,72.8,0.81397,0.36586,2.6834,0.1704,0.609,1.2455,74.0968,0.188691,0.0881,6.9392,4.9183e-06,66474.35,0.2401,0.090216,0.08739,1773.59,2.692e-05,0.2773,0.1117,2.995746e-06,0.0558,5.09e-06,72.8118,0.8206,0.3643,2.6969,0.1703,0.607,1.24558,74.014,0.1887,0.0885,6.939,4.923e-06,66473.0,0.2414,0.09012,0.0875,1773.41,2.699e-05,0.2788,0.1118,2.989e-06,0.05589,5.098e-06,72.82,0.8137,0.3663,2.6977,0.1705,0.6077,1.24501,74.07,0.1888,0.08841,6.944,4.929e-06,66465.98,0.2413,0.09004,0.08745,1773.26,2.697e-05,0.2782,0.11179,2.989e-06,0.05597,5.094e-06,72.8,0.8142,0.3654,2.698,0.1702,0.6079,1.2457,74.02,0.1887,0.08842,6.94,4.93e-06,66471.8,0.2412,0.09005,0.08744,1773.25,2.696e-05,0.2786,0.11176,2.988e-06,0.05592,5.096e-06,72.81,0.8141,0.3656,2.697,0.1706,0.608,1.2458
2026-06-15 12:50:00,73.98,0.1882,0.0883,6.933,4.92e-06,66552.04,0.2413,0.09004,0.0874,1774.03,2.691e-05,0.2775,0.1116,2.99e-06,0.05581,5.1e-06,72.81,0.8137,0.3659,2.691,0.1702,0.6094,1.2422,74.03,0.1882,0.0882,6.934,4.919e-06,66555.75,0.2412,0.09003,0.08732,1774.06,2.686e-05,0.2774,0.1115,2.984e-06,0.0558,5.092e-06,72.8,0.8134,0.366,2.689,0.1704,0.6093,1.2421,73.99,0.1882,0.08835,6.932,4.914e-06,66555.7,0.2413,0.09004,0.08742,1774.15,2.693e-05,0.2774,0.1117,2.985e-06,0.05579,5.092e-06,72.82,0.8137,0.3658,2.69,0.1702,0.6103,1.242,74.0,0.1881,0.0883,6.93,4.91e-06,66516.37,0.2408,0.08999,0.0874,1773.0,2.68e-05,0.278,0.112,2.98e-06,0.05583,5.09e-06,72.75,0.8138,0.3657,2.689,0.17,0.6092,1.2415,74.026,0.18815,0.088,6.934,4.909e-06,66554.96,0.2399,0.090038,0.08774,1773.91,2.623e-05,0.2786,0.1117,2.97e-06,0.05584,5.1e-06,72.81,0.81456,0.36586,2.6834,0.1704,0.61,1.2422,74.0968,0.188233,0.0879,6.9345,4.8979e-06,66536.33,0.2406,0.090216,0.0874,1774.3,2.684e-05,0.2767,0.1116,2.995746e-06,0.0556,5.1e-06,72.7753,0.8212,0.3646,2.6899,0.1701,0.608,1.24558,73.986,0.1882,0.0883,6.933,4.915e-06,66563.0,0.2414,0.09005,0.0874,1774.02,2.694e-05,0.2781,0.1116,2.985e-06,0.0558,5.092e-06,72.79,0.8135,0.3652,2.691,0.1702,0.6099,1.24228,73.95,0.1882,0.0883,6.933,4.915e-06,66554.55,0.2414,0.09004,0.08741,1774.09,2.691e-05,0.2774,0.11155,2.983e-06,0.05581,5.09e-06,72.77,0.8134,0.366,2.689,0.1701,0.6096,1.242,74.0,0.1882,0.08828,6.934,4.913e-06,66550.8,0.2411,0.09005,0.0874,1774.07,2.691e-05,0.2775,0.1116,2.985e-06,0.05579,5.089e-06,72.8,0.8136,0.3658,2.69,0.1703,0.6094,1.2422
2026-06-15 12:51:00,74.06,0.1882,0.0883,6.94,4.92e-06,66550.25,0.2409,0.09006,0.0876,1776.26,2.691e-05,0.2774,0.1116,2.99e-06,0.05585,5.09e-06,72.85,0.8142,0.3662,2.692,0.1702,0.6086,1.2424,74.1,0.1881,0.0882,6.938,4.919e-06,66554.66,0.2411,0.09007,0.0875,1776.15,2.687e-05,0.2774,0.1116,2.983e-06,0.0558,5.091e-06,72.85,0.8143,0.366,2.69,0.1704,0.6087,1.2427,74.08,0.1881,0.08828,6.939,4.918e-06,66554.3,0.241,0.09007,0.08752,1776.31,2.693e-05,0.2773,0.1116,2.984e-06,0.05585,5.091e-06,72.85,0.8143,0.3661,2.691,0.1702,0.6089,1.2423,74.02,0.188,0.0882,6.93,4.91e-06,66511.25,0.2408,0.09002,0.0875,1775.09,2.68e-05,0.277,0.112,2.98e-06,0.05583,5.09e-06,72.8,0.8142,0.3659,2.69,0.17,0.6076,1.2415,74.026,0.18803,0.088,6.939,4.909e-06,66554.53,0.2399,0.090072,0.08774,1776.16,2.623e-05,0.2786,0.1117,2.97e-06,0.05584,5.1e-06,72.85,0.81456,0.36586,2.6834,0.1704,0.6089,1.2423,74.0968,0.188104,0.088,6.9344,4.8979e-06,66536.65,0.2402,0.090216,0.0875,1775.94,2.685e-05,0.2765,0.1115,2.995746e-06,0.0557,5.08e-06,72.7753,0.8212,0.3649,2.6908,0.1701,0.607,1.24558,74.097,0.188,0.0883,6.938,4.918e-06,66556.0,0.2414,0.09008,0.0875,1775.97,2.694e-05,0.2781,0.1115,2.986e-06,0.05583,5.092e-06,72.85,0.814,0.3652,2.6921,0.1702,0.6084,1.24238,74.05,0.1882,0.08827,6.935,4.924e-06,66549.61,0.241,0.09005,0.0876,1775.94,2.692e-05,0.2774,0.11159,2.986e-06,0.05583,5.091e-06,72.84,0.8139,0.3662,2.691,0.17,0.6096,1.2427,74.07,0.1881,0.08829,6.94,4.918e-06,66554.6,0.2409,0.09007,0.08757,1776.08,2.691e-05,0.2777,0.11152,2.985e-06,0.05584,5.093e-06,72.85,0.8142,0.3661,2.69,0.1702,0.6088,1.2423
2026-06-15 12:52:00,74.14,0.1878,0.0883,6.93,4.91e-06,66531.19,0.2407,0.08997,0.0875,1774.55,2.685e-05,0.2772,0.1115,2.98e-06,0.05572,5.09e-06,72.77,0.8132,0.366,2.689,0.1701,0.6087,1.2403,74.16,0.1878,0.0882,6.93,4.919e-06,66525.01,0.2411,0.08996,0.0875,1774.62,2.687e-05,0.2774,0.1115,2.982e-06,0.05573,5.091e-06,72.77,0.8134,0.3661,2.689,0.1704,0.6089,1.2402,74.14,0.1878,0.08824,6.931,4.914e-06,66530.7,0.2409,0.08998,0.08745,1774.68,2.688e-05,0.2771,0.1115,2.983e-06,0.05574,5.088e-06,72.77,0.8133,0.3659,2.687,0.1702,0.6089,1.2401,74.11,0.1877,0.0882,6.93,4.92e-06,66493.36,0.2409,0.08993,0.0875,1773.55,2.68e-05,0.277,0.112,2.98e-06,0.05571,5.09e-06,72.74,0.8133,0.3658,2.687,0.17,0.6084,1.2396,74.164,0.18781,0.088,6.931,4.909e-06,66530.93,0.2399,0.089979,0.08774,1774.74,2.623e-05,0.2786,0.1117,2.97e-06,0.05584,5.1e-06,72.78,0.81358,0.36586,2.6834,0.1704,0.6082,1.2402,74.0968,0.18792,0.0879,6.9314,4.9e-06,66521.07,0.2402,0.090216,0.0875,1774.66,2.68e-05,0.2763,0.1114,2.995746e-06,0.0556,5.1e-06,72.7753,0.8212,0.3646,2.6878,0.17,0.607,1.24016,74.198,0.1879,0.0883,6.928,4.914e-06,66541.2,0.2414,0.08998,0.0875,1774.62,2.694e-05,0.2781,0.1115,2.984e-06,0.0557,5.087e-06,72.79,0.8134,0.3652,2.6885,0.1701,0.6085,1.24031,74.15,0.1877,0.08828,6.93,4.912e-06,66527.58,0.241,0.08997,0.08749,1774.57,2.686e-05,0.2773,0.11153,2.986e-06,0.0558,5.083e-06,72.76,0.8133,0.3659,2.687,0.1699,0.609,1.2403,74.17,0.1878,0.08828,6.932,4.919e-06,66529.9,0.2407,0.08997,0.08751,1774.49,2.691e-05,0.2772,0.11152,2.985e-06,0.05573,5.087e-06,72.78,0.8131,0.3659,2.69,0.1699,0.6091,1.2403
2026-06-15 13:00:00,73.92,0.1872,0.0885,6.924,4.93e-06,66562.0,0.2411,0.09003,0.0874,1778.47,2.709e-05,0.2774,0.1115,2.99e-06,0.05544,5.09e-06,72.84,0.813,0.3765,2.687,0.1703,0.613,1.2392,73.92,0.1872,0.0883,6.926,4.929e-06,66564.99,0.241,0.09001,0.08741,1778.56,2.706e-05,0.2776,0.1115,2.982e-06,0.05547,5.092e-06,72.83,0.8129,0.3774,2.689,0.1703,0.613,1.2391,73.9,0.1872,0.08846,6.927,4.93e-06,66561.6,0.2413,0.09002,0.08736,1778.59,2.709e-05,0.2773,0.1115,2.986e-06,0.05545,5.091e-06,72.83,0.8129,0.3765,2.689,0.1702,0.6131,1.2394,73.86,0.1871,0.0884,6.93,4.94e-06,66520.08,0.2407,0.08997,0.0873,1777.56,2.7e-05,0.277,0.111,2.99e-06,0.05552,5.09e-06,72.78,0.8132,0.3764,2.687,0.17,0.6124,1.2388,73.896,0.18715,0.088,6.926,4.909e-06,66556.35,0.2399,0.090013,0.08774,1778.46,2.623e-05,0.2786,0.1115,2.97e-06,0.05584,5.1e-06,72.83,0.81358,0.37389,2.6834,0.1704,0.6128,1.2396,74.0968,0.1873,0.0881,6.9255,4.8956e-06,66607.1,0.2404,0.090216,0.08738,1778.64,2.705e-05,0.2766,0.1114,2.996046e-06,0.0553,5.1e-06,72.8185,0.821,0.3751,2.6881,0.1701,0.61,1.238,73.911,0.1873,0.0883,6.925,4.93e-06,66557.6,0.2408,0.09001,0.0874,1778.25,2.712e-05,0.2773,0.1115,2.986e-06,0.05544,5.089e-06,72.84,0.8129,0.377,2.688,0.1702,0.6131,1.23935,73.91,0.1872,0.0884,6.926,4.93e-06,66566.47,0.2413,0.09,0.08749,1777.59,2.7e-05,0.2776,0.11165,2.984e-06,0.05548,5.087e-06,72.79,0.8139,0.3767,2.689,0.17,0.613,1.2388,73.92,0.1872,0.08844,6.928,4.931e-06,66561.9,0.2411,0.09002,0.0874,1778.57,2.714e-05,0.2777,0.11147,2.983e-06,0.0555,5.09e-06,72.83,0.8128,0.3765,2.688,0.1703,0.6131,1.2395
2026-06-15 13:01:00,73.83,0.1866,0.0884,6.922,5.01e-06,66485.84,0.2409,0.09,0.0873,1774.64,2.767e-05,0.2771,0.1113,2.98e-06,0.0555,5.1e-06,72.73,0.8123,0.375,2.685,0.1703,0.6133,1.2357,73.85,0.1867,0.0882,6.924,5.006e-06,66485.01,0.2409,0.09,0.08733,1774.59,2.777e-05,0.2776,0.1113,2.984e-06,0.05554,5.097e-06,72.73,0.8125,0.3757,2.689,0.1704,0.6132,1.2356,73.82,0.1867,0.08842,6.922,5.01e-06,66486.3,0.241,0.09001,0.08733,1774.69,2.776e-05,0.2769,0.1114,2.984e-06,0.05553,5.093e-06,72.73,0.8123,0.3749,2.685,0.1704,0.6134,1.2357,73.78,0.1863,0.0884,6.92,5.01e-06,66446.18,0.2407,0.08997,0.0873,1773.49,2.77e-05,0.277,0.111,2.99e-06,0.05552,5.1e-06,72.68,0.8125,0.3747,2.684,0.17,0.6122,1.2351,73.853,0.18664,0.088,6.927,4.909e-06,66496.0,0.2399,0.090015,0.08774,1774.65,2.763e-05,0.2786,0.1115,2.97e-06,0.05584,5.1e-06,72.73,0.81225,0.37389,2.6834,0.1704,0.6137,1.2355,74.0968,0.186665,0.088,6.9225,5.0035e-06,66491.22,0.2403,0.090216,0.08731,1775.32,2.764e-05,0.2763,0.1112,2.996046e-06,0.0554,5.1e-06,72.8185,0.8206,0.3743,2.6854,0.1702,0.611,1.23563,73.814,0.1866,0.0884,6.924,5.01e-06,66491.6,0.2408,0.09001,0.0874,1774.59,2.779e-05,0.2773,0.1115,2.985e-06,0.05551,5.094e-06,72.75,0.8125,0.376,2.6852,0.1703,0.6132,1.23569,73.87,0.1867,0.08844,6.923,5.017e-06,66490.01,0.2411,0.09001,0.08742,1774.82,2.775e-05,0.2773,0.11137,2.985e-06,0.0555,5.096e-06,72.73,0.8126,0.3751,2.686,0.1703,0.6132,1.2357,73.82,0.1867,0.08844,6.927,5.013e-06,66485.1,0.241,0.09,0.08738,1774.54,2.766e-05,0.2772,0.11129,2.985e-06,0.05553,5.094e-06,72.73,0.8123,0.3754,2.685,0.1703,0.6132,1.2357
2026-06-15 13:02:00,73.85,0.1866,0.0885,6.928,5.04e-06,66491.01,0.2411,0.09006,0.0874,1775.43,2.761e-05,0.2773,0.1114,2.98e-06,0.05569,5.1e-06,72.76,0.8124,0.3783,2.687,0.1704,0.6149,1.2366,73.85,0.1866,0.0883,6.929,5.034e-06,66491.0,0.2406,0.09006,0.08738,1775.3,2.762e-05,0.2771,0.1113,2.986e-06,0.05559,5.097e-06,72.76,0.8126,0.378,2.689,0.1704,0.6149,1.237,73.83,0.1867,0.08839,6.929,5.032e-06,66495.2,0.2409,0.09006,0.08739,1775.43,2.762e-05,0.2772,0.1114,2.987e-06,0.05569,5.1e-06,72.77,0.8124,0.3783,2.686,0.1704,0.6153,1.2369,73.78,0.1865,0.0883,6.92,5.04e-06,66450.04,0.2411,0.09001,0.0874,1774.4,2.76e-05,0.277,0.111,2.99e-06,0.05552,5.09e-06,72.73,0.8126,0.3781,2.685,0.17,0.6143,1.236,73.853,0.18651,0.088,6.93,4.909e-06,66493.98,0.2408,0.090088,0.08774,1775.72,2.763e-05,0.2786,0.1115,2.97e-06,0.05584,5.1e-06,72.77,0.81224,0.37834,2.6834,0.1704,0.6145,1.2365,74.0968,0.186552,0.0881,6.9305,5.0407e-06,66500.31,0.2403,0.090216,0.08738,1775.53,2.763e-05,0.2766,0.1113,2.996046e-06,0.0555,5.1e-06,72.5829,0.8312,0.3771,2.6861,0.1702,0.612,1.2363,73.842,0.1866,0.0884,6.93,5.033e-06,66501.1,0.2408,0.09009,0.0874,1775.25,2.758e-05,0.2773,0.1114,2.987e-06,0.05569,5.1e-06,72.77,0.8122,0.3785,2.6866,0.1703,0.6152,1.2367,73.87,0.1866,0.08843,6.927,5.036e-06,66491.67,0.2411,0.09006,0.08739,1775.65,2.763e-05,0.2772,0.11144,2.986e-06,0.0557,5.096e-06,72.76,0.8124,0.3783,2.686,0.1701,0.6143,1.2367,73.92,0.1865,0.08844,6.93,5.034e-06,66496.3,0.2406,0.09006,0.08743,1775.23,2.766e-05,0.2772,0.11132,2.986e-06,0.05568,5.099e-06,72.77,0.8124,0.3782,2.686,0.1703,0.615,1.2369
2026-06-15 13:03:00,73.8,0.1865,0.0883,6.928,5.03e-06,66510.45,0.241,0.09005,0.0874,1775.41,2.762e-05,0.2773,0.1113,2.99e-06,0.05573,5.1e-06,72.76,0.8128,0.3783,2.681,0.1702,0.6165,1.2388,73.82,0.1866,0.0883,6.928,5.034e-06,66510.0,0.2406,0.09005,0.0874,1775.35,2.754e-05,0.2771,0.1112,2.983e-06,0.05573,5.097e-06,72.76,0.8127,0.3783,2.681,0.1704,0.6165,1.2392,73.86,0.1866,0.0884,6.929,5.032e-06,66513.5,0.241,0.09003,0.08745,1775.49,2.758e-05,0.2772,0.1112,2.987e-06,0.05572,5.095e-06,72.77,0.8126,0.3784,2.681,0.1703,0.6167,1.2394,73.74,0.1866,0.0883,6.92,5.03e-06,66476.03,0.2411,0.08999,0.0874,1774.5,2.75e-05,0.278,0.111,2.99e-06,0.0557,5.09e-06,72.73,0.8128,0.3772,2.68,0.17,0.6159,1.2384,73.853,0.18657,0.088,6.93,4.909e-06,66511.4,0.2408,0.090059,0.08774,1775.44,2.755e-05,0.2786,0.1115,2.97e-06,0.05584,5.1e-06,72.79,0.81255,0.37834,2.6834,0.1704,0.6168,1.2392,74.0968,0.186661,0.088,6.9275,5.0126e-06,66500.32,0.2403,0.090216,0.08738,1774.98,2.758e-05,0.2765,0.1112,2.996046e-06,0.0556,5.1e-06,72.5829,0.8312,0.3772,2.6841,0.1701,0.614,1.23761,73.782,0.1866,0.0884,6.928,5.034e-06,66509.2,0.241,0.09005,0.0874,1775.31,2.758e-05,0.2773,0.1112,2.984e-06,0.05571,5.096e-06,72.76,0.8126,0.3782,2.6812,0.1702,0.6165,1.23897,73.8,0.1865,0.08836,6.928,5.037e-06,66503.56,0.241,0.09003,0.08738,1775.22,2.762e-05,0.2772,0.11123,2.986e-06,0.0557,5.095e-06,72.76,0.8119,0.3783,2.683,0.1701,0.6163,1.2391,73.85,0.1866,0.0884,6.928,5.032e-06,66508.0,0.2406,0.09004,0.08748,1775.54,2.759e-05,0.2773,0.11122,2.983e-06,0.05572,5.096e-06,72.76,0.8125,0.3781,2.681,0.1703,0.6166,1.2389
2026-06-15 13:04:00,73.84,0.1866,0.0884,6.926,5.01e-06,66556.56,0.2412,0.09002,0.0874,1776.93,2.755e-05,0.2773,0.1112,2.97e-06,0.05571,5.1e-06,72.9,0.8129,0.3767,2.682,0.1701,0.6133,1.2395,73.89,0.1866,0.0883,6.926,5.013e-06,66553.69,0.2406,0.09001,0.08739,1776.86,2.752e-05,0.2775,0.1111,2.977e-06,0.05577,5.091e-06,72.89,0.8128,0.3766,2.681,0.1701,0.6132,1.2393,73.84,0.1866,0.08831,6.926,5.016e-06,66551.3,0.2409,0.09003,0.08746,1776.88,2.75e-05,0.2773,0.1112,2.978e-06,0.05575,5.089e-06,72.89,0.8129,0.3766,2.682,0.1702,0.6131,1.2392,73.76,0.1866,0.0883,6.92,5.01e-06,66511.02,0.2411,0.08997,0.0874,1775.9,2.76e-05,0.278,0.111,2.98e-06,0.0557,5.09e-06,72.85,0.8128,0.3764,2.68,0.171,0.6128,1.2383,73.853,0.1866,0.088,6.929,4.909e-06,66549.69,0.2408,0.09001,0.08774,1776.66,2.755e-05,0.2786,0.1115,2.97e-06,0.05584,5.1e-06,72.9,0.81276,0.37834,2.6834,0.1704,0.6144,1.2393,74.0968,0.186629,0.088,6.9285,5.0006e-06,66526.58,0.2403,0.090216,0.08738,1775.9,2.752e-05,0.2766,0.1111,2.995746e-06,0.0556,5.1e-06,72.8044,0.829,0.3756,2.6822,0.17,0.61,1.23761,73.812,0.1866,0.0884,6.927,5.018e-06,66553.1,0.241,0.09002,0.0874,1776.79,2.758e-05,0.2773,0.1112,2.979e-06,0.05573,5.092e-06,72.88,0.8126,0.3767,2.6817,0.1701,0.6127,1.23934,73.87,0.1866,0.08836,6.927,5.016e-06,66542.69,0.241,0.09003,0.08742,1776.71,2.755e-05,0.2774,0.11123,2.978e-06,0.05577,5.091e-06,72.88,0.8121,0.3767,2.682,0.1699,0.6138,1.2392,73.84,0.1866,0.0883,6.927,5.016e-06,66557.0,0.2409,0.09001,0.08742,1776.99,2.756e-05,0.2777,0.11112,2.978e-06,0.05573,5.088e-06,72.89,0.8128,0.3764,2.682,0.1701,0.6131,1.2391
2026-06-15 13:05:00,73.83,0.186,0.0883,6.922,5.02e-06,66562.03,0.2413,0.09,0.0874,1779.8,2.754e-05,0.2773,0.1111,2.98e-06,0.05576,5.1e-06,72.89,0.8133,0.3769,2.682,0.1703,0.6158,1.2345,73.85,0.186,0.0883,6.923,5.019e-06,66560.48,0.2412,0.09,0.08741,1779.81,2.753e-05,0.2775,0.1112,2.98e-06,0.05577,5.093e-06,72.88,0.8134,0.3762,2.681,0.1701,0.6146,1.2345,73.82,0.186,0.08832,6.925,5.014e-06,66561.4,0.2412,0.09002,0.08744,1780.01,2.75e-05,0.2773,0.1112,2.98e-06,0.05577,5.093e-06,72.89,0.8133,0.3772,2.682,0.1702,0.6159,1.2348,73.75,0.1859,0.0883,6.92,5.01e-06,66523.62,0.2411,0.08996,0.0874,1778.7,2.76e-05,0.278,0.111,2.98e-06,0.05581,5.09e-06,72.84,0.8136,0.3767,2.684,0.171,0.6152,1.2339,73.824,0.18598,0.088,6.924,4.909e-06,66572.05,0.2408,0.090026,0.08774,1779.89,2.755e-05,0.2786,0.1115,2.97e-06,0.05584,5.1e-06,72.89,0.81356,0.37834,2.6834,0.1704,0.6159,1.2344,74.0968,0.186047,0.088,6.9255,5.0021e-06,66532.75,0.2401,0.090216,0.08738,1779.57,2.752e-05,0.2765,0.1111,2.995746e-06,0.0556,5.1e-06,72.8044,0.8271,0.3757,2.6822,0.1701,0.613,1.23761,73.838,0.186,0.0883,6.924,5.019e-06,66566.7,0.241,0.09003,0.0874,1780.03,2.758e-05,0.2773,0.1112,2.98e-06,0.05574,5.091e-06,72.89,0.8132,0.3772,2.6821,0.1701,0.6156,1.23457,73.86,0.186,0.08833,6.924,5.022e-06,66549.03,0.2413,0.09,0.08753,1779.85,2.757e-05,0.2772,0.11115,2.978e-06,0.05575,5.091e-06,72.88,0.8137,0.3768,2.684,0.1701,0.6154,1.2345,73.82,0.186,0.08833,6.928,5.018e-06,66558.9,0.2409,0.09001,0.08744,1779.94,2.757e-05,0.2774,0.11116,2.98e-06,0.05576,5.091e-06,72.88,0.8133,0.3769,2.682,0.1703,0.6159,1.2345
2026-06-15 13:18:00,74.8,0.189,0.0892,6.996,5.05e-06,66777.99,0.2427,0.09064,0.0886,1808.33,2.753e-05,0.2802,0.1117,3.01e-06,0.05615,5.12e-06,73.89,0.8264,0.373,2.715,0.1723,0.6057,1.2451,74.81,0.1889,0.0891,6.996,5.054e-06,66777.18,0.2425,0.09062,0.08857,1808.27,2.748e-05,0.2802,0.1117,3.004e-06,0.05612,5.12e-06,73.9,0.8264,0.373,2.713,0.1723,0.6059,1.2451,74.76,0.189,0.0891,6.996,5.054e-06,66777.6,0.2428,0.09063,0.08858,1808.27,2.751e-05,0.2802,0.1118,3.004e-06,0.05615,5.121e-06,73.9,0.8263,0.373,2.715,0.1723,0.6058,1.245,74.8,0.1888,0.0892,6.99,5.05e-06,66734.79,0.2424,0.09058,0.0886,1806.58,2.75e-05,0.281,0.112,3.01e-06,0.05612,5.11e-06,73.84,0.827,0.3727,2.717,0.172,0.6056,1.2444,74.488,0.18891,0.088,6.997,5.051e-06,66780.28,0.2422,0.090626,0.08813,1808.16,2.755e-05,0.2801,0.1115,2.97e-06,0.05597,5.124e-06,73.9,0.82643,0.37275,2.7094,0.1704,0.6055,1.245,74.5194,0.18892,0.0887,6.998,5.0288e-06,66773.53,0.2421,0.090811,0.08856,1807.92,2.753e-05,0.2795,0.1116,3.00559e-06,0.056,5.11e-06,73.859,0.8308,0.3715,2.7135,0.1721,0.603,1.24,74.775,0.189,0.0891,6.996,5.056e-06,66783.0,0.2428,0.09063,0.0886,1808.26,2.75e-05,0.2801,0.1117,3.005e-06,0.05614,5.12e-06,73.9,0.8264,0.373,2.7153,0.1723,0.6059,1.245,74.79,0.189,0.08904,6.999,5.058e-06,66769.74,0.2427,0.09065,0.08854,1807.52,2.752e-05,0.2802,0.11181,3.004e-06,0.05611,5.122e-06,73.89,0.8265,0.3729,2.713,0.1722,0.6062,1.2449,74.8,0.1889,0.08907,6.999,5.056e-06,66774.1,0.2425,0.09065,0.08862,1808.41,2.748e-05,0.2803,0.11173,3.004e-06,0.05611,5.122e-06,73.89,0.8264,0.3728,2.714,0.1722,0.6059,1.2451
2026-06-15 13:19:00,75.0,0.1891,0.0893,6.997,5.09e-06,66823.24,0.2425,0.09081,0.0885,1810.85,2.756e-05,0.2808,0.112,3.01e-06,0.05615,5.12e-06,74.0,0.8269,0.3732,2.718,0.1725,0.6056,1.2464,74.99,0.1891,0.0893,6.997,5.08e-06,66823.11,0.2423,0.09081,0.08841,1810.75,2.748e-05,0.2807,0.1119,3.013e-06,0.05613,5.129e-06,74.0,0.8272,0.3725,2.718,0.1725,0.6054,1.2462,74.97,0.1891,0.08929,6.998,5.084e-06,66821.2,0.2424,0.09079,0.0885,1810.78,2.751e-05,0.2807,0.1119,3.012e-06,0.05615,5.129e-06,74.01,0.8268,0.373,2.718,0.1725,0.6059,1.2463,74.95,0.189,0.0893,6.99,5.08e-06,66780.57,0.2426,0.09074,0.0884,1809.45,2.76e-05,0.281,0.112,3.01e-06,0.05612,5.13e-06,73.95,0.8275,0.3728,2.718,0.172,0.6054,1.2458,74.982,0.18907,0.088,6.996,5.051e-06,66823.7,0.2422,0.090817,0.08813,1810.71,2.755e-05,0.2801,0.1122,2.97e-06,0.05597,5.124e-06,74.0,0.82686,0.37275,2.7094,0.1704,0.606,1.2462,74.9344,0.189065,0.0889,6.9988,5.0673e-06,66799.99,0.2424,0.090909,0.08846,1810.78,2.756e-05,0.28,0.1118,3.011694e-06,0.056,5.11e-06,73.6544,0.8293,0.3717,2.7187,0.1722,0.604,1.24,75.0,0.1891,0.0892,6.997,5.088e-06,66828.5,0.2427,0.0908,0.0885,1810.91,2.758e-05,0.2806,0.1119,3.014e-06,0.05613,5.128e-06,74.02,0.8268,0.3731,2.7186,0.1727,0.6056,1.24646,74.99,0.1891,0.08922,6.997,5.085e-06,66821.37,0.2425,0.09082,0.08858,1810.89,2.756e-05,0.2809,0.11189,3.011e-06,0.05613,5.128e-06,74.0,0.8272,0.373,2.718,0.1724,0.6051,1.2462,75.0,0.1891,0.08937,6.998,5.091e-06,66823.7,0.2423,0.0908,0.08848,1810.74,2.755e-05,0.2809,0.11195,3.014e-06,0.05613,5.127e-06,74.0,0.8269,0.3731,2.717,0.1727,0.6058,1.2462
2026-06-15 13:20:00,75.31,0.1894,0.0894,7.009,5.11e-06,66867.19,0.2429,0.09083,0.0884,1817.07,2.76e-05,0.2815,0.1121,3.02e-06,0.05625,5.14e-06,74.2,0.8284,0.3737,2.725,0.1728,0.6102,1.2475,75.28,0.1894,0.0893,7.009,5.103e-06,66864.35,0.2423,0.09085,0.08835,1816.75,2.748e-05,0.2807,0.112,3.02e-06,0.05626,5.134e-06,74.21,0.8287,0.3734,2.723,0.1728,0.6105,1.2476,75.31,0.1894,0.08946,7.01,5.106e-06,66861.9,0.2427,0.09085,0.08838,1817.0,2.751e-05,0.2815,0.1121,3.019e-06,0.05625,5.135e-06,74.21,0.8284,0.3738,2.723,0.1728,0.6103,1.2475,75.26,0.1893,0.0894,7.0,5.11e-06,66817.1,0.2426,0.09078,0.0884,1815.38,2.76e-05,0.281,0.112,3.01e-06,0.05626,5.14e-06,74.18,0.829,0.3737,2.722,0.172,0.6102,1.2469,75.339,0.18945,0.088,7.01,5.051e-06,66866.7,0.2422,0.090875,0.08813,1816.9,2.755e-05,0.2815,0.1122,2.97e-06,0.05597,5.124e-06,74.21,0.82816,0.37275,2.7094,0.1704,0.6092,1.2476,75.2525,0.189289,0.089,7.012,5.0816e-06,66842.09,0.2425,0.090946,0.08837,1817.46,2.761e-05,0.2807,0.112,3.018518e-06,0.0561,5.12e-06,74.0112,0.8297,0.3723,2.7224,0.1726,0.607,1.24055,75.29,0.1895,0.0895,7.012,5.108e-06,66868.2,0.2427,0.09082,0.0885,1816.92,2.762e-05,0.2813,0.1121,3.02e-06,0.05622,5.135e-06,74.21,0.8282,0.3735,2.7246,0.1727,0.6105,1.24758,75.39,0.1895,0.08943,7.009,5.1e-06,66863.35,0.243,0.09085,0.08853,1817.12,2.759e-05,0.2816,0.11217,3.02e-06,0.0563,5.135e-06,74.23,0.8283,0.3737,2.722,0.1726,0.61,1.2476,75.3,0.1894,0.08943,7.01,5.104e-06,66864.8,0.2427,0.09084,0.08837,1816.92,2.758e-05,0.2817,0.1121,3.02e-06,0.05625,5.135e-06,74.2,0.8284,0.3739,2.723,0.1728,0.6103,1.2477
2026-06-15 13:21:00,75.08,0.1889,0.0893,6.997,5.13e-06,66838.0,0.2431,0.09074,0.0883,1816.7,2.755e-05,0.2812,0.1121,3.01e-06,0.05618,5.13e-06,74.03,0.8262,0.3733,2.721,0.1729,0.6087,1.2475,75.06,0.1889,0.0893,6.997,5.128e-06,66829.4,0.2423,0.09075,0.08833,1816.59,2.754e-05,0.2807,0.112,3.015e-06,0.05622,5.138e-06,74.03,0.8267,0.3729,2.721,0.1728,0.6086,1.2478,75.06,0.1889,0.0894,6.996,5.129e-06,66831.4,0.243,0.09075,0.08837,1816.5,2.756e-05,0.2811,0.112,3.015e-06,0.05618,5.132e-06,74.03,0.8262,0.3736,2.72,0.1728,0.6086,1.2477,75.07,0.1888,0.0893,6.99,5.13e-06,66787.94,0.2428,0.0907,0.0883,1815.41,2.75e-05,0.281,0.112,3.01e-06,0.05615,5.13e-06,73.98,0.827,0.3727,2.719,0.172,0.6084,1.2469,75.073,0.18893,0.088,6.993,5.051e-06,66837.54,0.2422,0.090762,0.08813,1816.43,2.755e-05,0.2815,0.1122,2.97e-06,0.05597,5.124e-06,74.04,0.82725,0.37275,2.7094,0.1704,0.6091,1.2475,75.2525,0.188889,0.089,6.9991,5.102e-06,66839.95,0.2429,0.090946,0.08827,1817.17,2.756e-05,0.2804,0.1119,3.014578e-06,0.0561,5.13e-06,73.9942,0.8278,0.3719,2.7212,0.1727,0.605,1.24279,75.065,0.1889,0.0894,7.0,5.129e-06,66843.8,0.2427,0.09076,0.0884,1816.59,2.758e-05,0.2812,0.1121,3.016e-06,0.05618,5.132e-06,74.03,0.8264,0.3736,2.7205,0.1728,0.6088,1.24754,75.11,0.189,0.08946,6.995,5.124e-06,66835.82,0.243,0.09075,0.0883,1816.69,2.755e-05,0.2813,0.11211,3.02e-06,0.05619,5.132e-06,74.03,0.8264,0.3732,2.72,0.1728,0.6087,1.2475,75.06,0.1889,0.08942,6.999,5.131e-06,66833.1,0.243,0.09074,0.08835,1816.82,2.754e-05,0.2815,0.11204,3.016e-06,0.05619,5.132e-06,74.02,0.8265,0.3734,2.721,0.173,0.6088,1.2477
2026-06-15 13:22:00,75.28,0.1887,0.0893,7.001,5.13e-06,66887.99,0.2432,0.0908,0.0884,1817.17,2.753e-05,0.2816,0.112,3.02e-06,0.05621,5.14e-06,74.09,0.8264,0.3736,2.723,0.1728,0.6097,1.2463,75.26,0.1889,0.0893,7.003,5.138e-06,66884.88,0.2423,0.09079,0.0884,1817.26,2.754e-05,0.2807,0.1119,3.016e-06,0.05619,5.132e-06,74.09,0.8263,0.3729,2.721,0.1728,0.6098,1.2463,75.24,0.1888,0.08933,7.001,5.134e-06,66887.5,0.243,0.09079,0.08845,1817.37,2.758e-05,0.2813,0.112,3.017e-06,0.0562,5.131e-06,74.1,0.8263,0.3737,2.722,0.1728,0.6097,1.2463,75.29,0.1887,0.0893,6.99,5.14e-06,66848.82,0.2428,0.09074,0.0884,1815.88,2.75e-05,0.281,0.112,3.01e-06,0.05624,5.13e-06,74.05,0.8271,0.3732,2.721,0.172,0.6092,1.2456,75.263,0.18907,0.088,7.002,5.051e-06,66890.96,0.2422,0.090781,0.08813,1817.22,2.755e-05,0.2815,0.1122,2.97e-06,0.05597,5.124e-06,74.09,0.82576,0.37275,2.7094,0.1704,0.6091,1.2464,75.2525,0.188821,0.0889,7.0022,5.1224e-06,66850.0,0.2428,0.090947,0.08837,1817.45,2.753e-05,0.2807,0.1118,3.014578e-06,0.0562,5.13e-06,73.9275,0.8316,0.3721,2.7224,0.1726,0.606,1.24543,75.244,0.189,0.0893,7.003,5.137e-06,66891.1,0.2427,0.09081,0.0884,1817.2,2.754e-05,0.2812,0.1121,3.017e-06,0.05619,5.131e-06,74.05,0.826,0.3736,2.7235,0.1728,0.6103,1.2463,75.28,0.1888,0.08929,7.001,5.146e-06,66878.66,0.2431,0.09079,0.08847,1816.86,2.752e-05,0.2814,0.112,3.016e-06,0.05615,5.132e-06,74.08,0.8264,0.3735,2.721,0.1727,0.6099,1.2463,75.23,0.1888,0.08936,7.001,5.138e-06,66883.2,0.2429,0.09079,0.08844,1817.15,2.754e-05,0.2816,0.11194,3.015e-06,0.05621,5.129e-06,74.09,0.8262,0.3734,2.721,0.173,0.6097,1.2462
2026-06-15 13:23:00,75.22,0.1882,0.0893,6.986,5.11e-06,66872.01,0.2431,0.09078,0.0884,1818.23,2.753e-05,0.2815,0.112,3.02e-06,0.05616,5.13e-06,74.01,0.8254,0.3732,2.722,0.1727,0.6093,1.2438,75.17,0.1883,0.0892,6.986,5.106e-06,66877.99,0.243,0.09077,0.08833,1818.18,2.754e-05,0.2807,0.1119,3.013e-06,0.05614,5.132e-06,74.0,0.8255,0.3729,2.723,0.1728,0.6099,1.2439,75.22,0.1883,0.08934,6.988,5.103e-06,66875.0,0.2426,0.09078,0.08835,1818.18,2.752e-05,0.2813,0.1119,3.013e-06,0.05616,5.13e-06,74.0,0.8254,0.3732,2.72,0.1727,0.6095,1.2438,75.16,0.1881,0.0893,6.98,5.11e-06,66831.08,0.2428,0.09073,0.0883,1816.78,2.76e-05,0.281,0.112,3.01e-06,0.05615,5.13e-06,73.96,0.8261,0.3729,2.72,0.172,0.6094,1.2429,75.253,0.18823,0.088,6.985,5.051e-06,66877.24,0.2422,0.090763,0.08813,1817.82,2.75e-05,0.2815,0.1122,2.97e-06,0.05597,5.124e-06,74.01,0.82525,0.37275,2.7094,0.1704,0.61,1.2438,75.2525,0.188452,0.0889,6.9883,5.0986e-06,66850.0,0.2426,0.090947,0.08827,1818.18,2.754e-05,0.2807,0.1118,3.014578e-06,0.0561,5.13e-06,73.9656,0.8298,0.3717,2.7207,0.1726,0.607,1.24543,75.239,0.1884,0.0894,6.986,5.112e-06,66880.6,0.2433,0.09079,0.0884,1818.02,2.754e-05,0.2813,0.1121,3.014e-06,0.05612,5.13e-06,73.98,0.8253,0.3733,2.7207,0.1726,0.6098,1.24381,75.26,0.1882,0.08937,6.986,5.12e-06,66868.62,0.2429,0.09077,0.0884,1818.01,2.753e-05,0.2814,0.11197,3.015e-06,0.0562,5.128e-06,73.99,0.8251,0.373,2.721,0.1724,0.6088,1.2437,75.24,0.1883,0.08936,6.986,5.111e-06,66879.8,0.2427,0.09078,0.08838,1818.09,2.757e-05,0.2816,0.11193,3.014e-06,0.05615,5.129e-06,74.0,0.8253,0.3731,2.72,0.1728,0.6093,1.2437
2026-06-15 13:24:00,75.1,0.189,0.0894,6.994,5.12e-06,66905.64,0.243,0.09079,0.0884,1823.1,2.748e-05,0.282,0.1122,3.02e-06,0.0562,5.13e-06,73.97,0.8259,0.3737,2.727,0.1733,0.6102,1.2436,75.09,0.189,0.0892,6.995,5.121e-06,66906.25,0.2428,0.09077,0.08836,1822.9,2.753e-05,0.282,0.1123,3.016e-06,0.05614,5.133e-06,73.96,0.8261,0.3737,2.726,0.1733,0.6102,1.2435,75.08,0.189,0.08946,6.993,5.124e-06,66901.8,0.243,0.09078,0.08841,1822.98,2.752e-05,0.282,0.1124,3.015e-06,0.05621,5.131e-06,73.98,0.826,0.3735,2.726,0.1733,0.6104,1.2435,75.02,0.1889,0.0894,6.99,5.13e-06,66864.0,0.2428,0.09071,0.0883,1821.73,2.74e-05,0.281,0.112,3.02e-06,0.05624,5.12e-06,73.92,0.8265,0.3733,2.725,0.173,0.6084,1.2429,75.113,0.1889,0.088,6.999,5.051e-06,66905.43,0.2422,0.090777,0.08813,1822.89,2.75e-05,0.2815,0.1122,2.97e-06,0.05621,5.124e-06,73.95,0.82646,0.37275,2.7094,0.1704,0.61,1.2436,75.11,0.189014,0.089,6.9963,5.1087e-06,66873.15,0.2431,0.090947,0.08841,1822.77,2.75e-05,0.2812,0.1122,3.014578e-06,0.0561,5.12e-06,73.841,0.8315,0.3721,2.7247,0.1731,0.607,1.23971,75.062,0.189,0.0895,6.994,5.122e-06,66906.3,0.2431,0.09076,0.0883,1822.46,2.754e-05,0.2819,0.1122,3.015e-06,0.0562,5.128e-06,73.97,0.8257,0.3737,2.7266,0.1733,0.6107,1.24353,75.1,0.189,0.08951,6.992,5.12e-06,66905.17,0.243,0.09077,0.0884,1822.77,2.749e-05,0.2819,0.11227,3.017e-06,0.0562,5.131e-06,73.94,0.8258,0.3736,2.724,0.173,0.6112,1.2434,75.07,0.189,0.08945,6.995,5.119e-06,66906.6,0.2425,0.0908,0.08835,1823.02,2.749e-05,0.2823,0.11223,3.015e-06,0.05623,5.131e-06,73.96,0.8259,0.3736,2.726,0.1734,0.6106,1.2436
2026-06-15 13:25:00,75.19,0.1891,0.0896,7.0,5.12e-06,66944.0,0.2432,0.09091,0.0885,1826.48,2.75e-05,0.2822,0.1122,3.02e-06,0.0562,5.14e-06,74.05,0.8274,0.3745,2.731,0.1737,0.6107,1.2463,75.14,0.1891,0.0895,7.0,5.131e-06,66948.45,0.2428,0.0909,0.08847,1826.48,2.753e-05,0.282,0.1122,3.02e-06,0.05622,5.141e-06,74.05,0.8273,0.3737,2.73,0.1736,0.611,1.2459,75.14,0.1891,0.08954,7.001,5.131e-06,66945.8,0.243,0.0909,0.08848,1826.42,2.752e-05,0.2821,0.1122,3.021e-06,0.05622,5.141e-06,74.04,0.8274,0.3742,2.73,0.1736,0.6108,1.246,75.11,0.189,0.0895,6.99,5.13e-06,66904.96,0.2428,0.09082,0.0885,1825.2,2.74e-05,0.282,0.112,3.02e-06,0.05624,5.14e-06,73.99,0.8278,0.3741,2.729,0.173,0.6104,1.2455,75.097,0.18902,0.088,6.998,5.051e-06,66950.0,0.2422,0.090892,0.08813,1826.36,2.75e-05,0.2815,0.1122,2.97e-06,0.0562,5.124e-06,74.04,0.82646,0.37275,2.7094,0.1741,0.6109,1.2464,75.11,0.189148,0.0891,6.9993,5.0988e-06,66917.0,0.2431,0.090947,0.08847,1826.09,2.751e-05,0.2814,0.1119,3.01905e-06,0.0561,5.13e-06,73.8614,0.8304,0.3729,2.7317,0.1732,0.607,1.242,75.144,0.1891,0.0895,6.998,5.127e-06,66953.5,0.2431,0.09089,0.0884,1826.11,2.751e-05,0.2819,0.1122,3.021e-06,0.0562,5.141e-06,74.02,0.8273,0.3743,2.7321,0.1736,0.6106,1.24613,75.15,0.189,0.08953,6.999,5.128e-06,66939.11,0.2432,0.09089,0.0884,1826.0,2.749e-05,0.2822,0.11216,3.019e-06,0.05623,5.141e-06,74.04,0.8271,0.3745,2.729,0.1733,0.6073,1.2463,75.14,0.1891,0.08956,7.001,5.128e-06,66947.2,0.2431,0.09091,0.08848,1826.34,2.746e-05,0.2824,0.11222,3.02e-06,0.05621,5.141e-06,74.05,0.8273,0.3744,2.729,0.1736,0.6109,1.2462
2026-06-15 13:26:00,75.0,0.1882,0.0893,6.985,5.09e-06,66841.56,0.2428,0.09071,0.0884,1819.56,2.742e-05,0.2818,0.1121,3.02e-06,0.05609,5.13e-06,73.8,0.8242,0.3734,2.721,0.1731,0.6101,1.2415,74.98,0.1881,0.0894,6.988,5.107e-06,66840.74,0.2432,0.09072,0.08832,1819.41,2.753e-05,0.2818,0.1121,3.01e-06,0.05609,5.14e-06,73.8,0.8241,0.3733,2.726,0.173,0.6104,1.2419,74.97,0.1881,0.08928,6.986,5.096e-06,66840.6,0.2427,0.09071,0.08829,1819.64,2.749e-05,0.2817,0.1121,3.01e-06,0.05608,5.135e-06,73.81,0.8241,0.3735,2.72,0.1731,0.6104,1.2418,74.9,0.188,0.0892,6.99,5.1e-06,66797.02,0.2425,0.09063,0.0883,1817.8,2.74e-05,0.282,0.112,3.01e-06,0.056,5.12e-06,73.76,0.8246,0.3731,2.719,0.173,0.6098,1.2409,74.993,0.18814,0.088,7.001,5.051e-06,66835.53,0.2435,0.090707,0.08813,1819.17,2.75e-05,0.2815,0.1122,2.97e-06,0.0562,5.124e-06,73.8,0.82624,0.37275,2.7204,0.1741,0.6107,1.2418,75.11,0.188215,0.0889,6.9884,5.1182e-06,66812.55,0.2425,0.09077,0.08836,1819.45,2.743e-05,0.281,0.1119,3.012939e-06,0.0561,5.13e-06,73.655,0.8279,0.3718,2.7208,0.1729,0.608,1.2381,74.967,0.1881,0.0893,6.988,5.097e-06,66844.8,0.2436,0.09073,0.0883,1820.34,2.749e-05,0.2823,0.1121,3.011e-06,0.05608,5.137e-06,73.8,0.8241,0.3734,2.7209,0.1731,0.6106,1.2421,75.01,0.1881,0.08928,6.986,5.096e-06,66842.06,0.2429,0.09072,0.0884,1819.87,2.744e-05,0.2818,0.11207,3.009e-06,0.05615,5.135e-06,73.81,0.8242,0.3734,2.731,0.1729,0.6102,1.2415,74.99,0.1881,0.08931,6.99,5.096e-06,66844.8,0.2427,0.09072,0.08834,1819.52,2.744e-05,0.2825,0.11206,3.012e-06,0.05608,5.136e-06,73.8,0.824,0.3734,2.724,0.1739,0.6104,1.2418
2026-06-15 13:27:00,75.05,0.1884,0.0894,6.995,5.09e-06,66867.99,0.2425,0.09079,0.0883,1821.69,2.744e-05,0.2818,0.112,3.02e-06,0.05604,5.13e-06,73.86,0.8248,0.3728,2.725,0.1735,0.6127,1.2435,75.02,0.1884,0.0893,6.996,5.093e-06,66859.59,0.2426,0.09079,0.08823,1821.77,2.753e-05,0.2818,0.112,3.012e-06,0.05602,5.131e-06,73.86,0.8249,0.3728,2.723,0.173,0.6126,1.2437,75.02,0.1883,0.08943,6.996,5.095e-06,66863.8,0.2425,0.09077,0.08828,1821.75,2.749e-05,0.2818,0.112,3.011e-06,0.05606,5.131e-06,73.87,0.8249,0.3728,2.724,0.1734,0.613,1.2434,74.95,0.1883,0.0894,6.99,5.1e-06,66815.18,0.2428,0.09076,0.0883,1820.1,2.74e-05,0.282,0.112,3.01e-06,0.05602,5.12e-06,73.82,0.8251,0.3726,2.723,0.173,0.6123,1.2428,74.993,0.18838,0.0894,7.001,5.051e-06,66865.26,0.2435,0.090743,0.08813,1821.43,2.75e-05,0.2815,0.1122,2.97e-06,0.0562,5.124e-06,73.86,0.82624,0.37275,2.7244,0.1741,0.6107,1.2434,75.11,0.188415,0.089,6.9975,5.0823e-06,66828.71,0.2429,0.090742,0.08826,1822.13,2.743e-05,0.281,0.112,3.012939e-06,0.0559,5.13e-06,73.8206,0.8293,0.3713,2.7259,0.1732,0.609,1.23876,75.058,0.1884,0.0894,6.995,5.098e-06,66872.9,0.2437,0.0908,0.0882,1821.96,2.749e-05,0.2816,0.112,3.012e-06,0.05602,5.131e-06,73.82,0.8244,0.3733,2.7253,0.1734,0.6125,1.24369,75.07,0.1885,0.0894,6.996,5.098e-06,66869.28,0.2425,0.0908,0.08835,1822.0,2.743e-05,0.282,0.112,3.012e-06,0.0561,5.132e-06,73.86,0.8246,0.3727,2.72,0.1732,0.6127,1.2434,75.01,0.1884,0.08945,6.997,5.099e-06,66862.5,0.2426,0.0908,0.0883,1821.71,2.744e-05,0.2819,0.11196,3.012e-06,0.05604,5.133e-06,73.85,0.8248,0.3726,2.724,0.1739,0.6124,1.2436
2026-06-15 13:28:00,74.94,0.1885,0.0894,6.991,5.11e-06,66840.85,0.2428,0.09077,0.0883,1821.36,2.742e-05,0.2819,0.1121,3.02e-06,0.05604,5.14e-06,73.93,0.825,0.3721,2.725,0.1737,0.6109,1.2447,74.95,0.1885,0.0893,6.995,5.117e-06,66837.19,0.2429,0.09077,0.08824,1821.3,2.744e-05,0.2819,0.1119,3.01e-06,0.05606,5.136e-06,73.94,0.8252,0.3725,2.724,0.1732,0.6108,1.2442,74.92,0.1885,0.08939,6.994,5.104e-06,66835.1,0.2429,0.09077,0.08831,1821.55,2.749e-05,0.2818,0.112,3.011e-06,0.05608,5.136e-06,73.94,0.8252,0.372,2.724,0.1738,0.6114,1.2446,74.88,0.1883,0.0893,6.99,5.1e-06,66793.9,0.2428,0.09072,0.0882,1819.64,2.74e-05,0.281,0.112,3.01e-06,0.05597,5.13e-06,73.89,0.8252,0.3721,2.724,0.173,0.6107,1.244,74.993,0.18844,0.0895,6.999,5.051e-06,66844.98,0.2435,0.090765,0.08813,1821.2,2.75e-05,0.2815,0.1122,2.97e-06,0.0562,5.124e-06,73.93,0.82582,0.37275,2.7244,0.1741,0.6116,1.2449,75.11,0.188468,0.0891,6.9953,5.0819e-06,66850.94,0.2425,0.090916,0.08817,1821.37,2.742e-05,0.2811,0.1118,3.012939e-06,0.0559,5.13e-06,73.884,0.8298,0.3705,2.726,0.1734,0.609,1.24201,74.904,0.1885,0.0894,6.992,5.106e-06,66848.8,0.2437,0.0909,0.0884,1821.37,2.744e-05,0.2816,0.1119,3.011e-06,0.05604,5.132e-06,73.94,0.8251,0.3722,2.7255,0.1736,0.6108,1.24418,75.11,0.1884,0.08947,6.992,5.109e-06,66840.01,0.2428,0.09076,0.08835,1821.09,2.741e-05,0.282,0.11192,3.013e-06,0.05606,5.133e-06,73.93,0.8252,0.372,2.724,0.1735,0.6116,1.2445,74.94,0.1885,0.08943,6.995,5.104e-06,66841.0,0.2427,0.09076,0.08829,1821.37,2.743e-05,0.282,0.11193,3.01e-06,0.05606,5.133e-06,73.94,0.8251,0.372,2.725,0.1734,0.6111,1.2448
2026-06-15 13:29:00,75.14,0.1888,0.0895,6.997,5.1e-06,66841.92,0.2426,0.09078,0.0887,1820.19,2.745e-05,0.2819,0.1119,3.02e-06,0.05602,5.13e-06,73.93,0.8259,0.3733,2.724,0.1737,0.6115,1.2436,75.12,0.1887,0.0894,6.999,5.091e-06,66840.11,0.2426,0.09077,0.08865,1820.32,2.741e-05,0.2819,0.1119,3.011e-06,0.05605,5.128e-06,73.93,0.8259,0.3719,2.723,0.1732,0.6116,1.2437,75.11,0.1887,0.08942,6.997,5.092e-06,66842.3,0.2427,0.09077,0.08869,1820.26,2.749e-05,0.2818,0.112,3.011e-06,0.05603,5.128e-06,73.96,0.8259,0.373,2.725,0.1737,0.6117,1.2436,75.06,0.1881,0.0893,6.99,5.1e-06,66798.53,0.2417,0.09071,0.0887,1818.69,2.74e-05,0.281,0.112,3.01e-06,0.05597,5.12e-06,73.88,0.8264,0.3726,2.715,0.173,0.6115,1.2429,74.99,0.18875,0.0894,6.996,5.051e-06,66843.01,0.2435,0.090739,0.08877,1819.9,2.75e-05,0.2815,0.1122,2.97e-06,0.0562,5.124e-06,73.92,0.82582,0.37275,2.7244,0.1741,0.6116,1.2436,74.9802,0.188753,0.0891,6.9996,5.0819e-06,66824.84,0.2425,0.090862,0.08867,1820.74,2.746e-05,0.2811,0.1119,3.012939e-06,0.0559,5.13e-06,73.6352,0.8297,0.3717,2.7251,0.1736,0.609,1.23717,75.139,0.1888,0.0895,6.995,5.098e-06,66855.5,0.2437,0.09072,0.0887,1820.08,2.741e-05,0.2816,0.1119,3.012e-06,0.05602,5.128e-06,73.94,0.8259,0.3733,2.7244,0.1737,0.6115,1.24375,75.01,0.1888,0.08944,6.996,5.094e-06,66842.28,0.2426,0.09077,0.08888,1820.0,2.744e-05,0.282,0.11192,3.011e-06,0.05602,5.128e-06,73.94,0.8257,0.3733,2.724,0.1734,0.6115,1.2437,75.11,0.1888,0.08941,6.999,5.097e-06,66838.4,0.2425,0.09078,0.08873,1820.0,2.745e-05,0.2821,0.11196,3.011e-06,0.05604,5.13e-06,73.93,0.8259,0.3732,2.724,0.1736,0.6117,1.2439
2026-06-15 13:30:00,74.83,0.1876,0.0892,6.962,5.06e-06,66705.19,0.2415,0.09044,0.0886,1813.58,2.727e-05,0.2811,0.1115,3e-06,0.05592,5.12e-06,73.73,0.8216,0.3717,2.714,0.1728,0.6098,1.2425,74.85,0.1876,0.0892,6.959,5.066e-06,66704.1,0.2418,0.09039,0.08853,1813.67,2.73e-05,0.2813,0.1115,3.001e-06,0.05593,5.12e-06,73.73,0.8216,0.3717,2.718,0.1729,0.609,1.2425,74.81,0.1876,0.08919,6.962,5.061e-06,66700.1,0.2416,0.09043,0.08855,1813.68,2.728e-05,0.281,0.1116,3.003e-06,0.05593,5.119e-06,73.72,0.8218,0.3717,2.714,0.1731,0.6098,1.2422,74.8,0.1874,0.0892,6.95,5.06e-06,66660.8,0.2414,0.09036,0.0886,1812.74,2.73e-05,0.281,0.112,3e-06,0.05594,5.12e-06,73.66,0.8219,0.3715,2.712,0.173,0.6092,1.2418,74.973,0.18765,0.0893,6.968,5.051e-06,66705.68,0.2435,0.090448,0.0889,1813.59,2.738e-05,0.2816,0.1118,3.007e-06,0.0562,5.124e-06,73.72,0.82249,0.37275,2.7134,0.1741,0.6093,1.2425,74.9802,0.187555,0.0888,6.9666,5.0816e-06,66697.24,0.2425,0.090507,0.08858,1812.97,2.727e-05,0.2805,0.1115,3.012939e-06,0.0558,5.12e-06,73.7399,0.8292,0.3701,2.7141,0.1726,0.606,1.2414,74.816,0.1877,0.0892,6.962,5.059e-06,66705.1,0.2419,0.09041,0.0886,1813.41,2.729e-05,0.2811,0.1116,3.005e-06,0.05591,5.118e-06,73.81,0.8213,0.3719,2.7146,0.1727,0.6091,1.24232,74.85,0.1876,0.08944,6.963,5.067e-06,66700.0,0.2416,0.09041,0.08888,1812.89,2.73e-05,0.2813,0.11171,3.01e-06,0.05599,5.12e-06,73.72,0.8216,0.3717,2.717,0.1724,0.6093,1.2425,74.83,0.1876,0.08933,6.962,5.062e-06,66702.9,0.2415,0.09043,0.08862,1813.7,2.728e-05,0.2813,0.1115,3.003e-06,0.05597,5.118e-06,73.73,0.8216,0.3717,2.714,0.1725,0.6097,1.2427
2026-06-15 13:31:00,75.29,0.1882,0.0895,6.984,5.1e-06,66776.47,0.2429,0.09066,0.0886,1816.26,2.736e-05,0.2818,0.1118,3.01e-06,0.05612,5.13e-06,73.9,0.8252,0.3734,2.722,0.1735,0.6108,1.2466,75.25,0.1882,0.0891,6.983,5.099e-06,66773.5,0.2425,0.09066,0.08862,1816.26,2.723e-05,0.2813,0.1116,3.015e-06,0.0561,5.12e-06,73.9,0.8252,0.3719,2.721,0.1727,0.6108,1.2471,75.29,0.1882,0.08943,6.983,5.099e-06,66774.0,0.2427,0.09067,0.08861,1816.38,2.728e-05,0.2818,0.1118,3.015e-06,0.05612,5.126e-06,73.9,0.8253,0.3734,2.721,0.1734,0.6111,1.2466,75.24,0.1881,0.0895,6.98,5.09e-06,66725.42,0.243,0.0906,0.0886,1815.0,2.73e-05,0.282,0.112,3.01e-06,0.05618,5.13e-06,73.85,0.8254,0.3731,2.72,0.173,0.6101,1.246,74.973,0.18811,0.0893,6.975,5.051e-06,66777.27,0.2435,0.090646,0.08869,1816.11,2.738e-05,0.2816,0.1118,3.007e-06,0.0562,5.124e-06,73.9,0.82526,0.37275,2.7174,0.1741,0.6105,1.2466,74.9802,0.188197,0.0892,6.9847,5.0811e-06,66736.75,0.2431,0.090507,0.08869,1816.21,2.736e-05,0.2808,0.1117,3.012939e-06,0.056,5.12e-06,73.8,0.8301,0.3717,2.7204,0.1733,0.607,1.24538,75.281,0.1883,0.0895,6.982,5.101e-06,66784.7,0.2432,0.09063,0.0887,1816.59,2.738e-05,0.2811,0.1118,3.015e-06,0.0561,5.129e-06,73.91,0.8253,0.3732,2.7217,0.1734,0.6104,1.24674,75.26,0.1883,0.08931,6.963,5.102e-06,66773.8,0.2426,0.09065,0.08867,1816.06,2.733e-05,0.2817,0.11167,3.013e-06,0.05606,5.128e-06,73.9,0.825,0.3731,2.711,0.1732,0.6104,1.2465,75.28,0.188,0.08951,6.984,5.1e-06,66771.9,0.2429,0.09066,0.08862,1816.38,2.738e-05,0.2818,0.11183,3.014e-06,0.05611,5.127e-06,73.9,0.8252,0.3734,2.721,0.1734,0.6107,1.2467
2026-06-15 13:32:00,75.55,0.1883,0.0897,6.996,5.12e-06,66869.99,0.2431,0.09082,0.0887,1819.56,2.741e-05,0.2826,0.1119,3.02e-06,0.05621,5.14e-06,74.08,0.8265,0.3743,2.728,0.174,0.6101,1.2488,75.57,0.1884,0.0896,6.996,5.121e-06,66866.7,0.2429,0.09082,0.08859,1819.58,2.723e-05,0.2813,0.1116,3.019e-06,0.0562,5.12e-06,74.08,0.8267,0.3719,2.724,0.1739,0.6097,1.2489,75.52,0.1884,0.0897,6.995,5.124e-06,66869.9,0.243,0.09082,0.08865,1819.49,2.728e-05,0.2825,0.112,3.019e-06,0.05621,5.137e-06,74.09,0.8266,0.3743,2.726,0.174,0.6103,1.2487,75.51,0.1883,0.0896,6.99,5.11e-06,66827.97,0.243,0.09075,0.0886,1818.45,2.75e-05,0.282,0.112,3.01e-06,0.0561,5.14e-06,74.03,0.8268,0.374,2.726,0.173,0.61,1.248,75.442,0.18835,0.0893,6.984,5.051e-06,66870.66,0.2435,0.0908,0.08869,1819.28,2.739e-05,0.2816,0.1118,3.007e-06,0.0562,5.124e-06,74.08,0.82646,0.37275,2.7174,0.1741,0.6104,1.2489,75.3518,0.188336,0.0893,6.9987,5.102e-06,66855.3,0.2427,0.090999,0.08868,1819.82,2.744e-05,0.2817,0.1118,3.012939e-06,0.0561,5.13e-06,73.8,0.8295,0.3726,2.7276,0.1738,0.607,1.24705,75.534,0.1884,0.0897,6.996,5.125e-06,66876.9,0.2432,0.09082,0.0886,1819.56,2.74e-05,0.2823,0.112,3.019e-06,0.05621,5.137e-06,74.09,0.8263,0.3744,2.7283,0.174,0.6102,1.24887,75.56,0.1884,0.08969,6.996,5.127e-06,66870.0,0.243,0.09082,0.08864,1819.51,2.742e-05,0.2827,0.11188,3.019e-06,0.05613,5.136e-06,74.08,0.826,0.3741,2.727,0.1737,0.6095,1.2486,75.56,0.1884,0.08972,6.996,5.124e-06,66871.9,0.243,0.09082,0.08868,1819.55,2.738e-05,0.2826,0.1119,3.019e-06,0.05621,5.138e-06,74.07,0.8264,0.3741,2.727,0.1739,0.6102,1.2486
2026-06-15 13:33:00,75.32,0.188,0.0896,6.982,5.1e-06,66795.17,0.2422,0.09066,0.0888,1816.05,2.734e-05,0.2819,0.1116,3e-06,0.05614,5.13e-06,74.06,0.8232,0.3736,2.722,0.1736,0.6092,1.2473,75.47,0.1879,0.0895,6.981,5.099e-06,66794.79,0.2426,0.09063,0.0887,1816.12,2.723e-05,0.2815,0.1117,3.007e-06,0.05612,5.135e-06,74.06,0.8225,0.3739,2.723,0.1735,0.6092,1.2474,75.25,0.1879,0.0896,6.981,5.098e-06,66795.7,0.2429,0.09065,0.08869,1816.16,2.741e-05,0.2818,0.1117,3.007e-06,0.05612,5.133e-06,74.03,0.8232,0.3735,2.721,0.1735,0.6094,1.2473,75.21,0.1878,0.0896,6.98,5.1e-06,66761.03,0.2421,0.0906,0.0887,1814.99,2.74e-05,0.282,0.112,3.01e-06,0.0561,5.13e-06,74.02,0.8233,0.3732,2.719,0.173,0.6086,1.2467,75.442,0.18797,0.0893,6.982,5.051e-06,66796.49,0.2435,0.090625,0.08866,1815.93,2.739e-05,0.2816,0.1118,3.007e-06,0.0562,5.124e-06,74.0,0.82419,0.37275,2.7244,0.1741,0.6093,1.2473,75.3518,0.187901,0.0892,6.9847,5.102e-06,66773.84,0.2427,0.090999,0.08871,1816.28,2.734e-05,0.281,0.1115,3.012939e-06,0.0561,5.13e-06,73.8408,0.8305,0.3718,2.7213,0.1734,0.607,1.24449,75.329,0.1879,0.0896,6.976,5.098e-06,66801.8,0.2431,0.09067,0.0887,1815.86,2.732e-05,0.2823,0.1119,3.007e-06,0.05608,5.133e-06,74.03,0.8232,0.374,2.7223,0.1735,0.609,1.24724,75.56,0.188,0.08958,6.977,5.106e-06,66795.23,0.2425,0.09061,0.08876,1815.52,2.737e-05,0.2821,0.11163,3.011e-06,0.05616,5.133e-06,74.04,0.8226,0.3736,2.721,0.1733,0.6092,1.2474,75.27,0.188,0.08962,6.982,5.099e-06,66802.9,0.2422,0.09064,0.08872,1816.04,2.739e-05,0.2819,0.11164,3.007e-06,0.05611,5.132e-06,74.04,0.8231,0.3736,2.721,0.1734,0.6093,1.2474
2026-06-15 13:40:00,74.71,0.1872,0.0893,6.956,5.02e-06,66523.9,0.2415,0.09017,0.0885,1811.07,2.715e-05,0.2799,0.1111,2.99e-06,0.05578,5.11e-06,73.5,0.8178,0.3715,2.699,0.172,0.6061,1.2401,74.7,0.1871,0.0892,6.956,5.02e-06,66521.44,0.2415,0.09016,0.08841,1810.98,2.714e-05,0.2796,0.1112,2.992e-06,0.05579,5.109e-06,73.5,0.8179,0.3708,2.696,0.1721,0.606,1.2399,74.69,0.1871,0.08919,6.955,5.019e-06,66529.4,0.2414,0.09017,0.08846,1811.17,2.714e-05,0.2799,0.1112,2.994e-06,0.05577,5.108e-06,73.5,0.8178,0.3713,2.698,0.1722,0.6062,1.2399,74.67,0.187,0.0891,6.95,5.01e-06,66479.12,0.2414,0.09012,0.0884,1810.09,2.72e-05,0.28,0.111,3e-06,0.05574,5.11e-06,73.45,0.8178,0.3713,2.695,0.172,0.6058,1.2393,74.726,0.18714,0.0893,6.955,5.051e-06,66530.52,0.242,0.090175,0.08866,1811.04,2.73e-05,0.2816,0.1111,3.007e-06,0.0561,5.124e-06,73.5,0.81764,0.37275,2.7,0.1741,0.6039,1.2399,75.264,0.187061,0.0889,6.9566,5.0093e-06,66548.87,0.2425,0.090454,0.08843,1810.59,2.713e-05,0.2788,0.1111,3.009889e-06,0.0557,5.1e-06,73.4073,0.8314,0.3695,2.6996,0.1719,0.603,1.23639,74.672,0.1871,0.0892,6.954,5.021e-06,66531.3,0.2414,0.09017,0.0885,1810.98,2.729e-05,0.2803,0.1111,2.993e-06,0.05578,5.109e-06,73.5,0.8178,0.3713,2.6982,0.1722,0.606,1.23982,74.71,0.1871,0.08922,6.956,5.02e-06,66529.9,0.2415,0.09017,0.08924,1810.89,2.714e-05,0.2804,0.11107,2.989e-06,0.05586,5.108e-06,73.5,0.8177,0.3715,2.698,0.1719,0.6064,1.24,74.72,0.1871,0.08919,6.957,5.018e-06,66522.8,0.2414,0.09017,0.08845,1810.97,2.718e-05,0.28,0.11114,2.993e-06,0.05579,5.108e-06,73.49,0.8177,0.3714,2.698,0.1721,0.6059,1.2398
2026-06-15 13:41:00,74.98,0.1877,0.0893,6.957,5.04e-06,66532.01,0.2413,0.09025,0.0891,1811.61,2.715e-05,0.2803,0.1113,2.99e-06,0.05585,5.11e-06,73.53,0.8193,0.3728,2.702,0.1724,0.6087,1.2421,74.98,0.1877,0.0893,6.957,5.04e-06,66529.57,0.241,0.09025,0.089,1811.52,2.716e-05,0.28,0.1113,2.998e-06,0.05581,5.113e-06,73.53,0.8193,0.3723,2.7,0.1724,0.6088,1.2422,74.96,0.1878,0.08936,6.958,5.033e-06,66533.3,0.2412,0.09023,0.08909,1811.56,2.718e-05,0.2801,0.1114,2.999e-06,0.05587,5.115e-06,73.53,0.8193,0.3727,2.7,0.1724,0.6089,1.242,74.91,0.1876,0.0893,6.95,5.04e-06,66488.15,0.2411,0.09018,0.089,1810.51,2.72e-05,0.28,0.111,3e-06,0.05585,5.11e-06,73.48,0.8196,0.3724,2.699,0.173,0.6082,1.2415,75.013,0.18769,0.0893,6.958,5.051e-06,66537.63,0.242,0.090255,0.08866,1811.5,2.715e-05,0.2816,0.1111,3.007e-06,0.0561,5.124e-06,73.54,0.82001,0.37275,2.7,0.1741,0.6089,1.2418,74.8088,0.187656,0.0893,6.9596,5.0408e-06,66533.07,0.2408,0.090454,0.08913,1811.31,2.716e-05,0.2792,0.1113,3.009889e-06,0.0557,5.11e-06,73.5927,0.8311,0.3708,2.7026,0.1722,0.607,1.24087,74.962,0.1876,0.0894,6.956,5.036e-06,66542.6,0.2416,0.09022,0.089,1811.62,2.726e-05,0.2803,0.1114,2.998e-06,0.05584,5.114e-06,73.54,0.8194,0.3725,2.7015,0.1724,0.6088,1.24215,75.0,0.1876,0.08931,6.957,5.045e-06,66530.83,0.2413,0.09026,0.08924,1811.62,2.715e-05,0.2802,0.11151,2.999e-06,0.05587,5.119e-06,73.52,0.8192,0.3727,2.7,0.1721,0.608,1.2421,74.94,0.1878,0.0893,6.953,5.031e-06,66525.7,0.241,0.09026,0.08906,1811.65,2.717e-05,0.2803,0.11137,2.999e-06,0.05587,5.113e-06,73.53,0.8192,0.3727,2.699,0.1722,0.6088,1.2421
2026-06-15 13:52:00,75.22,0.1898,0.0896,6.978,5.05e-06,66608.02,0.2413,0.0903,0.0897,1815.4,2.72e-05,0.2805,0.1115,3.01e-06,0.05576,5.12e-06,73.84,0.8226,0.3747,2.709,0.173,0.6116,1.2443,75.16,0.1898,0.0896,6.978,5.056e-06,66610.0,0.2412,0.09028,0.08966,1815.3,2.718e-05,0.2804,0.1115,3.002e-06,0.05578,5.119e-06,73.82,0.8225,0.3745,2.708,0.1729,0.6115,1.2444,75.22,0.1898,0.08962,6.977,5.048e-06,66612.3,0.2412,0.09027,0.0897,1815.5,2.726e-05,0.2804,0.1115,3e-06,0.05578,5.121e-06,73.84,0.8226,0.3745,2.708,0.173,0.6116,1.2444,75.16,0.1897,0.0896,6.97,5.04e-06,66560.73,0.2412,0.09024,0.0897,1814.28,2.71e-05,0.28,0.111,2.99e-06,0.05573,5.11e-06,73.78,0.8227,0.3741,2.707,0.173,0.6106,1.2436,75.203,0.18986,0.0893,6.973,5.051e-06,66600.79,0.2404,0.090284,0.08955,1815.35,2.707e-05,0.2816,0.1111,2.999e-06,0.0561,5.109e-06,73.78,0.82249,0.38067,2.7,0.1741,0.6122,1.2441,75.1538,0.189794,0.0892,6.9794,5.0376e-06,66582.15,0.2409,0.090585,0.08977,1815.71,2.721e-05,0.2791,0.1115,2.99305e-06,0.0557,5.11e-06,73.9891,0.8303,0.3723,2.7095,0.173,0.609,1.24288,75.243,0.1898,0.0896,6.974,5.046e-06,66614.9,0.2416,0.09027,0.0897,1815.37,2.722e-05,0.2801,0.1116,3.001e-06,0.05578,5.121e-06,73.83,0.8224,0.3739,2.7101,0.1731,0.6114,1.24372,75.29,0.1898,0.08961,6.972,5.045e-06,66607.71,0.2414,0.0903,0.08979,1815.28,2.719e-05,0.2805,0.11147,3e-06,0.05582,5.122e-06,73.83,0.8227,0.3746,2.708,0.1727,0.6121,1.2442,75.23,0.1898,0.08962,6.975,5.049e-06,66611.7,0.2411,0.09029,0.08965,1815.44,2.722e-05,0.2805,0.11154,3e-06,0.05578,5.118e-06,73.83,0.8227,0.3746,2.709,0.173,0.6116,1.2444
2026-06-15 13:53:00,75.25,0.1895,0.0895,6.97,5.04e-06,66530.32,0.2408,0.09022,0.0894,1813.63,2.716e-05,0.28,0.1115,2.99e-06,0.0557,5.11e-06,73.71,0.821,0.3737,2.706,0.1729,0.6117,1.2409,75.24,0.1895,0.0896,6.971,5.056e-06,66530.0,0.2406,0.09023,0.08938,1813.52,2.718e-05,0.2799,0.1115,2.999e-06,0.05575,5.118e-06,73.71,0.821,0.3743,2.708,0.1729,0.611,1.2413,75.2,0.1895,0.0896,6.968,5.038e-06,66532.6,0.2407,0.09023,0.0894,1813.61,2.726e-05,0.28,0.1116,2.999e-06,0.05572,5.116e-06,73.72,0.8209,0.3737,2.706,0.173,0.6118,1.2411,75.14,0.1894,0.0894,6.96,5.03e-06,66486.87,0.2406,0.09015,0.0894,1812.31,2.71e-05,0.28,0.111,2.99e-06,0.05568,5.11e-06,73.66,0.8203,0.3735,2.705,0.173,0.6112,1.2402,75.238,0.18957,0.0893,6.973,5.051e-06,66529.46,0.2404,0.090223,0.08955,1813.35,2.707e-05,0.2816,0.1111,2.999e-06,0.0561,5.109e-06,73.72,0.82166,0.38067,2.7,0.1741,0.6122,1.2408,75.1538,0.189617,0.0895,6.9718,5.038e-06,66525.92,0.24,0.090585,0.08948,1813.57,2.719e-05,0.2785,0.1116,2.99305e-06,0.0556,5.11e-06,73.5888,0.8303,0.3713,2.7075,0.1727,0.609,1.24288,75.258,0.1896,0.0895,6.974,5.039e-06,66545.8,0.2416,0.09024,0.0894,1813.81,2.72e-05,0.2801,0.1116,2.998e-06,0.0557,5.115e-06,73.71,0.821,0.3739,2.7064,0.1728,0.6111,1.2412,75.2,0.1896,0.08956,6.971,5.032e-06,66534.2,0.2408,0.09021,0.08955,1813.53,2.716e-05,0.2805,0.1115,2.999e-06,0.0558,5.116e-06,73.71,0.8215,0.3735,2.705,0.1726,0.6111,1.2411,75.22,0.1896,0.08965,6.97,5.041e-06,66535.6,0.2406,0.0902,0.08939,1813.57,2.722e-05,0.2801,0.11144,2.996e-06,0.05575,5.118e-06,73.7,0.8209,0.3737,2.707,0.1728,0.6116,1.2411
2026-06-15 13:54:00,75.3,0.1892,0.0893,6.962,5.03e-06,66454.31,0.2403,0.0901,0.089,1812.58,2.71e-05,0.2797,0.1113,3e-06,0.05563,5.12e-06,73.61,0.8188,0.3738,2.704,0.1726,0.6091,1.239,75.27,0.1892,0.0893,6.961,5.034e-06,66454.56,0.2406,0.09009,0.08896,1812.62,2.718e-05,0.2796,0.1112,2.992e-06,0.05567,5.112e-06,73.61,0.8189,0.3743,2.703,0.1729,0.6088,1.2388,75.27,0.1892,0.08933,6.96,5.027e-06,66460.2,0.2403,0.0901,0.08899,1812.72,2.726e-05,0.2796,0.1113,2.993e-06,0.05565,5.114e-06,73.61,0.8189,0.3738,2.703,0.1725,0.6092,1.2391,75.22,0.189,0.0893,6.96,5.02e-06,66411.14,0.2402,0.09004,0.0899,1811.54,2.71e-05,0.28,0.111,2.99e-06,0.05555,5.11e-06,73.56,0.8186,0.3735,2.704,0.173,0.6086,1.2382,75.186,0.18925,0.0893,6.961,5.051e-06,66448.69,0.2404,0.090074,0.08955,1812.62,2.707e-05,0.2816,0.1111,2.999e-06,0.0561,5.109e-06,73.6,0.82005,0.38067,2.7,0.1741,0.6099,1.239,75.1538,0.189248,0.0889,6.9654,5.0284e-06,66472.94,0.2397,0.090207,0.0891,1812.62,2.712e-05,0.2782,0.1112,2.996994e-06,0.0555,5.1e-06,73.5888,0.8312,0.3714,2.7043,0.1725,0.607,1.24288,75.278,0.1892,0.0893,6.961,5.026e-06,66460.0,0.2416,0.09009,0.089,1812.51,2.72e-05,0.2801,0.1116,2.992e-06,0.05563,5.112e-06,73.6,0.8187,0.3739,2.7044,0.1726,0.6088,1.23885,75.16,0.1892,0.08937,6.963,5.024e-06,66457.22,0.2405,0.0901,0.08892,1812.56,2.713e-05,0.2798,0.11133,2.997e-06,0.05571,5.113e-06,73.6,0.8188,0.3737,2.702,0.1724,0.6086,1.2391,75.15,0.1892,0.0893,6.962,5.027e-06,66460.7,0.2402,0.09009,0.08899,1812.66,2.722e-05,0.2798,0.11124,2.991e-06,0.05565,5.112e-06,73.62,0.8188,0.3738,2.703,0.1725,0.609,1.2391
2026-06-15 13:55:00,75.13,0.189,0.0893,6.959,5.04e-06,66442.0,0.2403,0.09006,0.0895,1812.63,2.709e-05,0.2797,0.1112,2.99e-06,0.05561,5.12e-06,73.62,0.8192,0.3737,2.7,0.1724,0.6112,1.2382,75.1,0.189,0.0894,6.958,5.034e-06,66439.99,0.2406,0.09007,0.08934,1812.68,2.71e-05,0.2796,0.1111,2.994e-06,0.05559,5.115e-06,73.61,0.8193,0.3738,2.698,0.1729,0.6106,1.2382,75.12,0.189,0.08931,6.96,5.038e-06,66440.7,0.2402,0.09006,0.08934,1812.59,2.726e-05,0.2795,0.1112,2.996e-06,0.05561,5.111e-06,73.61,0.8193,0.3734,2.7,0.1723,0.6113,1.2384,75.04,0.1889,0.0893,6.96,5.04e-06,66394.1,0.2405,0.08999,0.0893,1811.26,2.71e-05,0.28,0.111,3e-06,0.05557,5.11e-06,73.57,0.8189,0.3732,2.699,0.173,0.6102,1.2374,75.186,0.18904,0.0893,6.965,5.051e-06,66439.32,0.2404,0.090055,0.08943,1812.68,2.707e-05,0.2816,0.1112,2.999e-06,0.0561,5.109e-06,73.61,0.81965,0.38067,2.7026,0.1741,0.6103,1.2382,75.224,0.188975,0.0893,6.9603,5.0288e-06,66446.88,0.2395,0.090207,0.08937,1812.19,2.711e-05,0.2782,0.1111,2.996994e-06,0.0555,5.1e-06,73.5256,0.8309,0.3711,2.7005,0.1722,0.609,1.24288,75.154,0.1891,0.0894,6.954,5.037e-06,66443.3,0.2416,0.09007,0.0893,1812.68,2.71e-05,0.2798,0.1116,2.994e-06,0.0556,5.111e-06,73.61,0.8193,0.3739,2.6997,0.1723,0.6109,1.23847,75.19,0.1891,0.08938,6.959,5.036e-06,66440.0,0.2405,0.09007,0.08982,1812.4,2.71e-05,0.2798,0.1113,2.996e-06,0.05562,5.116e-06,73.6,0.8196,0.3735,2.699,0.1722,0.6104,1.2382,75.14,0.1891,0.08924,6.959,5.039e-06,66445.7,0.2401,0.09005,0.08937,1812.58,2.708e-05,0.2799,0.11112,2.994e-06,0.05561,5.112e-06,73.62,0.8191,0.3735,2.7,0.1722,0.6111,1.2384
2026-06-15 13:56:00,75.36,0.189,0.0893,6.965,5.05e-06,66456.95,0.2409,0.09013,0.0893,1812.49,2.716e-05,0.2797,0.1112,3e-06,0.05561,5.12e-06,73.58,0.8201,0.3741,2.699,0.1724,0.6103,1.2386,75.34,0.189,0.0894,6.965,5.056e-06,66457.7,0.2409,0.0901,0.08926,1812.53,2.71e-05,0.2796,0.1111,2.998e-06,0.05562,5.118e-06,73.58,0.8199,0.3738,2.698,0.1723,0.6101,1.2386,75.35,0.1891,0.08936,6.965,5.06e-06,66459.0,0.2409,0.09012,0.0893,1812.51,2.717e-05,0.2796,0.1112,2.998e-06,0.05563,5.116e-06,73.58,0.82,0.374,2.698,0.1725,0.6105,1.2387,75.3,0.1889,0.0893,6.96,5.05e-06,66410.91,0.2413,0.09005,0.0892,1811.47,2.71e-05,0.28,0.111,3e-06,0.0556,5.11e-06,73.52,0.8197,0.3738,2.699,0.172,0.6092,1.2379,75.186,0.18906,0.0893,6.965,5.051e-06,66462.65,0.2404,0.090081,0.08923,1812.15,2.707e-05,0.2816,0.1112,2.999e-06,0.0561,5.109e-06,73.58,0.82011,0.38067,2.7026,0.1741,0.6103,1.2385,75.224,0.189048,0.0893,6.9658,5.0395e-06,66465.93,0.2399,0.090207,0.08919,1812.63,2.719e-05,0.2783,0.1112,2.996994e-06,0.0555,5.1e-06,73.5256,0.8309,0.3717,2.7005,0.1723,0.608,1.23607,75.343,0.189,0.0894,6.962,5.06e-06,66465.8,0.2412,0.09012,0.0893,1812.5,2.717e-05,0.2798,0.1112,2.994e-06,0.0556,5.114e-06,73.58,0.8199,0.3738,2.7001,0.1724,0.6104,1.23868,75.5,0.1891,0.0893,6.961,5.054e-06,66460.0,0.241,0.09012,0.08928,1812.57,2.716e-05,0.2796,0.11118,2.993e-06,0.05553,5.115e-06,73.57,0.8198,0.3741,2.699,0.1723,0.6099,1.2385,75.35,0.189,0.08938,6.966,5.056e-06,66453.9,0.2408,0.09011,0.08926,1812.57,2.717e-05,0.2797,0.11121,2.998e-06,0.05562,5.114e-06,73.58,0.82,0.374,2.699,0.1723,0.6103,1.2386
2026-06-15 13:57:00,75.27,0.1889,0.0894,6.966,5.06e-06,66468.01,0.2406,0.09011,0.0892,1813.4,2.712e-05,0.2798,0.1113,3e-06,0.05562,5.12e-06,73.62,0.8209,0.3777,2.701,0.1726,0.6106,1.2388,75.29,0.189,0.0894,6.965,5.056e-06,66464.31,0.2405,0.09011,0.08919,1813.1,2.71e-05,0.2794,0.1113,2.998e-06,0.05564,5.118e-06,73.63,0.8209,0.3778,2.7,0.1723,0.6098,1.2386,75.25,0.189,0.08942,6.965,5.057e-06,66465.5,0.2406,0.09014,0.08922,1813.46,2.716e-05,0.2797,0.1113,3e-06,0.05565,5.116e-06,73.63,0.821,0.3777,2.7,0.1726,0.6106,1.2388,75.22,0.1888,0.0893,6.96,5.06e-06,66419.48,0.2413,0.09004,0.0892,1812.25,2.71e-05,0.28,0.111,3e-06,0.0556,5.11e-06,73.58,0.8214,0.3774,2.699,0.172,0.6096,1.2378,75.186,0.18903,0.0893,6.966,5.051e-06,66468.77,0.2404,0.090133,0.08923,1813.05,2.707e-05,0.2816,0.1112,2.999e-06,0.0561,5.109e-06,73.63,0.82011,0.38067,2.7026,0.1741,0.6099,1.2388,75.224,0.189041,0.0893,6.9689,5.0491e-06,66465.93,0.2413,0.090207,0.08906,1813.71,2.712e-05,0.2784,0.1113,2.996994e-06,0.0555,5.11e-06,73.5256,0.8304,0.3752,2.7015,0.1724,0.608,1.23607,75.245,0.189,0.0894,6.966,5.057e-06,66468.3,0.2412,0.09012,0.0892,1812.93,2.718e-05,0.2794,0.1112,2.999e-06,0.0556,5.117e-06,73.63,0.8207,0.3776,2.7005,0.1726,0.6102,1.2388,75.26,0.1889,0.08942,6.969,5.061e-06,66464.99,0.2407,0.0901,0.08939,1813.06,2.712e-05,0.2798,0.11139,3e-06,0.05559,5.116e-06,73.61,0.8208,0.3777,2.7,0.1724,0.61,1.2387,75.27,0.189,0.08936,6.967,5.06e-06,66468.4,0.2406,0.09011,0.08925,1813.55,2.717e-05,0.2798,0.11132,2.999e-06,0.05562,5.115e-06,73.63,0.8207,0.3776,2.701,0.1724,0.6103,1.2386
2026-06-15 14:01:00,74.64,0.1884,0.0892,6.948,5.06e-06,66363.74,0.24,0.09003,0.0883,1810.32,2.705e-05,0.2788,0.1109,3e-06,0.0556,5.12e-06,73.35,0.8219,0.3745,2.693,0.1748,0.6112,1.2358,74.64,0.1885,0.0893,6.949,5.077e-06,66365.0,0.2401,0.09004,0.08827,1810.24,2.721e-05,0.2797,0.1109,3.004e-06,0.05558,5.121e-06,73.35,0.8218,0.3753,2.695,0.1747,0.6111,1.2358,74.65,0.1885,0.08918,6.947,5.059e-06,66370.0,0.2404,0.09005,0.08829,1810.34,2.708e-05,0.2788,0.111,3.005e-06,0.05558,5.114e-06,73.36,0.8217,0.3747,2.693,0.1747,0.6111,1.2359,74.61,0.1884,0.0891,6.95,5.06e-06,66311.99,0.24,0.08998,0.0883,1809.31,2.71e-05,0.279,0.111,3e-06,0.05553,5.12e-06,73.29,0.8217,0.3743,2.691,0.175,0.6109,1.235,74.903,0.18853,0.0893,6.954,5.051e-06,66368.43,0.2404,0.090033,0.08824,1810.09,2.707e-05,0.2796,0.1112,2.999e-06,0.0561,5.109e-06,73.36,0.82367,0.38067,2.7026,0.1747,0.6132,1.2359,75.224,0.188578,0.0891,6.9509,5.0503e-06,66400.09,0.2395,0.090429,0.08819,1811.09,2.705e-05,0.2773,0.1108,3.00459e-06,0.0555,5.11e-06,73.313,0.8316,0.3718,2.6947,0.1746,0.609,1.23529,74.642,0.1888,0.0893,6.949,5.063e-06,66372.0,0.2411,0.09004,0.0883,1810.34,2.708e-05,0.2794,0.1111,3.001e-06,0.05559,5.114e-06,73.35,0.8219,0.3754,2.6933,0.1748,0.612,1.23579,74.86,0.1885,0.08922,6.949,5.069e-06,66367.42,0.24,0.09003,0.08831,1810.44,2.707e-05,0.2795,0.11084,3.001e-06,0.05561,5.12e-06,73.34,0.822,0.3745,2.695,0.1746,0.6117,1.2358,74.63,0.1885,0.0892,6.95,5.058e-06,66366.8,0.2401,0.09003,0.08829,1810.4,2.706e-05,0.2789,0.11087,2.999e-06,0.05556,5.116e-06,73.36,0.8218,0.3746,2.693,0.1746,0.6113,1.2357
2026-06-15 14:02:00,74.52,0.188,0.089,6.935,5.06e-06,66319.95,0.2399,0.09002,0.0881,1806.78,2.701e-05,0.2785,0.1109,3e-06,0.05549,5.11e-06,73.31,0.821,0.3741,2.69,0.1744,0.609,1.2362,74.53,0.188,0.0889,6.931,5.055e-06,66320.14,0.2397,0.09002,0.08806,1806.65,2.721e-05,0.2781,0.1109,2.996e-06,0.05547,5.103e-06,73.32,0.821,0.3742,2.686,0.1748,0.6091,1.2364,74.51,0.188,0.08901,6.935,5.054e-06,66327.0,0.2399,0.09002,0.08813,1806.95,2.7e-05,0.2784,0.1109,2.998e-06,0.05548,5.102e-06,73.33,0.8212,0.3743,2.691,0.1744,0.6097,1.2364,74.41,0.1878,0.089,6.94,5.06e-06,66266.54,0.2396,0.08996,0.0881,1805.67,2.7e-05,0.279,0.111,3e-06,0.05545,5.1e-06,73.26,0.8208,0.3742,2.69,0.175,0.6101,1.2353,74.571,0.18802,0.0893,6.936,5.051e-06,66327.7,0.2404,0.090046,0.08784,1806.61,2.707e-05,0.2796,0.1112,2.999e-06,0.0561,5.096e-06,73.32,0.82125,0.38067,2.7026,0.1747,0.6096,1.2363,74.6376,0.188029,0.0888,6.9355,5.0511e-06,66340.85,0.2393,0.090189,0.08799,1807.25,2.701e-05,0.2771,0.1108,3.00459e-06,0.0554,5.1e-06,73.1647,0.8301,0.3715,2.6904,0.1743,0.607,1.23347,74.489,0.188,0.0891,6.933,5.056e-06,66333.5,0.2402,0.09003,0.0881,1807.03,2.702e-05,0.2782,0.1109,2.996e-06,0.05549,5.102e-06,73.33,0.8207,0.3744,2.6901,0.1745,0.6089,1.23638,74.52,0.188,0.08922,6.93,5.05e-06,66332.47,0.2399,0.09003,0.088,1806.73,2.701e-05,0.2785,0.1107,3e-06,0.05549,5.105e-06,73.31,0.8215,0.374,2.689,0.1741,0.6082,1.2363,74.51,0.188,0.08899,6.934,5.059e-06,66325.3,0.2398,0.08995,0.08812,1806.69,2.701e-05,0.2785,0.11091,2.996e-06,0.05549,5.104e-06,73.3,0.8209,0.3742,2.689,0.1743,0.6091,1.2362
2026-06-15 14:03:00,74.74,0.1882,0.0891,6.948,5.07e-06,66373.99,0.2403,0.09008,0.0882,1807.32,2.703e-05,0.2788,0.1109,3e-06,0.05562,5.12e-06,73.41,0.8218,0.3745,2.695,0.1745,0.6132,1.2358,74.74,0.1882,0.089,6.947,5.083e-06,66378.26,0.2397,0.09007,0.0881,1807.14,2.721e-05,0.2787,0.111,2.999e-06,0.05555,5.111e-06,73.41,0.8215,0.3742,2.686,0.1748,0.6132,1.2357,74.73,0.1883,0.08921,6.947,5.078e-06,66384.5,0.24,0.09006,0.08826,1807.35,2.705e-05,0.2786,0.111,2.998e-06,0.05559,5.111e-06,73.41,0.8217,0.3747,2.695,0.1746,0.6134,1.2359,74.6,0.1881,0.0891,6.94,5.07e-06,66329.39,0.2406,0.08999,0.0882,1806.2,2.7e-05,0.279,0.111,3e-06,0.0556,5.1e-06,73.36,0.8216,0.3744,2.694,0.175,0.6115,1.235,74.571,0.18827,0.0891,6.94,5.051e-06,66382.16,0.2404,0.090058,0.08814,1807.34,2.707e-05,0.2796,0.1112,2.999e-06,0.0561,5.096e-06,73.42,0.82183,0.38067,2.7026,0.1747,0.6122,1.2361,74.6376,0.188227,0.0889,6.9504,5.0511e-06,66378.86,0.2395,0.090189,0.08827,1807.37,2.703e-05,0.2773,0.1109,3.00459e-06,0.0555,5.11e-06,73.31,0.8301,0.3718,2.6965,0.1744,0.611,1.2314,74.679,0.1883,0.0892,6.947,5.079e-06,66373.9,0.2402,0.09006,0.0882,1807.1,2.702e-05,0.2782,0.111,3e-06,0.05561,5.111e-06,73.42,0.8216,0.3747,2.6954,0.1746,0.6124,1.23556,74.7,0.1883,0.08918,6.946,5.067e-06,66370.0,0.2403,0.09007,0.08824,1806.48,2.702e-05,0.2788,0.11098,2.999e-06,0.05555,5.111e-06,73.38,0.8217,0.3744,2.693,0.1744,0.6118,1.2358,74.69,0.1882,0.08919,6.947,5.077e-06,66379.5,0.2403,0.09005,0.08824,1807.2,2.701e-05,0.2788,0.11102,3e-06,0.0556,5.111e-06,73.42,0.8215,0.3745,2.695,0.1746,0.6133,1.2358
2026-06-15 14:04:00,74.77,0.1883,0.0892,6.945,5.07e-06,66356.01,0.2405,0.09006,0.0883,1809.58,2.702e-05,0.2789,0.1109,3e-06,0.05565,5.11e-06,73.46,0.8212,0.3747,2.697,0.1747,0.6113,1.2357,74.76,0.1884,0.089,6.945,5.083e-06,66354.51,0.2397,0.09006,0.08815,1809.94,2.721e-05,0.2787,0.111,3.003e-06,0.05565,5.109e-06,73.47,0.8213,0.3742,2.696,0.1748,0.6114,1.2357,74.76,0.1883,0.08918,6.945,5.08e-06,66361.3,0.2404,0.09004,0.08824,1809.27,2.705e-05,0.2788,0.111,3.003e-06,0.05565,5.109e-06,73.49,0.8211,0.3749,2.697,0.1746,0.6119,1.2358,74.7,0.1882,0.0891,6.94,5.08e-06,66307.12,0.2406,0.08996,0.0882,1808.1,2.7e-05,0.279,0.111,3e-06,0.0556,5.1e-06,73.41,0.8209,0.3741,2.695,0.175,0.6104,1.2349,74.571,0.1884,0.0891,6.945,5.051e-06,66350.97,0.2405,0.090068,0.08824,1809.21,2.703e-05,0.2796,0.1112,2.999e-06,0.0561,5.096e-06,73.47,0.82135,0.38067,2.7026,0.1747,0.6122,1.2359,74.6376,0.188252,0.0889,6.9445,5.067e-06,66362.28,0.2395,0.090189,0.0882,1809.39,2.703e-05,0.2774,0.1108,3.00459e-06,0.0556,5.1e-06,73.31,0.8311,0.372,2.6985,0.1747,0.609,1.23519,74.773,0.1884,0.0892,6.944,5.079e-06,66368.7,0.2402,0.09004,0.0882,1809.43,2.703e-05,0.2782,0.111,3.002e-06,0.05563,5.109e-06,73.48,0.8213,0.3747,2.6984,0.1747,0.6117,1.23582,74.77,0.1884,0.0892,6.946,5.074e-06,66362.3,0.2404,0.09004,0.08824,1809.95,2.7e-05,0.2788,0.11096,3e-06,0.05555,5.108e-06,73.46,0.8213,0.3747,2.696,0.1745,0.6112,1.2358,74.76,0.1883,0.08919,6.944,5.086e-06,66353.2,0.2403,0.09005,0.0882,1809.48,2.701e-05,0.2789,0.11099,3.002e-06,0.05562,5.108e-06,73.47,0.8212,0.3746,2.696,0.1746,0.6115,1.2358
2026-06-15 14:05:00,74.91,0.1887,0.0893,6.954,5.1e-06,66430.41,0.2408,0.09016,0.0885,1812.77,2.708e-05,0.2793,0.1111,3.02e-06,0.05574,5.11e-06,73.54,0.8227,0.3757,2.702,0.1752,0.6127,1.2378,74.76,0.1886,0.089,6.954,5.099e-06,66432.5,0.2406,0.09017,0.08843,1812.67,2.705e-05,0.2791,0.1111,3.01e-06,0.05577,5.111e-06,73.53,0.8227,0.3742,2.698,0.1748,0.6125,1.2378,74.9,0.1887,0.08938,6.953,5.096e-06,66435.5,0.2406,0.09018,0.08843,1812.67,2.705e-05,0.2791,0.1112,3.011e-06,0.05565,5.11e-06,73.55,0.8231,0.3758,2.7,0.1752,0.6126,1.2378,74.82,0.1887,0.0893,6.95,5.09e-06,66379.31,0.2406,0.09008,0.0884,1811.3,2.7e-05,0.279,0.111,3.01e-06,0.0556,5.11e-06,73.48,0.8225,0.3755,2.7,0.175,0.6118,1.2369,74.571,0.18851,0.0891,6.957,5.051e-06,66432.53,0.2405,0.090164,0.08824,1812.63,2.708e-05,0.2796,0.1112,2.999e-06,0.0561,5.096e-06,73.55,0.82323,0.38067,2.7026,0.1747,0.6112,1.2379,74.6376,0.188658,0.0891,6.9563,5.0921e-06,66426.98,0.2421,0.090181,0.0883,1812.54,2.708e-05,0.2779,0.1111,3.00459e-06,0.0556,5.1e-06,73.31,0.8292,0.3731,2.7014,0.1748,0.61,1.23613,74.904,0.1886,0.0894,6.953,5.096e-06,66438.8,0.2402,0.09017,0.0884,1812.35,2.709e-05,0.2782,0.111,3.011e-06,0.05575,5.111e-06,73.55,0.8227,0.3747,2.7014,0.1752,0.6126,1.23798,74.91,0.1887,0.08931,6.944,5.099e-06,66435.25,0.2408,0.09015,0.0884,1812.45,2.706e-05,0.2792,0.11099,3.013e-06,0.05569,5.109e-06,73.52,0.8227,0.3756,2.699,0.1749,0.6112,1.2376,74.89,0.1887,0.08935,6.954,5.1e-06,66433.5,0.2403,0.09015,0.08843,1812.68,2.708e-05,0.2792,0.11109,3.011e-06,0.05573,5.108e-06,73.53,0.8225,0.3755,2.7,0.1752,0.6124,1.238
2026-06-15 14:06:00,74.83,0.1889,0.0894,6.952,5.08e-06,66414.07,0.2407,0.09017,0.0884,1811.37,2.705e-05,0.2793,0.1111,3.01e-06,0.05573,5.11e-06,73.54,0.8219,0.3753,2.698,0.1751,0.6136,1.2372,74.94,0.1889,0.089,6.954,5.099e-06,66416.0,0.2407,0.0902,0.08836,1811.3,2.705e-05,0.2791,0.1111,3.007e-06,0.05575,5.111e-06,73.54,0.822,0.376,2.699,0.1748,0.6137,1.2372,74.84,0.1889,0.08943,6.953,5.078e-06,66418.0,0.2408,0.09019,0.08832,1811.25,2.706e-05,0.2793,0.1112,3.01e-06,0.05571,5.106e-06,73.55,0.8219,0.3754,2.698,0.1752,0.6139,1.2379,74.77,0.1888,0.0891,6.95,5.08e-06,66361.24,0.2406,0.09008,0.0883,1810.0,2.7e-05,0.279,0.111,3.01e-06,0.0556,5.11e-06,73.48,0.8218,0.375,2.697,0.175,0.6136,1.2363,74.571,0.18888,0.0891,6.954,5.051e-06,66422.35,0.2405,0.090154,0.08834,1811.56,2.708e-05,0.2796,0.1112,3.009e-06,0.0561,5.096e-06,73.53,0.82306,0.38067,2.7026,0.1747,0.6135,1.2374,74.6376,0.188825,0.0891,6.9512,5.0921e-06,66443.12,0.2417,0.090181,0.08831,1811.72,2.704e-05,0.2777,0.111,3.00459e-06,0.0556,5.11e-06,73.4013,0.8305,0.3726,2.6994,0.1748,0.611,1.23613,74.823,0.1889,0.0894,6.95,5.081e-06,66426.9,0.2402,0.09019,0.0884,1811.5,2.708e-05,0.2782,0.111,3.008e-06,0.05574,5.11e-06,73.55,0.822,0.3757,2.6993,0.1752,0.6137,1.23746,74.9,0.1889,0.08941,6.952,5.079e-06,66420.01,0.2408,0.09017,0.08833,1811.26,2.706e-05,0.2792,0.1111,3.01e-06,0.05569,5.109e-06,73.54,0.8226,0.3752,2.699,0.1748,0.6138,1.237,74.82,0.1889,0.08939,6.952,5.087e-06,66414.0,0.2406,0.09016,0.08836,1811.17,2.707e-05,0.2795,0.1111,3.007e-06,0.05573,5.109e-06,73.55,0.8218,0.376,2.698,0.1751,0.614,1.2371
2026-06-15 14:07:00,74.79,0.1886,0.0891,6.944,5.05e-06,66375.31,0.2406,0.09003,0.0881,1808.35,2.701e-05,0.279,0.111,3e-06,0.05564,5.1e-06,73.42,0.8203,0.3746,2.694,0.1745,0.6147,1.2368,74.73,0.1887,0.089,6.944,5.058e-06,66375.03,0.2404,0.09005,0.08797,1808.52,2.705e-05,0.2789,0.111,3.001e-06,0.05575,5.105e-06,73.43,0.8202,0.3744,2.693,0.1748,0.6147,1.2367,74.78,0.1887,0.08919,6.948,5.056e-06,66381.2,0.2405,0.09004,0.08804,1808.38,2.703e-05,0.2789,0.111,3.001e-06,0.05562,5.102e-06,73.44,0.8204,0.3746,2.694,0.1745,0.6149,1.2369,74.72,0.1885,0.0891,6.94,5.05e-06,66320.33,0.2406,0.08998,0.088,1807.01,2.7e-05,0.278,0.111,3e-06,0.05562,5.09e-06,73.37,0.8201,0.3743,2.692,0.174,0.6145,1.2359,74.571,0.18869,0.0892,6.945,5.051e-06,66377.02,0.2405,0.090037,0.08794,1808.16,2.708e-05,0.2796,0.1112,3.001e-06,0.0561,5.096e-06,73.43,0.82006,0.38067,2.7026,0.1747,0.6145,1.2367,74.6376,0.18876,0.089,6.9491,5.0612e-06,66391.65,0.2398,0.090193,0.08791,1808.83,2.701e-05,0.2775,0.1109,3.00459e-06,0.0555,5.1e-06,73.4013,0.826,0.372,2.6954,0.1744,0.612,1.23483,74.783,0.1888,0.0892,6.948,5.055e-06,66386.8,0.2402,0.09004,0.088,1808.59,2.708e-05,0.2782,0.111,3.003e-06,0.05563,5.103e-06,73.43,0.8202,0.3752,2.6945,0.1745,0.6148,1.23736,74.76,0.1886,0.08941,6.944,5.057e-06,66383.02,0.2405,0.09003,0.088,1808.34,2.7e-05,0.279,0.11104,3.001e-06,0.05559,5.101e-06,73.42,0.8203,0.3744,2.693,0.1742,0.6145,1.2368,74.78,0.1886,0.08919,6.946,5.059e-06,66378.3,0.2404,0.09002,0.08803,1808.48,2.707e-05,0.2789,0.11099,3.001e-06,0.05565,5.102e-06,73.42,0.8203,0.3747,2.692,0.1746,0.6148,1.2369
2026-06-15 14:08:00,74.62,0.1879,0.0891,6.931,5.02e-06,66376.01,0.2406,0.08995,0.0879,1807.64,2.698e-05,0.2786,0.111,2.99e-06,0.05556,5.1e-06,73.29,0.8204,0.3741,2.692,0.1744,0.6126,1.2356,74.83,0.1879,0.089,6.932,5.012e-06,66370.01,0.2403,0.08996,0.08789,1807.45,2.705e-05,0.2789,0.111,3e-06,0.0556,5.1e-06,73.3,0.8203,0.3746,2.691,0.1741,0.6125,1.236,74.6,0.1879,0.08911,6.931,5.019e-06,66374.5,0.2406,0.08997,0.08785,1807.57,2.703e-05,0.2785,0.111,2.996e-06,0.05558,5.098e-06,73.31,0.8204,0.3742,2.691,0.1744,0.6125,1.2357,74.56,0.1877,0.0891,6.93,5.02e-06,66314.68,0.2406,0.08989,0.0878,1806.2,2.7e-05,0.278,0.111,2.99e-06,0.05555,5.09e-06,73.23,0.8201,0.3739,2.69,0.174,0.6114,1.2348,74.68,0.18788,0.0892,6.936,5.051e-06,66382.34,0.2405,0.089949,0.08784,1807.91,2.708e-05,0.2796,0.1112,3.001e-06,0.0561,5.096e-06,73.3,0.82053,0.38067,2.7026,0.1747,0.6115,1.2356,74.6376,0.187929,0.0889,6.9314,5.0204e-06,66399.78,0.2397,0.090193,0.08783,1808.64,2.697e-05,0.2771,0.1109,3.00459e-06,0.0555,5.1e-06,73.2403,0.8297,0.3714,2.6924,0.1746,0.61,1.23483,74.624,0.1879,0.0891,6.933,5.018e-06,66385.1,0.2402,0.08996,0.0879,1808.06,2.701e-05,0.2782,0.111,2.998e-06,0.05557,5.098e-06,73.32,0.8201,0.3747,2.6912,0.1743,0.6125,1.23621,74.68,0.1879,0.08916,6.944,5.02e-06,66381.35,0.2404,0.08995,0.08797,1807.54,2.699e-05,0.2786,0.11104,2.999e-06,0.05565,5.098e-06,73.28,0.8205,0.3739,2.692,0.1741,0.6118,1.2356,74.61,0.1879,0.0891,6.932,5.02e-06,66371.4,0.2403,0.08994,0.08787,1807.59,2.698e-05,0.2786,0.111,2.997e-06,0.05556,5.096e-06,73.28,0.8205,0.3742,2.692,0.1745,0.6124,1.2356
2026-06-15 14:09:00,74.6,0.188,0.0891,6.937,5.03e-06,66380.0,0.2405,0.09002,0.0882,1808.22,2.703e-05,0.2789,0.111,3e-06,0.05559,5.1e-06,73.35,0.8209,0.3742,2.693,0.1743,0.6124,1.2365,74.62,0.188,0.089,6.938,5.034e-06,66381.2,0.2403,0.09001,0.08821,1808.08,2.705e-05,0.2789,0.111,2.997e-06,0.05559,5.097e-06,73.34,0.8209,0.3751,2.693,0.1741,0.6125,1.2365,74.56,0.188,0.08914,6.936,5.03e-06,66385.5,0.2404,0.09001,0.08812,1808.27,2.703e-05,0.2787,0.111,2.999e-06,0.05562,5.1e-06,73.36,0.8208,0.3741,2.693,0.1741,0.6132,1.2365,74.54,0.1879,0.089,6.93,5.02e-06,66324.86,0.24,0.08993,0.0881,1806.9,2.69e-05,0.278,0.111,2.99e-06,0.05557,5.09e-06,73.28,0.8205,0.3739,2.689,0.174,0.6118,1.2356,74.68,0.18786,0.0892,6.936,5.051e-06,66376.47,0.2407,0.089997,0.08814,1808.22,2.708e-05,0.2796,0.1112,3.001e-06,0.0561,5.096e-06,73.35,0.82053,0.38067,2.7026,0.1747,0.6115,1.2366,74.6376,0.188029,0.0889,6.9384,5.0334e-06,66369.84,0.2398,0.090128,0.08803,1808.18,2.703e-05,0.2774,0.111,3.00459e-06,0.0555,5.1e-06,73.2403,0.8303,0.3715,2.6944,0.1746,0.61,1.23483,74.603,0.188,0.0892,6.936,5.024e-06,66386.0,0.2404,0.09,0.0882,1808.14,2.701e-05,0.2788,0.111,2.996e-06,0.05559,5.099e-06,73.35,0.8208,0.374,2.6935,0.1743,0.613,1.23658,74.59,0.188,0.08913,6.937,5.028e-06,66387.35,0.2405,0.09001,0.08828,1808.06,2.701e-05,0.2789,0.111,3e-06,0.0556,5.098e-06,73.35,0.8208,0.3742,2.69,0.1741,0.6129,1.2362,74.54,0.188,0.08912,6.939,5.03e-06,66376.1,0.2402,0.09,0.08814,1808.24,2.701e-05,0.2786,0.11102,2.999e-06,0.0556,5.1e-06,73.34,0.8207,0.374,2.693,0.1741,0.6126,1.2364
2026-06-15 14:10:00,74.56,0.1876,0.0889,6.915,4.99e-06,66299.93,0.2399,0.08984,0.0878,1804.72,2.692e-05,0.2781,0.1107,2.99e-06,0.0554,5.1e-06,73.2,0.8185,0.3728,2.687,0.1737,0.6107,1.2352,74.63,0.1877,0.089,6.913,4.991e-06,66300.02,0.2398,0.08983,0.08797,1804.7,2.696e-05,0.278,0.1107,2.991e-06,0.05546,5.097e-06,73.21,0.8185,0.3728,2.688,0.1739,0.6106,1.2352,74.62,0.1878,0.08892,6.916,4.985e-06,66302.5,0.2398,0.08985,0.08792,1804.81,2.695e-05,0.2781,0.1108,2.991e-06,0.05542,5.092e-06,73.23,0.8185,0.373,2.685,0.1737,0.6107,1.2351,74.5,0.1876,0.089,6.91,4.99e-06,66240.54,0.24,0.08976,0.0879,1803.28,2.69e-05,0.278,0.111,2.99e-06,0.05543,5.09e-06,73.16,0.8182,0.3725,2.689,0.174,0.6099,1.2344,74.68,0.18766,0.089,6.917,5.051e-06,66293.53,0.2407,0.089836,0.08784,1804.57,2.708e-05,0.2796,0.1112,2.991e-06,0.05544,5.095e-06,73.23,0.81874,0.38067,2.7026,0.1747,0.6103,1.235,74.6376,0.187723,0.0889,6.9175,5e-06,66340.85,0.2395,0.09012,0.08787,1804.91,2.693e-05,0.2766,0.1107,2.992574e-06,0.0553,5.1e-06,73.017,0.8235,0.3702,2.6894,0.1745,0.608,1.2314,74.524,0.1878,0.089,6.917,4.991e-06,66308.7,0.2404,0.08985,0.0879,1804.61,2.701e-05,0.2788,0.111,2.992e-06,0.05539,5.092e-06,73.22,0.8189,0.374,2.6873,0.1736,0.6106,1.23597,74.58,0.1877,0.0889,6.92,4.983e-06,66300.01,0.24,0.08984,0.088,1804.72,2.697e-05,0.2781,0.1109,2.994e-06,0.05549,5.095e-06,73.21,0.8185,0.3728,2.689,0.1734,0.6106,1.2351,74.56,0.1877,0.08892,6.913,4.989e-06,66300.1,0.2398,0.08982,0.08788,1804.72,2.692e-05,0.2784,0.11074,2.99e-06,0.05541,5.09e-06,73.21,0.8192,0.3728,2.687,0.1736,0.6106,1.2352
2026-06-15 14:11:00,74.84,0.1881,0.0891,6.926,5.01e-06,66381.66,0.2406,0.08997,0.088,1808.49,2.699e-05,0.2786,0.1108,3e-06,0.05554,5.1e-06,73.41,0.8204,0.3736,2.691,0.174,0.6113,1.239,74.79,0.1881,0.089,6.927,5.013e-06,66385.0,0.2404,0.08994,0.08787,1808.28,2.696e-05,0.2782,0.1108,3.001e-06,0.0555,5.093e-06,73.41,0.8204,0.3728,2.69,0.1738,0.6112,1.2388,74.82,0.1881,0.08895,6.926,5.009e-06,66391.9,0.2406,0.08995,0.08795,1808.45,2.695e-05,0.2784,0.1108,3e-06,0.05549,5.098e-06,73.43,0.8204,0.3736,2.69,0.174,0.6112,1.2389,74.76,0.1879,0.089,6.92,5.01e-06,66331.65,0.24,0.08988,0.0879,1807.03,2.69e-05,0.279,0.111,3e-06,0.05546,5.1e-06,73.36,0.8199,0.3732,2.689,0.174,0.6106,1.2379,74.787,0.18812,0.089,6.925,5.051e-06,66384.52,0.2407,0.08996,0.08795,1808.3,2.708e-05,0.2796,0.1112,2.991e-06,0.05544,5.095e-06,73.41,0.81986,0.38067,2.7026,0.1747,0.6104,1.2391,74.723,0.187952,0.0888,6.9263,5.0145e-06,66376.65,0.2398,0.09012,0.08797,1807.71,2.699e-05,0.2771,0.1107,2.997575e-06,0.0554,5.1e-06,73.139,0.8247,0.3709,2.6913,0.1745,0.608,1.23725,74.826,0.1881,0.089,6.926,5.009e-06,66388.0,0.2403,0.08995,0.0879,1808.22,2.7e-05,0.2788,0.111,3e-06,0.05552,5.099e-06,73.42,0.8202,0.374,2.6912,0.174,0.6108,1.23886,74.67,0.188,0.08894,6.925,5.006e-06,66385.52,0.2405,0.08996,0.08803,1808.12,2.699e-05,0.2786,0.11078,2.994e-06,0.05555,5.097e-06,73.41,0.8202,0.3735,2.689,0.1737,0.611,1.2389,74.82,0.1881,0.089,6.925,5.012e-06,66381.9,0.2404,0.08994,0.08795,1808.64,2.692e-05,0.2784,0.11085,3e-06,0.05553,5.099e-06,73.4,0.8202,0.3732,2.691,0.1734,0.611,1.239
2026-06-15 14:13:00,75.01,0.1883,0.0891,6.933,5.02e-06,66437.2,0.241,0.09006,0.0883,1810.36,2.7e-05,0.2793,0.1111,3.01e-06,0.05558,5.11e-06,73.48,0.8208,0.3744,2.694,0.1745,0.6107,1.2391,75.02,0.1882,0.089,6.933,5.013e-06,66438.07,0.2408,0.09007,0.08824,1810.49,2.696e-05,0.279,0.111,3.003e-06,0.05554,5.107e-06,73.48,0.8213,0.3744,2.691,0.1738,0.6104,1.2391,74.99,0.1882,0.08915,6.932,5.021e-06,66438.8,0.2408,0.09007,0.08831,1810.42,2.702e-05,0.2791,0.1111,3.003e-06,0.05555,5.105e-06,73.48,0.8213,0.3743,2.693,0.1744,0.6111,1.2389,74.94,0.1881,0.0891,6.92,5.02e-06,66384.7,0.2409,0.09,0.0883,1809.11,2.69e-05,0.279,0.112,3e-06,0.05553,5.1e-06,73.43,0.8204,0.3743,2.692,0.174,0.6099,1.238,74.909,0.18822,0.089,6.934,5.051e-06,66435.64,0.2407,0.09007,0.08795,1810.37,2.708e-05,0.2796,0.1112,2.991e-06,0.05544,5.095e-06,73.48,0.82096,0.37435,2.7026,0.1747,0.6104,1.2393,74.723,0.188186,0.0889,6.9351,5.0138e-06,66425.7,0.24,0.090082,0.08834,1810.33,2.699e-05,0.2778,0.1111,2.998575e-06,0.0555,5.1e-06,73.3643,0.8267,0.3718,2.6943,0.1746,0.608,1.23725,75.032,0.1881,0.0891,6.93,5.021e-06,66442.6,0.241,0.09003,0.0883,1810.36,2.701e-05,0.2791,0.1111,3.005e-06,0.05558,5.107e-06,73.48,0.8205,0.3739,2.6939,0.1743,0.6104,1.23912,74.97,0.1882,0.08907,6.934,5.024e-06,66437.09,0.241,0.09007,0.08826,1810.41,2.7e-05,0.2792,0.11097,3.004e-06,0.05558,5.106e-06,73.49,0.821,0.3744,2.692,0.1743,0.6113,1.2388,74.98,0.1882,0.08906,6.933,5.022e-06,66438.9,0.241,0.09006,0.08831,1810.41,2.702e-05,0.2792,0.11109,3.006e-06,0.05557,5.107e-06,73.47,0.8207,0.3743,2.694,0.1743,0.6106,1.239
2026-06-15 14:14:00,75.08,0.1881,0.0891,6.935,5.02e-06,66442.03,0.241,0.09011,0.0884,1810.56,2.7e-05,0.2791,0.1112,3.01e-06,0.0556,5.11e-06,73.49,0.8206,0.3749,2.693,0.1746,0.6117,1.2388,75.04,0.1881,0.089,6.931,5.015e-06,66449.66,0.241,0.0901,0.08831,1810.51,2.696e-05,0.279,0.1112,3.002e-06,0.05552,5.104e-06,73.49,0.8204,0.3752,2.69,0.1738,0.6116,1.2388,75.07,0.188,0.08911,6.933,5.02e-06,66448.5,0.2409,0.09011,0.08837,1810.59,2.701e-05,0.2791,0.1112,3.001e-06,0.05561,5.102e-06,73.5,0.8205,0.3752,2.691,0.1746,0.6117,1.2388,75.03,0.188,0.0891,6.93,5.02e-06,66391.67,0.2409,0.09005,0.0883,1809.21,2.69e-05,0.279,0.111,3e-06,0.05557,5.1e-06,73.44,0.82,0.3747,2.69,0.174,0.6105,1.238,75.054,0.18805,0.089,6.934,5.051e-06,66449.66,0.2407,0.090099,0.08795,1810.58,2.708e-05,0.2796,0.1112,2.991e-06,0.05544,5.095e-06,73.5,0.82026,0.37435,2.7026,0.1747,0.61,1.2389,74.953,0.188114,0.0889,6.9353,5.0171e-06,66443.24,0.2401,0.090128,0.08827,1809.79,2.698e-05,0.2777,0.1112,2.998575e-06,0.0555,5.1e-06,73.2375,0.8245,0.3725,2.6923,0.1747,0.609,1.23725,75.082,0.188,0.0892,6.93,5.021e-06,66450.8,0.241,0.09007,0.0883,1810.32,2.701e-05,0.2791,0.1112,3.004e-06,0.0556,5.104e-06,73.5,0.8203,0.3754,2.6925,0.1746,0.6113,1.23882,74.93,0.1882,0.08907,6.934,5.015e-06,66440.0,0.241,0.09011,0.08828,1810.48,2.702e-05,0.2792,0.11118,3e-06,0.05555,5.101e-06,73.49,0.8194,0.3751,2.69,0.1745,0.6104,1.2388,75.07,0.1881,0.08913,6.932,5.022e-06,66448.8,0.2408,0.0901,0.08834,1810.66,2.7e-05,0.2791,0.11122,3.005e-06,0.05557,5.102e-06,73.49,0.8205,0.375,2.692,0.1743,0.6115,1.2388
2026-06-15 14:15:00,75.13,0.1881,0.0893,6.931,5.01e-06,66441.58,0.241,0.0901,0.0885,1810.4,2.699e-05,0.2793,0.1114,3e-06,0.05559,5.11e-06,73.4,0.8196,0.3759,2.693,0.1745,0.6108,1.2375,75.25,0.1881,0.089,6.931,5.023e-06,66440.01,0.241,0.09008,0.08841,1810.11,2.696e-05,0.2795,0.1114,3.003e-06,0.05563,5.104e-06,73.4,0.8197,0.3752,2.694,0.1745,0.6112,1.2378,75.12,0.1881,0.08926,6.93,5.009e-06,66435.3,0.241,0.0901,0.08846,1810.27,2.701e-05,0.2792,0.1114,3.006e-06,0.05565,5.11e-06,73.41,0.8196,0.376,2.693,0.1744,0.6107,1.2378,75.08,0.1879,0.0892,6.93,5.01e-06,66385.86,0.2409,0.09002,0.0884,1808.96,2.69e-05,0.279,0.111,3e-06,0.05553,5.11e-06,73.35,0.8194,0.3757,2.696,0.174,0.6099,1.2367,75.202,0.18809,0.0892,6.942,5.051e-06,66435.68,0.2407,0.090089,0.08795,1810.18,2.708e-05,0.2796,0.1112,3.008e-06,0.05544,5.095e-06,73.41,0.82126,0.37435,2.7026,0.1747,0.611,1.238,74.953,0.188043,0.0889,6.9335,5.0244e-06,66460.09,0.2403,0.090157,0.08837,1810.4,2.697e-05,0.2779,0.1113,3.003576e-06,0.0555,5.1e-06,73.2375,0.8245,0.3733,2.6953,0.1747,0.608,1.23725,75.102,0.1881,0.0893,6.931,5.006e-06,66446.8,0.241,0.0901,0.0884,1810.31,2.702e-05,0.2793,0.1114,3.004e-06,0.0556,5.106e-06,73.41,0.8196,0.3765,2.6932,0.1745,0.6113,1.23762,75.22,0.1882,0.0892,6.939,5.01e-06,66449.47,0.241,0.09009,0.08841,1810.62,2.698e-05,0.2795,0.11118,3.006e-06,0.05558,5.106e-06,73.4,0.8196,0.3758,2.693,0.1743,0.6107,1.2374,75.13,0.1881,0.08932,6.933,5.012e-06,66438.9,0.241,0.09009,0.0884,1810.25,2.701e-05,0.2794,0.11135,3.003e-06,0.05559,5.106e-06,73.4,0.8197,0.3759,2.695,0.1743,0.6108,1.2377
2026-06-15 14:16:00,75.28,0.1882,0.0892,6.938,5.01e-06,66470.13,0.2408,0.09012,0.0884,1810.81,2.702e-05,0.2792,0.1115,3.01e-06,0.05559,5.1e-06,73.46,0.8197,0.3755,2.696,0.1745,0.6099,1.2381,75.31,0.1882,0.089,6.937,5.023e-06,66474.26,0.241,0.09015,0.08846,1810.46,2.702e-05,0.2795,0.1115,3.008e-06,0.05561,5.11e-06,73.46,0.8195,0.3763,2.697,0.1745,0.6099,1.2378,75.27,0.1882,0.08934,6.938,5.004e-06,66476.0,0.2409,0.09012,0.08836,1810.51,2.704e-05,0.2794,0.1115,3.01e-06,0.0556,5.11e-06,73.46,0.8196,0.3754,2.695,0.1745,0.6101,1.238,75.22,0.1881,0.0892,6.94,5.01e-06,66422.96,0.2406,0.09005,0.0883,1809.16,2.7e-05,0.279,0.111,3e-06,0.05553,5.11e-06,73.43,0.819,0.3752,2.694,0.174,0.6093,1.2374,75.202,0.18818,0.0893,6.938,5.051e-06,66475.08,0.2407,0.090103,0.08795,1810.77,2.708e-05,0.2796,0.1112,3.01e-06,0.05544,5.095e-06,73.47,0.82046,0.37435,2.7026,0.1747,0.6099,1.2383,75.2241,0.188174,0.089,6.9425,5.0244e-06,66483.53,0.2402,0.090157,0.08827,1811.87,2.701e-05,0.2778,0.1115,3.007577e-06,0.0555,5.1e-06,73.2968,0.8245,0.3729,2.6954,0.1747,0.607,1.23725,75.27,0.1882,0.0893,6.938,5.008e-06,66478.6,0.241,0.09018,0.0885,1810.29,2.702e-05,0.2793,0.1115,3.008e-06,0.05559,5.109e-06,73.48,0.8196,0.3765,2.6961,0.1745,0.6101,1.23817,75.37,0.1882,0.08928,6.938,5.004e-06,66472.13,0.2406,0.09015,0.08854,1810.77,2.702e-05,0.2794,0.11154,3.009e-06,0.0556,5.108e-06,73.46,0.8198,0.3755,2.7,0.1742,0.6095,1.238,75.29,0.1882,0.08929,6.938,5.009e-06,66474.4,0.2408,0.09011,0.08834,1810.95,2.704e-05,0.2795,0.11154,3.007e-06,0.05558,5.109e-06,73.46,0.8196,0.3754,2.695,0.1748,0.6099,1.2381
2026-06-15 14:17:00,75.35,0.1886,0.0893,6.948,5.02e-06,66516.0,0.241,0.0902,0.0884,1812.53,2.7e-05,0.2797,0.1117,3.01e-06,0.05562,5.12e-06,73.59,0.8206,0.3761,2.699,0.1748,0.6105,1.2393,75.31,0.1886,0.0892,6.948,5.03e-06,66519.57,0.241,0.09019,0.0885,1812.48,2.702e-05,0.2795,0.1115,3.009e-06,0.0556,5.113e-06,73.58,0.8207,0.3763,2.698,0.1745,0.6099,1.2393,75.35,0.1886,0.08934,6.947,5.025e-06,66520.9,0.2409,0.0902,0.08849,1812.36,2.704e-05,0.2796,0.1117,3.009e-06,0.05563,5.112e-06,73.59,0.8207,0.3761,2.698,0.1748,0.6106,1.2393,75.22,0.1885,0.0892,6.94,5.02e-06,66476.01,0.2406,0.09012,0.0884,1811.16,2.7e-05,0.279,0.111,3e-06,0.05555,5.11e-06,73.54,0.8194,0.3758,2.696,0.174,0.61,1.2385,75.202,0.18864,0.0893,6.948,5.051e-06,66520.49,0.2407,0.090185,0.08795,1812.36,2.708e-05,0.2796,0.1112,3.01e-06,0.05544,5.095e-06,73.59,0.82046,0.37435,2.7026,0.1747,0.6099,1.2391,75.2241,0.188668,0.0891,6.9465,5.0147e-06,66510.91,0.2405,0.090157,0.08853,1812.15,2.699e-05,0.2782,0.1116,3.010577e-06,0.0555,5.11e-06,73.2968,0.8229,0.3736,2.6994,0.1747,0.607,1.23725,75.323,0.1886,0.0893,6.947,5.021e-06,66523.0,0.2411,0.09018,0.0885,1812.37,2.702e-05,0.2793,0.1117,3.009e-06,0.05563,5.111e-06,73.58,0.8204,0.3765,2.6986,0.1748,0.6102,1.23894,75.35,0.1886,0.08928,6.948,5.023e-06,66517.87,0.241,0.09021,0.08853,1812.42,2.701e-05,0.2798,0.11169,3.01e-06,0.05563,5.109e-06,73.59,0.8202,0.3761,2.699,0.1745,0.6104,1.2391,75.29,0.1886,0.08935,6.947,5.022e-06,66515.7,0.2408,0.09019,0.08848,1812.31,2.703e-05,0.2797,0.11168,3.01e-06,0.0556,5.111e-06,73.57,0.8205,0.3761,2.698,0.1748,0.6105,1.2394
2026-06-15 14:19:00,75.48,0.1885,0.0893,6.944,5.02e-06,66531.39,0.241,0.0902,0.0886,1813.52,2.703e-05,0.2797,0.1117,3e-06,0.05557,5.12e-06,73.6,0.8195,0.3762,2.702,0.1748,0.6106,1.2393,75.47,0.1885,0.0892,6.945,5.03e-06,66533.1,0.241,0.09021,0.0885,1813.5,2.704e-05,0.2797,0.1117,3.008e-06,0.05561,5.113e-06,73.6,0.8195,0.3758,2.701,0.1748,0.6105,1.2395,75.47,0.1885,0.08939,6.942,5.023e-06,66533.1,0.2409,0.09023,0.0885,1813.41,2.704e-05,0.2798,0.1117,3.011e-06,0.05559,5.114e-06,73.61,0.8196,0.3762,2.701,0.1748,0.6105,1.2392,75.44,0.1884,0.0893,6.94,5.02e-06,66483.76,0.2405,0.09012,0.0885,1812.2,2.7e-05,0.279,0.111,3e-06,0.05555,5.11e-06,73.56,0.8191,0.3761,2.699,0.174,0.6098,1.2383,75.317,0.18856,0.0893,6.944,5.051e-06,66557.99,0.2407,0.090195,0.08795,1813.42,2.708e-05,0.2796,0.1112,3.01e-06,0.05544,5.095e-06,73.62,0.81999,0.37435,2.7026,0.1744,0.6103,1.2394,75.3518,0.188359,0.0891,6.9481,5.0245e-06,66540.91,0.2404,0.090463,0.08847,1814.55,2.701e-05,0.2783,0.1117,3.010577e-06,0.0555,5.11e-06,73.5011,0.8228,0.3737,2.7025,0.1747,0.607,1.23725,75.467,0.1886,0.0894,6.944,5.02e-06,66546.9,0.2411,0.09021,0.0885,1814.1,2.702e-05,0.2793,0.1117,3.011e-06,0.05558,5.115e-06,73.64,0.8201,0.3765,2.7013,0.1748,0.6102,1.23917,75.48,0.1885,0.0893,6.945,5.021e-06,66544.05,0.2409,0.09022,0.08832,1813.77,2.704e-05,0.2799,0.11162,3.01e-06,0.05557,5.112e-06,73.61,0.8203,0.3762,2.7,0.1747,0.6101,1.2393,75.47,0.1885,0.08936,6.945,5.023e-06,66536.4,0.2409,0.0902,0.08853,1813.53,2.704e-05,0.2796,0.1117,3.011e-06,0.05558,5.113e-06,73.6,0.8195,0.3761,2.701,0.1748,0.6106,1.2391
2026-06-15 14:23:00,75.54,0.188,0.0891,6.936,5.02e-06,66479.36,0.2399,0.09016,0.0878,1810.78,2.7e-05,0.2791,0.1115,3e-06,0.05541,5.12e-06,73.62,0.8193,0.3755,2.7,0.1742,0.6121,1.2367,75.71,0.188,0.0891,6.939,5.034e-06,66475.95,0.2399,0.09016,0.08784,1810.7,2.704e-05,0.2791,0.1115,3.01e-06,0.05543,5.116e-06,73.62,0.8193,0.3757,2.7,0.1744,0.612,1.2367,75.52,0.188,0.08917,6.936,5.019e-06,66475.3,0.24,0.09016,0.08792,1810.91,2.701e-05,0.2793,0.1116,3.009e-06,0.05542,5.114e-06,73.64,0.8191,0.3755,2.699,0.1743,0.6123,1.2367,75.5,0.1879,0.0891,6.94,5.02e-06,66424.76,0.2397,0.09011,0.0879,1809.55,2.7e-05,0.279,0.112,3.01e-06,0.05538,5.11e-06,73.56,0.8188,0.3757,2.699,0.174,0.6114,1.2359,75.735,0.188,0.0891,6.928,5.022e-06,66486.36,0.2405,0.090175,0.08795,1810.85,2.7e-05,0.2796,0.1112,3.009e-06,0.05544,5.095e-06,73.67,0.81976,0.37435,2.7026,0.1744,0.6126,1.2368,75.604,0.18812,0.0889,6.94,5.0219e-06,66494.02,0.2392,0.090255,0.08787,1811.25,2.697e-05,0.278,0.1114,3.008259e-06,0.0553,5.11e-06,73.4498,0.8234,0.3731,2.7016,0.1748,0.608,1.2314,75.553,0.1881,0.0892,6.938,5.021e-06,66481.2,0.2403,0.09019,0.0879,1810.54,2.7e-05,0.2793,0.1117,3.012e-06,0.0554,5.115e-06,73.62,0.8193,0.3758,2.7003,0.1743,0.6121,1.23707,75.6,0.188,0.08914,6.938,5.025e-06,66480.01,0.2398,0.09016,0.08808,1810.67,2.699e-05,0.2793,0.11153,3.012e-06,0.05545,5.117e-06,73.6,0.8195,0.3753,2.7,0.1743,0.6132,1.2367,75.57,0.188,0.08918,6.94,5.024e-06,66477.9,0.24,0.09015,0.0879,1810.89,2.7e-05,0.2794,0.11154,3.01e-06,0.05543,5.115e-06,73.61,0.8193,0.3754,2.699,0.174,0.6119,1.237
2026-06-15 14:24:00,75.54,0.1876,0.089,6.929,5.02e-06,66406.4,0.2397,0.08991,0.0878,1808.41,2.695e-05,0.2791,0.1115,3e-06,0.05542,5.12e-06,73.54,0.818,0.3751,2.694,0.1739,0.6114,1.2356,75.64,0.1877,0.0891,6.929,5.019e-06,66410.01,0.2396,0.0899,0.08775,1808.4,2.702e-05,0.2792,0.1114,3.008e-06,0.05542,5.113e-06,73.52,0.818,0.3755,2.694,0.1744,0.6119,1.2358,75.52,0.1877,0.08917,6.929,5.024e-06,66411.8,0.2398,0.08989,0.08784,1808.55,2.701e-05,0.2792,0.1116,3.008e-06,0.05544,5.111e-06,73.54,0.818,0.3751,2.694,0.1739,0.6116,1.2357,75.46,0.1875,0.0891,6.93,5.02e-06,66361.18,0.2397,0.08984,0.0878,1807.02,2.7e-05,0.279,0.112,3.01e-06,0.05536,5.11e-06,73.46,0.8174,0.3752,2.691,0.174,0.6113,1.235,75.735,0.18763,0.0891,6.933,5.022e-06,66415.74,0.2398,0.089907,0.08795,1808.41,2.697e-05,0.2796,0.1112,3.009e-06,0.05544,5.095e-06,73.52,0.81976,0.37435,2.7026,0.1744,0.6126,1.2357,75.604,0.187483,0.0888,6.9318,5.0286e-06,66432.86,0.24,0.090255,0.08777,1808.62,2.693e-05,0.2776,0.1114,3.011111e-06,0.0553,5.11e-06,73.4222,0.8223,0.3727,2.6965,0.1747,0.608,1.23647,75.525,0.1876,0.0891,6.929,5.025e-06,66411.1,0.2403,0.0899,0.0878,1808.38,2.699e-05,0.2793,0.1117,3.007e-06,0.05542,5.11e-06,73.56,0.8178,0.3754,2.6943,0.1739,0.6114,1.23583,75.59,0.1877,0.0892,6.928,5.023e-06,66411.93,0.2398,0.08991,0.0879,1808.35,2.7e-05,0.2793,0.1116,3.009e-06,0.05545,5.107e-06,73.52,0.8197,0.375,2.696,0.1735,0.6122,1.2359,75.52,0.1877,0.08899,6.928,5.027e-06,66412.9,0.2398,0.0899,0.08785,1808.53,2.695e-05,0.2795,0.11148,3.007e-06,0.05544,5.11e-06,73.52,0.818,0.3751,2.695,0.1739,0.6117,1.2357
2026-06-15 14:28:00,76.02,0.1882,0.0893,6.956,5.06e-06,66538.0,0.2402,0.08993,0.0889,1811.73,2.705e-05,0.2803,0.1117,3.01e-06,0.05541,5.12e-06,73.81,0.8186,0.3777,2.705,0.1747,0.6143,1.2383,76.08,0.1881,0.089,6.956,5.069e-06,66540.01,0.2404,0.08998,0.08883,1811.71,2.702e-05,0.2802,0.1117,3.018e-06,0.05543,5.12e-06,73.8,0.8185,0.3777,2.704,0.1746,0.6141,1.2381,76.01,0.1881,0.08931,6.955,5.067e-06,66540.2,0.2402,0.08994,0.08888,1811.82,2.701e-05,0.2802,0.1117,3.018e-06,0.05544,5.12e-06,73.81,0.8185,0.3778,2.703,0.1747,0.6147,1.2384,75.94,0.1881,0.0892,6.95,5.06e-06,66492.34,0.2402,0.08987,0.0889,1810.5,2.71e-05,0.28,0.111,3.02e-06,0.05536,5.12e-06,73.77,0.8186,0.3774,2.704,0.174,0.6136,1.2375,76.043,0.18817,0.0892,6.957,5.067e-06,66539.83,0.2404,0.08995,0.08806,1811.75,2.704e-05,0.2796,0.1112,3.009e-06,0.05544,5.095e-06,73.81,0.81894,0.37435,2.7026,0.1744,0.6136,1.2381,75.77,0.188138,0.0891,6.9579,5.061e-06,66547.09,0.2397,0.090026,0.08878,1811.73,2.705e-05,0.2788,0.1117,3.015254e-06,0.0553,5.12e-06,73.7,0.8207,0.3753,2.7053,0.1747,0.61,1.23647,75.961,0.1882,0.0893,6.955,5.064e-06,66544.6,0.2407,0.09001,0.0889,1811.53,2.7e-05,0.2793,0.1117,3.016e-06,0.05541,5.119e-06,73.81,0.8186,0.3767,2.704,0.1747,0.6138,1.239,76.13,0.1882,0.0893,6.954,5.059e-06,66543.38,0.2402,0.08994,0.08875,1811.67,2.706e-05,0.2804,0.11171,3.017e-06,0.05544,5.117e-06,73.79,0.8185,0.3776,2.703,0.1743,0.6145,1.2383,75.99,0.1882,0.08916,6.957,5.067e-06,66537.5,0.2402,0.08995,0.08887,1811.79,2.698e-05,0.2803,0.11173,3.017e-06,0.05543,5.12e-06,73.8,0.8185,0.3777,2.705,0.1746,0.6143,1.2383
2026-06-15 14:29:00,76.32,0.1885,0.0895,6.962,5.08e-06,66559.99,0.2404,0.08993,0.089,1813.41,2.709e-05,0.2806,0.1118,3.02e-06,0.05546,5.12e-06,73.84,0.8195,0.3789,2.708,0.1751,0.6146,1.2389,76.26,0.1884,0.089,6.962,5.077e-06,66562.77,0.2404,0.08993,0.08889,1813.28,2.702e-05,0.2802,0.1118,3.022e-06,0.05547,5.123e-06,73.85,0.8194,0.3786,2.706,0.1751,0.6145,1.2388,76.31,0.1884,0.0895,6.96,5.088e-06,66560.4,0.2404,0.08992,0.08898,1813.36,2.701e-05,0.2804,0.1119,3.022e-06,0.05548,5.123e-06,73.86,0.8195,0.3786,2.707,0.175,0.6149,1.2389,76.28,0.1884,0.0894,6.95,5.08e-06,66515.53,0.2402,0.08987,0.0888,1812.06,2.71e-05,0.28,0.111,3.02e-06,0.05537,5.12e-06,73.8,0.819,0.3784,2.706,0.175,0.6134,1.238,76.281,0.18847,0.0894,6.958,5.067e-06,66569.99,0.2404,0.089947,0.08806,1813.45,2.71e-05,0.2796,0.1112,3.009e-06,0.05544,5.095e-06,73.86,0.81939,0.37774,2.7026,0.1744,0.6144,1.2391,76.2264,0.188446,0.0892,6.9639,5.0612e-06,66563.18,0.2401,0.090026,0.0889,1813.36,2.71e-05,0.2792,0.1117,3.018518e-06,0.0554,5.12e-06,73.7,0.8227,0.3766,2.7083,0.1749,0.611,1.23647,76.291,0.1885,0.0895,6.962,5.08e-06,66563.4,0.2406,0.08992,0.089,1813.35,2.713e-05,0.2803,0.1118,3.022e-06,0.05545,5.126e-06,73.86,0.8193,0.3786,2.7093,0.1751,0.6144,1.23851,76.11,0.1884,0.08934,6.96,5.085e-06,66555.49,0.2403,0.08992,0.08897,1813.09,2.706e-05,0.2804,0.11177,3.022e-06,0.05549,5.127e-06,73.83,0.8191,0.3788,2.705,0.1749,0.6147,1.2388,76.3,0.1885,0.08932,6.963,5.091e-06,66564.0,0.2402,0.08993,0.08894,1813.39,2.71e-05,0.2806,0.11187,3.023e-06,0.05547,5.121e-06,73.84,0.8192,0.3786,2.708,0.1751,0.6146,1.2389
2026-06-15 14:30:00,76.23,0.1884,0.0895,6.963,5.07e-06,66537.97,0.2404,0.0899,0.0889,1812.23,2.709e-05,0.2805,0.1119,3.02e-06,0.05544,5.12e-06,73.86,0.819,0.3789,2.707,0.1752,0.6137,1.239,76.17,0.1884,0.0895,6.965,5.076e-06,66543.3,0.2404,0.08985,0.08881,1812.02,2.705e-05,0.2802,0.1118,3.021e-06,0.05545,5.123e-06,73.86,0.8189,0.3783,2.706,0.1751,0.6136,1.2392,76.2,0.1883,0.0895,6.963,5.077e-06,66541.3,0.2401,0.08991,0.08888,1812.19,2.701e-05,0.2803,0.1119,3.021e-06,0.05544,5.125e-06,73.86,0.8189,0.3788,2.706,0.1752,0.614,1.2391,76.16,0.1883,0.0895,6.95,5.07e-06,66492.63,0.2402,0.08983,0.0888,1811.0,2.71e-05,0.28,0.111,3.02e-06,0.05537,5.12e-06,73.82,0.8184,0.3784,2.705,0.175,0.6133,1.2382,76.281,0.18846,0.0895,6.958,5.067e-06,66538.07,0.2404,0.089893,0.08806,1812.05,2.71e-05,0.2796,0.1112,3.009e-06,0.05544,5.095e-06,73.87,0.81834,0.37774,2.7056,0.1744,0.6143,1.2392,76.2626,0.188265,0.0894,6.9589,5.0815e-06,66521.62,0.2395,0.090026,0.0889,1812.23,2.711e-05,0.2791,0.1118,3.018518e-06,0.0554,5.12e-06,73.75,0.8218,0.3766,2.7055,0.1749,0.61,1.2369,76.17,0.1882,0.0895,6.963,5.078e-06,66536.7,0.2406,0.08988,0.0889,1812.34,2.713e-05,0.2804,0.1118,3.022e-06,0.05545,5.127e-06,73.88,0.8188,0.3787,2.7077,0.1752,0.6139,1.23892,76.21,0.1882,0.08943,6.962,5.076e-06,66533.34,0.2404,0.08988,0.08888,1811.79,2.71e-05,0.2804,0.1118,3.022e-06,0.05547,5.125e-06,73.86,0.8181,0.3789,2.707,0.175,0.6145,1.239,76.2,0.1885,0.08955,6.963,5.077e-06,66541.6,0.2402,0.0899,0.08888,1812.09,2.71e-05,0.2804,0.11189,3.022e-06,0.05544,5.126e-06,73.87,0.819,0.3788,2.707,0.1748,0.6139,1.2389
2026-06-15 14:31:00,76.25,0.1883,0.0896,6.963,5.07e-06,66550.88,0.2404,0.0899,0.0887,1812.84,2.713e-05,0.2805,0.1119,3.02e-06,0.05543,5.13e-06,73.88,0.8186,0.3796,2.708,0.1752,0.6111,1.2395,76.23,0.1882,0.0895,6.96,5.076e-06,66549.99,0.2404,0.0899,0.08862,1812.85,2.708e-05,0.2802,0.1119,3.025e-06,0.05545,5.128e-06,73.89,0.8189,0.3795,2.706,0.1751,0.6112,1.2395,76.22,0.1882,0.0896,6.961,5.073e-06,66552.0,0.2404,0.0899,0.08869,1812.79,2.712e-05,0.2804,0.1119,3.025e-06,0.05545,5.128e-06,73.89,0.8185,0.3797,2.707,0.1753,0.6115,1.2395,76.17,0.1881,0.0896,6.96,5.07e-06,66502.28,0.2403,0.08981,0.0887,1811.41,2.71e-05,0.28,0.111,3.02e-06,0.05537,5.12e-06,73.84,0.8181,0.3792,2.707,0.175,0.6105,1.2386,76.281,0.18832,0.0895,6.964,5.067e-06,66545.18,0.2404,0.089905,0.08806,1812.92,2.71e-05,0.2796,0.1112,3.009e-06,0.05544,5.095e-06,73.89,0.81834,0.37774,2.7056,0.1744,0.6133,1.2396,76.2626,0.188326,0.0894,6.9641,5.0586e-06,66538.73,0.2394,0.090026,0.08866,1813.02,2.715e-05,0.2791,0.1119,3.022222e-06,0.0554,5.12e-06,73.7026,0.8228,0.3772,2.7093,0.1749,0.607,1.2369,76.228,0.1883,0.0896,6.963,5.07e-06,66554.8,0.2406,0.08987,0.0887,1812.53,2.711e-05,0.2804,0.1118,3.024e-06,0.05543,5.13e-06,73.89,0.8187,0.3792,2.7086,0.1753,0.6113,1.23921,76.34,0.1884,0.08948,6.962,5.063e-06,66549.93,0.2404,0.08989,0.0887,1812.63,2.713e-05,0.2804,0.11193,3.025e-06,0.05546,5.13e-06,73.88,0.8186,0.3796,2.707,0.175,0.6145,1.2393,76.22,0.1883,0.08961,6.963,5.07e-06,66549.1,0.2402,0.08989,0.08868,1812.8,2.711e-05,0.2806,0.11195,3.025e-06,0.05546,5.129e-06,73.88,0.8185,0.3792,2.707,0.1752,0.6113,1.2395
2026-06-15 14:32:00,76.07,0.1884,0.0896,6.964,5.07e-06,66520.67,0.2405,0.08983,0.0889,1812.58,2.711e-05,0.2805,0.1119,3.02e-06,0.05544,5.13e-06,73.87,0.8184,0.38,2.706,0.1751,0.6094,1.2407,76.04,0.1884,0.0896,6.964,5.076e-06,66520.01,0.2404,0.08983,0.08874,1812.53,2.708e-05,0.2803,0.1118,3.024e-06,0.05546,5.13e-06,73.86,0.8187,0.3802,2.705,0.1753,0.6092,1.2407,76.03,0.1883,0.08961,6.963,5.067e-06,66521.6,0.2403,0.08983,0.08884,1812.56,2.712e-05,0.2804,0.112,3.025e-06,0.05548,5.128e-06,73.88,0.8184,0.3801,2.704,0.175,0.6099,1.2406,76.0,0.1883,0.0895,6.96,5.07e-06,66476.22,0.2404,0.08975,0.0888,1811.44,2.71e-05,0.28,0.111,3.02e-06,0.05541,5.13e-06,73.82,0.818,0.3798,2.703,0.175,0.6089,1.2399,76.093,0.18852,0.0895,6.964,5.067e-06,66527.05,0.2404,0.089815,0.08806,1812.69,2.71e-05,0.2796,0.1112,3.009e-06,0.05544,5.095e-06,73.87,0.81853,0.37774,2.7056,0.1744,0.6105,1.2408,76.2626,0.188575,0.0894,6.9648,5.0586e-06,66530.25,0.2398,0.090002,0.08889,1813.02,2.712e-05,0.279,0.1119,3.024174e-06,0.0554,5.12e-06,73.7026,0.8224,0.3778,2.7063,0.175,0.607,1.2369,76.064,0.1884,0.0896,6.964,5.069e-06,66526.8,0.241,0.08986,0.0888,1812.69,2.713e-05,0.2804,0.1118,3.025e-06,0.05545,5.131e-06,73.88,0.8187,0.3805,2.7053,0.175,0.6097,1.24048,76.1,0.1885,0.08972,6.964,5.067e-06,66523.18,0.2406,0.08982,0.08887,1812.47,2.711e-05,0.2806,0.11198,3.029e-06,0.05548,5.128e-06,73.87,0.8186,0.38,2.708,0.1748,0.6109,1.2406,76.1,0.1884,0.08966,6.965,5.07e-06,66526.4,0.2406,0.08982,0.08883,1812.57,2.713e-05,0.2805,0.11175,3.024e-06,0.05549,5.129e-06,73.86,0.8185,0.3799,2.706,0.1751,0.6095,1.2405
2026-06-15 14:39:00,75.96,0.1875,0.0893,6.951,5.08e-06,66486.01,0.2404,0.08939,0.0884,1811.88,2.708e-05,0.2789,0.1115,3.01e-06,0.05556,5.13e-06,73.79,0.8158,0.3798,2.697,0.1742,0.6088,1.2409,75.94,0.1875,0.0893,6.953,5.063e-06,66485.01,0.2403,0.08939,0.08837,1811.85,2.701e-05,0.279,0.1116,3.011e-06,0.05557,5.122e-06,73.78,0.8158,0.3796,2.693,0.1737,0.6087,1.2407,75.98,0.1876,0.08937,6.953,5.078e-06,66487.1,0.2405,0.08937,0.08836,1811.83,2.702e-05,0.2789,0.1117,3.012e-06,0.05561,5.123e-06,73.8,0.8159,0.3798,2.696,0.1742,0.6092,1.2407,75.88,0.1874,0.0893,6.95,5.07e-06,66443.79,0.2399,0.08931,0.0883,1810.61,2.71e-05,0.279,0.111,3.01e-06,0.05562,5.12e-06,73.73,0.8154,0.3795,2.697,0.175,0.6096,1.2398,76.058,0.18749,0.0893,6.954,5.067e-06,66488.0,0.2404,0.089375,0.08806,1811.8,2.71e-05,0.2791,0.1112,3.013e-06,0.05544,5.095e-06,73.79,0.81499,0.37774,2.7056,0.1744,0.6088,1.241,76.2626,0.18757,0.0892,6.9565,5.0789e-06,66493.29,0.2399,0.089811,0.08838,1811.98,2.711e-05,0.2774,0.1115,3.017966e-06,0.0555,5.12e-06,73.6526,0.8192,0.3776,2.6972,0.1744,0.607,1.23986,75.907,0.1876,0.0894,6.95,5.077e-06,66493.3,0.2405,0.08939,0.0883,1812.3,2.711e-05,0.2788,0.1117,3.011e-06,0.05555,5.121e-06,73.8,0.8163,0.3799,2.6971,0.1741,0.6092,1.24068,76.08,0.1876,0.08932,6.956,5.078e-06,66491.08,0.2404,0.0894,0.08844,1812.38,2.707e-05,0.2789,0.1117,3.012e-06,0.05559,5.122e-06,73.8,0.8158,0.3798,2.698,0.174,0.6091,1.2408,75.95,0.1874,0.08937,6.954,5.081e-06,66482.9,0.2404,0.08937,0.08837,1811.98,2.71e-05,0.279,0.11155,3.011e-06,0.05558,5.123e-06,73.78,0.8159,0.3797,2.696,0.1744,0.6091,1.2409
2026-06-15 14:40:00,76.09,0.1883,0.0895,6.971,5.09e-06,66540.0,0.241,0.08944,0.0886,1813.18,2.71e-05,0.2792,0.1116,3.01e-06,0.05566,5.12e-06,73.9,0.8168,0.3811,2.701,0.1746,0.6117,1.2437,76.08,0.1883,0.0893,6.967,5.092e-06,66542.87,0.2407,0.08945,0.08849,1813.32,2.701e-05,0.279,0.1116,3.017e-06,0.05564,5.127e-06,73.91,0.8167,0.3796,2.693,0.1744,0.6121,1.2439,76.08,0.1883,0.08937,6.968,5.091e-06,66540.0,0.2408,0.08944,0.08853,1813.17,2.702e-05,0.2793,0.1117,3.017e-06,0.05565,5.128e-06,73.91,0.8167,0.3811,2.7,0.1746,0.6121,1.2437,76.03,0.1881,0.0893,6.96,5.09e-06,66490.02,0.2409,0.08937,0.0885,1811.83,2.71e-05,0.279,0.111,3.01e-06,0.05562,5.13e-06,73.85,0.8161,0.3807,2.699,0.175,0.611,1.243,76.011,0.18825,0.0893,6.971,5.067e-06,66550.94,0.2404,0.089434,0.08806,1813.34,2.71e-05,0.2791,0.1112,3.013e-06,0.05544,5.095e-06,73.9,0.81499,0.37774,2.7056,0.1744,0.6116,1.2438,76.2626,0.18827,0.0893,6.9716,5.0816e-06,66541.34,0.2403,0.089783,0.08847,1812.27,2.713e-05,0.2778,0.1116,3.017966e-06,0.0555,5.12e-06,73.6481,0.8198,0.379,2.7012,0.1746,0.61,1.23653,76.084,0.1883,0.0894,6.969,5.091e-06,66550.8,0.241,0.08946,0.0885,1812.7,2.709e-05,0.2788,0.1117,3.017e-06,0.05565,5.127e-06,73.91,0.8163,0.3807,2.7017,0.1747,0.6117,1.24373,76.11,0.1884,0.08943,6.967,5.088e-06,66540.0,0.2409,0.08945,0.08849,1813.14,2.71e-05,0.2794,0.11164,3.017e-06,0.05565,5.121e-06,73.89,0.8167,0.3812,2.699,0.1745,0.6116,1.2434,76.09,0.1884,0.08942,6.97,5.091e-06,66543.0,0.2409,0.08945,0.08854,1813.27,2.71e-05,0.2791,0.11168,3.016e-06,0.05564,5.129e-06,73.91,0.8168,0.3812,2.7,0.1744,0.6117,1.2437
2026-06-15 14:41:00,76.1,0.1882,0.0894,6.97,5.09e-06,66528.01,0.241,0.08929,0.0886,1813.52,2.711e-05,0.2792,0.1116,3.02e-06,0.05569,5.12e-06,73.91,0.8168,0.382,2.701,0.1746,0.6116,1.2443,76.07,0.1882,0.0893,6.971,5.092e-06,66533.79,0.2407,0.08929,0.08852,1813.47,2.701e-05,0.279,0.1116,3.012e-06,0.05567,5.13e-06,73.91,0.8165,0.3818,2.7,0.1745,0.6115,1.2443,76.09,0.1882,0.08944,6.97,5.086e-06,66534.9,0.2408,0.08928,0.0886,1813.46,2.702e-05,0.2792,0.1117,3.016e-06,0.05571,5.129e-06,73.92,0.8166,0.382,2.701,0.1746,0.6117,1.2443,76.02,0.1883,0.0893,6.96,5.09e-06,66488.29,0.2409,0.08917,0.0885,1812.25,2.71e-05,0.279,0.111,3.01e-06,0.05562,5.13e-06,73.86,0.8161,0.3817,2.699,0.175,0.611,1.2435,76.011,0.18827,0.0893,6.972,5.067e-06,66538.22,0.2404,0.089251,0.08806,1813.63,2.71e-05,0.2791,0.1112,3.013e-06,0.05544,5.095e-06,73.91,0.81499,0.37774,2.7056,0.1744,0.6111,1.2441,76.1456,0.188179,0.0893,6.9694,5.0846e-06,66537.59,0.2416,0.089615,0.08847,1813.0,2.713e-05,0.2778,0.1115,3.017966e-06,0.0555,5.11e-06,73.7026,0.8193,0.3799,2.7022,0.1747,0.608,1.23653,76.086,0.1881,0.0894,6.97,5.086e-06,66540.2,0.2413,0.08928,0.0886,1813.02,2.708e-05,0.2788,0.1117,3.015e-06,0.05571,5.126e-06,73.92,0.8165,0.3817,2.7017,0.1747,0.6115,1.24406,76.11,0.1882,0.0894,6.968,5.095e-06,66529.02,0.241,0.08927,0.08861,1813.2,2.71e-05,0.2792,0.11167,3.014e-06,0.05569,5.13e-06,73.91,0.8165,0.3822,2.701,0.1744,0.6118,1.2441,76.08,0.1882,0.08942,6.971,5.089e-06,66536.1,0.241,0.08928,0.08858,1813.58,2.711e-05,0.2793,0.11168,3.015e-06,0.05571,5.128e-06,73.91,0.8167,0.382,2.701,0.1744,0.6114,1.2443
2026-06-15 14:42:00,75.97,0.1881,0.0894,6.967,5.08e-06,66540.0,0.2412,0.08915,0.0885,1812.94,2.71e-05,0.2794,0.1117,3.02e-06,0.05571,5.12e-06,73.87,0.8162,0.3825,2.702,0.1745,0.611,1.2436,76.0,0.1882,0.0893,6.966,5.083e-06,66535.01,0.2412,0.08917,0.08851,1812.92,2.701e-05,0.279,0.1116,3.014e-06,0.0557,5.126e-06,73.87,0.8163,0.3825,2.702,0.1745,0.611,1.2437,75.97,0.1882,0.08941,6.965,5.082e-06,66536.1,0.2411,0.08917,0.08857,1812.94,2.702e-05,0.2794,0.1117,3.013e-06,0.05573,5.126e-06,73.87,0.8164,0.3825,2.701,0.1745,0.6116,1.2436,75.88,0.1881,0.0893,6.96,5.08e-06,66489.43,0.2414,0.08909,0.0885,1811.63,2.71e-05,0.279,0.111,3.01e-06,0.05561,5.12e-06,73.8,0.8155,0.382,2.698,0.175,0.6102,1.2428,76.011,0.18822,0.0893,6.965,5.067e-06,66537.99,0.2404,0.089154,0.08806,1813.02,2.71e-05,0.2791,0.1112,3.013e-06,0.05544,5.095e-06,73.88,0.81648,0.37774,2.7056,0.1744,0.6112,1.2436,76.1456,0.188118,0.0893,6.9692,5.0846e-06,66547.26,0.2404,0.089615,0.08847,1812.67,2.713e-05,0.278,0.1116,3.017966e-06,0.0555,5.11e-06,73.7026,0.8182,0.3803,2.7022,0.1745,0.607,1.23653,75.959,0.1883,0.0894,6.965,5.083e-06,66551.8,0.2415,0.08918,0.0885,1813.01,2.714e-05,0.2788,0.1117,3.013e-06,0.0557,5.123e-06,73.87,0.8161,0.3823,2.7014,0.1745,0.6113,1.24384,75.98,0.1882,0.08934,6.974,5.079e-06,66535.01,0.2412,0.08916,0.08859,1812.73,2.71e-05,0.2794,0.11173,3.012e-06,0.05572,5.122e-06,73.88,0.8163,0.3825,2.701,0.1742,0.6112,1.2434,75.95,0.1882,0.08942,6.966,5.083e-06,66538.0,0.241,0.08916,0.08855,1812.89,2.711e-05,0.2794,0.11175,3.012e-06,0.05571,5.123e-06,73.86,0.8162,0.3824,2.701,0.1744,0.6112,1.2435
2026-06-15 14:43:00,75.68,0.188,0.0892,6.96,5.06e-06,66520.48,0.2411,0.08925,0.0884,1812.48,2.706e-05,0.279,0.1116,3.01e-06,0.05571,5.11e-06,73.85,0.8156,0.3814,2.699,0.1742,0.6097,1.2442,75.68,0.188,0.0893,6.959,5.06e-06,66516.46,0.2415,0.08924,0.08836,1812.29,2.703e-05,0.279,0.1117,3.009e-06,0.0557,5.12e-06,73.86,0.8156,0.3814,2.699,0.1744,0.6095,1.2442,75.66,0.188,0.08928,6.958,5.056e-06,66515.9,0.2414,0.08925,0.08834,1812.27,2.702e-05,0.2793,0.1117,3.009e-06,0.05569,5.121e-06,73.87,0.8156,0.3813,2.698,0.1742,0.6098,1.2442,75.6,0.1879,0.0891,6.95,5.05e-06,66461.31,0.2408,0.08918,0.0883,1811.01,2.71e-05,0.279,0.111,3.01e-06,0.05561,5.12e-06,73.81,0.815,0.3808,2.697,0.174,0.6091,1.2433,75.96,0.18807,0.0893,6.964,5.067e-06,66521.74,0.2404,0.089259,0.08806,1812.35,2.71e-05,0.2791,0.1112,3.013e-06,0.05544,5.095e-06,73.87,0.81605,0.37774,2.7056,0.1744,0.6109,1.244,76.1456,0.187951,0.0893,6.9595,5.0789e-06,66533.59,0.2403,0.089558,0.08827,1813.24,2.708e-05,0.2775,0.1117,3.017966e-06,0.0555,5.12e-06,73.7026,0.8186,0.3793,2.6992,0.1743,0.606,1.23653,75.674,0.188,0.0893,6.96,5.06e-06,66534.2,0.2416,0.08926,0.0883,1812.41,2.714e-05,0.2788,0.1117,3.008e-06,0.05571,5.117e-06,73.86,0.8156,0.3814,2.6995,0.1745,0.6096,1.2444,75.91,0.188,0.08928,6.96,5.06e-06,66520.01,0.2412,0.08925,0.0884,1812.34,2.706e-05,0.2789,0.11173,3.009e-06,0.05575,5.118e-06,73.84,0.8157,0.3812,2.701,0.1738,0.6101,1.2442,75.68,0.1879,0.08937,6.96,5.056e-06,66515.2,0.2411,0.08925,0.08833,1812.42,2.711e-05,0.2794,0.11164,3.008e-06,0.05572,5.118e-06,73.85,0.8157,0.3814,2.698,0.1743,0.6099,1.2443
2026-06-15 14:47:00,76.0,0.1883,0.0896,6.963,5.07e-06,66654.97,0.2414,0.08963,0.0884,1817.26,2.714e-05,0.2795,0.1116,3.01e-06,0.05564,5.12e-06,73.95,0.8177,0.3827,2.703,0.1745,0.6078,1.2454,75.9,0.1883,0.0894,6.962,5.077e-06,66655.05,0.2413,0.08961,0.08839,1817.13,2.703e-05,0.279,0.1116,3.012e-06,0.05564,5.129e-06,73.95,0.8173,0.3827,2.701,0.1745,0.6076,1.2452,75.96,0.1883,0.08948,6.961,5.072e-06,66658.0,0.2414,0.08962,0.08844,1817.18,2.714e-05,0.2795,0.1116,3.01e-06,0.05564,5.129e-06,73.96,0.8172,0.3827,2.7,0.1745,0.6071,1.2451,75.93,0.1882,0.0894,6.96,5.09e-06,66614.54,0.241,0.08956,0.0884,1815.76,2.72e-05,0.279,0.112,3.01e-06,0.05558,5.13e-06,73.9,0.8169,0.3825,2.7,0.174,0.6069,1.2447,76.032,0.18834,0.0893,6.964,5.067e-06,66661.79,0.2404,0.089624,0.08806,1817.03,2.71e-05,0.2791,0.1112,3.013e-06,0.05544,5.123e-06,73.96,0.81735,0.37774,2.7056,0.1744,0.6068,1.2454,76.024,0.188303,0.0893,6.9634,5.0789e-06,66654.25,0.2414,0.08994,0.08837,1817.37,2.718e-05,0.2781,0.1116,3.00983e-06,0.0555,5.12e-06,73.7026,0.8226,0.3807,2.7031,0.1745,0.606,1.24318,75.995,0.1882,0.0895,6.962,5.071e-06,66662.8,0.2417,0.08962,0.0884,1816.62,2.713e-05,0.2788,0.1116,3.011e-06,0.05563,5.129e-06,73.96,0.8171,0.3829,2.7027,0.1746,0.6081,1.24554,75.96,0.1882,0.08939,6.961,5.072e-06,66650.11,0.2415,0.08963,0.08855,1816.93,2.712e-05,0.2794,0.1116,3.01e-06,0.05573,5.128e-06,73.95,0.8173,0.3827,2.7,0.1743,0.6067,1.2454,75.93,0.1883,0.08949,6.961,5.077e-06,66657.0,0.2412,0.08962,0.08836,1817.23,2.712e-05,0.2796,0.11164,3.012e-06,0.05564,5.128e-06,73.96,0.8174,0.3825,2.703,0.1745,0.6081,1.2455
2026-06-15 14:48:00,76.06,0.1886,0.0895,6.966,5.11e-06,66653.85,0.2412,0.08968,0.0887,1817.92,2.716e-05,0.2796,0.1116,3.01e-06,0.05566,5.13e-06,73.96,0.818,0.382,2.705,0.1746,0.6077,1.2463,75.97,0.1885,0.0894,6.966,5.097e-06,66655.99,0.2411,0.08966,0.08866,1817.77,2.703e-05,0.279,0.1116,3.012e-06,0.05567,5.129e-06,73.97,0.8182,0.3821,2.701,0.1745,0.6077,1.2462,76.06,0.1885,0.08948,6.967,5.102e-06,66656.1,0.2413,0.08966,0.08869,1817.89,2.714e-05,0.2796,0.1116,3.012e-06,0.05565,5.129e-06,73.98,0.818,0.3819,2.703,0.1746,0.608,1.2462,76.11,0.1885,0.0894,6.96,5.1e-06,66614.19,0.241,0.08962,0.0886,1816.44,2.72e-05,0.279,0.112,3.01e-06,0.05558,5.13e-06,73.93,0.8172,0.3818,2.7,0.174,0.6074,1.2455,76.032,0.18856,0.0893,6.966,5.067e-06,66655.02,0.2404,0.089691,0.08806,1817.8,2.71e-05,0.2791,0.1112,3.013e-06,0.05544,5.123e-06,73.94,0.81817,0.37774,2.7056,0.1744,0.6075,1.2461,76.024,0.188437,0.0894,6.9644,5.0968e-06,66670.25,0.2404,0.08994,0.08867,1817.3,2.719e-05,0.2781,0.1115,3.00983e-06,0.0555,5.12e-06,73.7185,0.8226,0.3799,2.7052,0.1746,0.606,1.24318,76.078,0.1886,0.0895,6.966,5.102e-06,66665.3,0.2416,0.08966,0.0884,1817.82,2.713e-05,0.2788,0.1116,3.012e-06,0.05565,5.128e-06,73.97,0.8176,0.3822,2.7036,0.1746,0.6079,1.24639,76.01,0.1886,0.08939,6.963,5.103e-06,66654.34,0.2411,0.08968,0.08863,1817.88,2.717e-05,0.2796,0.11171,3.014e-06,0.05569,5.127e-06,73.96,0.818,0.3823,2.703,0.1742,0.6077,1.2462,76.07,0.1885,0.08949,6.965,5.108e-06,66657.6,0.2412,0.08968,0.08867,1817.87,2.716e-05,0.2797,0.11159,3.012e-06,0.05566,5.129e-06,73.96,0.8179,0.3822,2.703,0.1747,0.6081,1.2463
2026-06-15 15:10:00,76.25,0.1868,0.0883,6.952,5e-06,66626.01,0.2411,0.08958,0.0881,1815.98,2.705e-05,0.2787,0.111,3e-06,0.05536,5.12e-06,73.93,0.8145,0.3803,2.718,0.1727,0.609,1.2455,76.31,0.1868,0.0883,6.955,5.002e-06,66625.01,0.2412,0.08956,0.08817,1816.2,2.707e-05,0.2788,0.1111,3.003e-06,0.05535,5.127e-06,73.93,0.8142,0.3805,2.717,0.1727,0.6094,1.2459,76.24,0.1868,0.08841,6.951,4.992e-06,66626.5,0.2411,0.08956,0.08804,1815.95,2.708e-05,0.2787,0.1111,3.005e-06,0.05537,5.126e-06,73.91,0.8146,0.3806,2.717,0.1728,0.6094,1.2455,76.2,0.1866,0.0884,6.95,4.99e-06,66579.96,0.2409,0.08951,0.088,1814.76,2.71e-05,0.279,0.111,3e-06,0.05531,5.12e-06,73.88,0.8135,0.3801,2.716,0.173,0.6088,1.2446,76.257,0.18674,0.0884,6.954,5.067e-06,66631.14,0.2404,0.089565,0.08806,1816.12,2.723e-05,0.279,0.1112,3.013e-06,0.05544,5.123e-06,73.94,0.81499,0.38343,2.7236,0.1735,0.6093,1.2454,76.2009,0.186886,0.0883,6.9601,4.992e-06,66656.24,0.2403,0.089879,0.08808,1816.99,2.716e-05,0.2773,0.111,3.007053e-06,0.0552,5.12e-06,73.925,0.8235,0.3783,2.7201,0.1729,0.609,1.24647,76.3,0.1869,0.0885,6.952,4.993e-06,66640.7,0.2414,0.08961,0.0881,1815.93,2.707e-05,0.2788,0.1112,3.003e-06,0.05533,5.125e-06,73.92,0.8143,0.3804,2.7187,0.1728,0.6094,1.24594,76.35,0.1868,0.08851,6.959,4.998e-06,66631.76,0.2412,0.08957,0.08813,1816.17,2.709e-05,0.2789,0.11112,3.002e-06,0.05532,5.128e-06,73.92,0.8144,0.3801,2.72,0.1724,0.6095,1.2452,76.24,0.1868,0.08835,6.951,4.993e-06,66625.2,0.2416,0.08956,0.08805,1816.18,2.71e-05,0.2789,0.11107,3.006e-06,0.05533,5.125e-06,73.93,0.8143,0.3802,2.718,0.1728,0.6096,1.2454
2026-06-15 15:11:00,76.37,0.1872,0.0883,6.955,4.99e-06,66636.63,0.2411,0.0896,0.0882,1815.97,2.706e-05,0.2787,0.1112,3e-06,0.05535,5.13e-06,73.96,0.8153,0.3801,2.719,0.1728,0.6099,1.2463,76.35,0.1871,0.0883,6.955,4.991e-06,66635.46,0.2409,0.08959,0.08806,1815.87,2.707e-05,0.2785,0.1111,3.002e-06,0.05533,5.124e-06,73.94,0.8152,0.3802,2.717,0.1727,0.6098,1.2462,76.36,0.1871,0.08843,6.954,4.991e-06,66634.2,0.2411,0.08957,0.08816,1815.97,2.708e-05,0.2787,0.1111,3.002e-06,0.05535,5.124e-06,73.95,0.8153,0.3801,2.717,0.1728,0.6102,1.2463,76.24,0.1871,0.0884,6.95,4.99e-06,66588.79,0.241,0.0895,0.088,1814.67,2.71e-05,0.279,0.111,3e-06,0.05525,5.12e-06,73.91,0.8141,0.3794,2.714,0.173,0.6094,1.2456,76.257,0.18717,0.0884,6.955,5.067e-06,66640.8,0.2404,0.089573,0.08806,1815.94,2.723e-05,0.279,0.1112,3.013e-06,0.05544,5.123e-06,73.95,0.81499,0.38343,2.7236,0.1735,0.6093,1.246,76.2009,0.186982,0.0882,6.9567,4.9968e-06,66645.54,0.2407,0.089899,0.08809,1815.81,2.716e-05,0.2774,0.1111,3.003703e-06,0.0552,5.12e-06,73.8979,0.8229,0.3781,2.7191,0.1729,0.609,1.24647,76.356,0.1872,0.0885,6.954,4.993e-06,66649.2,0.2412,0.08959,0.0882,1815.76,2.707e-05,0.2788,0.1111,3e-06,0.05534,5.124e-06,73.96,0.8151,0.3804,2.7187,0.1728,0.6097,1.24642,76.36,0.1871,0.08841,6.954,4.997e-06,66637.23,0.2411,0.0896,0.08812,1815.89,2.706e-05,0.2787,0.11115,3.002e-06,0.0553,5.125e-06,73.94,0.8144,0.3799,2.718,0.1725,0.6098,1.2461,76.35,0.1871,0.08842,6.955,4.993e-06,66632.3,0.2416,0.08959,0.08816,1816.03,2.71e-05,0.2788,0.11117,3.002e-06,0.05535,5.122e-06,73.94,0.8153,0.3801,2.716,0.1727,0.6103,1.2465
2026-06-15 15:12:00,76.36,0.187,0.0883,6.958,4.99e-06,66629.0,0.241,0.08962,0.0881,1816.2,2.705e-05,0.2785,0.1112,3e-06,0.05533,5.12e-06,73.92,0.8146,0.379,2.716,0.1727,0.6097,1.2474,76.36,0.1869,0.0882,6.956,4.991e-06,66629.84,0.2409,0.08961,0.08804,1816.05,2.707e-05,0.2785,0.1112,2.998e-06,0.05535,5.124e-06,73.91,0.8148,0.3791,2.713,0.1725,0.6096,1.2472,76.34,0.187,0.08837,6.954,4.989e-06,66631.3,0.241,0.0896,0.08811,1816.17,2.708e-05,0.2787,0.1112,2.998e-06,0.05534,5.124e-06,73.92,0.8146,0.3791,2.713,0.1727,0.6098,1.247,76.31,0.1868,0.0883,6.95,4.99e-06,66592.71,0.241,0.08956,0.0881,1815.0,2.71e-05,0.279,0.112,3e-06,0.05525,5.13e-06,73.86,0.8141,0.3789,2.716,0.173,0.6086,1.2466,76.393,0.18697,0.0884,6.957,5.067e-06,66639.74,0.2404,0.089594,0.08806,1815.94,2.723e-05,0.279,0.1112,3.013e-06,0.05544,5.123e-06,73.91,0.81499,0.38343,2.7236,0.1735,0.6093,1.2474,76.2009,0.186926,0.0882,6.9572,4.992e-06,66654.5,0.2404,0.089899,0.08809,1816.3,2.715e-05,0.2772,0.1112,3.002881e-06,0.0552,5.11e-06,73.8641,0.8229,0.3769,2.7162,0.1728,0.609,1.24576,76.32,0.187,0.0884,6.954,4.989e-06,66639.7,0.2412,0.0896,0.0881,1815.84,2.707e-05,0.2788,0.1111,2.998e-06,0.05533,5.124e-06,73.93,0.8143,0.3794,2.7162,0.1727,0.6098,1.24726,76.35,0.187,0.08827,6.955,4.988e-06,66632.19,0.241,0.08961,0.08811,1815.97,2.704e-05,0.2786,0.11123,2.999e-06,0.05534,5.125e-06,73.91,0.8146,0.3789,2.718,0.1724,0.6101,1.2473,76.35,0.187,0.08834,6.956,4.989e-06,66630.4,0.2411,0.0896,0.0881,1816.38,2.706e-05,0.2786,0.11122,2.999e-06,0.05535,5.12e-06,73.91,0.8147,0.379,2.716,0.1725,0.6098,1.2474
2026-06-15 15:28:00,75.45,0.1878,0.0883,6.929,4.97e-06,66678.8,0.2414,0.08952,0.0893,1817.0,2.711e-05,0.2776,0.1111,3e-06,0.05535,5.14e-06,74.09,0.8161,0.3753,2.712,0.1719,0.59,1.2632,75.49,0.1878,0.0882,6.932,4.985e-06,66676.61,0.2413,0.08956,0.0892,1816.91,2.705e-05,0.278,0.1111,2.998e-06,0.0554,5.141e-06,74.09,0.816,0.3752,2.714,0.1718,0.5898,1.2632,75.44,0.1879,0.08829,6.93,4.972e-06,66673.6,0.2415,0.08946,0.08922,1817.04,2.721e-05,0.2779,0.1112,3e-06,0.05538,5.135e-06,74.09,0.8159,0.3751,2.711,0.1721,0.5904,1.2631,75.4,0.1877,0.0882,6.93,4.96e-06,66629.94,0.2412,0.08948,0.0892,1815.68,2.71e-05,0.278,0.111,3e-06,0.05526,5.13e-06,74.03,0.8155,0.3753,2.71,0.172,0.5892,1.2626,75.565,0.18782,0.0883,6.93,5.067e-06,66690.75,0.2413,0.089526,0.08806,1817.1,2.715e-05,0.2775,0.1112,2.994e-06,0.05529,5.123e-06,74.1,0.81663,0.38343,2.7179,0.1718,0.5886,1.2632,75.4714,0.187864,0.0882,6.9331,4.9956e-06,66705.95,0.2408,0.089727,0.08923,1818.3,2.72e-05,0.2764,0.1109,2.99702e-06,0.0552,5.13e-06,74.1425,0.8235,0.3734,2.7144,0.1721,0.589,1.26288,75.47,0.1879,0.0883,6.93,4.986e-06,66685.9,0.2417,0.08954,0.0892,1816.97,2.716e-05,0.2782,0.1112,3.001e-06,0.05541,5.14e-06,74.08,0.816,0.377,2.7108,0.1724,0.5899,1.26315,75.5,0.1879,0.08818,6.935,4.977e-06,66680.01,0.2414,0.08955,0.08926,1817.0,2.712e-05,0.2776,0.11107,3.001e-06,0.05536,5.132e-06,74.07,0.8159,0.3749,2.711,0.1717,0.5881,1.2631,75.44,0.1878,0.08835,6.93,4.979e-06,66672.2,0.2414,0.08952,0.08922,1817.01,2.718e-05,0.2779,0.11104,2.998e-06,0.05539,5.13e-06,74.09,0.8159,0.3749,2.711,0.1721,0.5898,1.2633
2026-06-15 15:29:00,75.36,0.1875,0.0881,6.927,4.95e-06,66658.01,0.241,0.08949,0.0891,1816.62,2.71e-05,0.2772,0.111,2.99e-06,0.05526,5.13e-06,74.07,0.8152,0.3745,2.708,0.1715,0.5898,1.2615,75.34,0.1875,0.0881,6.926,4.96e-06,66655.67,0.2413,0.08947,0.08904,1816.63,2.705e-05,0.2771,0.111,2.996e-06,0.05525,5.128e-06,74.06,0.815,0.3746,2.714,0.1714,0.5896,1.2615,75.37,0.1875,0.08814,6.928,4.954e-06,66654.9,0.2411,0.08947,0.08907,1816.62,2.721e-05,0.2772,0.1109,2.997e-06,0.05529,5.129e-06,74.07,0.8151,0.3744,2.708,0.1716,0.5898,1.2614,75.28,0.1874,0.0881,6.92,4.95e-06,66615.99,0.2406,0.08941,0.089,1815.39,2.71e-05,0.277,0.111,3e-06,0.05524,5.12e-06,74.0,0.8147,0.3742,2.707,0.171,0.5896,1.2608,75.565,0.1875,0.0882,6.925,5.067e-06,66663.91,0.2413,0.089482,0.08806,1816.63,2.715e-05,0.2775,0.1112,2.994e-06,0.05528,5.123e-06,74.05,0.81593,0.38343,2.7179,0.1718,0.5881,1.2613,75.4714,0.187401,0.088,6.9272,4.9952e-06,66678.51,0.2406,0.089727,0.08924,1817.29,2.72e-05,0.2764,0.1109,2.99702e-06,0.0551,5.13e-06,73.95,0.8227,0.3728,2.7094,0.1717,0.589,1.26,75.373,0.1874,0.0882,6.922,4.955e-06,66662.3,0.2417,0.08948,0.0891,1816.45,2.716e-05,0.2772,0.1109,3.001e-06,0.05526,5.125e-06,74.06,0.8149,0.375,2.7094,0.1715,0.5893,1.26158,75.39,0.1875,0.08816,6.929,4.955e-06,66663.0,0.241,0.08948,0.08905,1816.57,2.709e-05,0.2771,0.11093,2.996e-06,0.05526,5.126e-06,74.04,0.8154,0.3744,2.71,0.1715,0.5881,1.2613,75.36,0.1875,0.08815,6.926,4.956e-06,66659.9,0.241,0.08948,0.08906,1816.59,2.718e-05,0.2773,0.11095,2.997e-06,0.05529,5.125e-06,74.05,0.815,0.3744,2.708,0.1718,0.5897,1.2615
2026-06-15 15:30:00,75.47,0.1876,0.0883,6.938,4.98e-06,66695.99,0.2413,0.08955,0.0894,1817.64,2.713e-05,0.2776,0.1111,2.99e-06,0.05532,5.13e-06,74.09,0.8156,0.3758,2.712,0.1718,0.5921,1.2587,75.15,0.1876,0.0879,6.932,4.969e-06,66698.63,0.2406,0.08951,0.08935,1817.61,2.705e-05,0.2766,0.1108,2.997e-06,0.05519,5.13e-06,74.08,0.8156,0.3746,2.706,0.1714,0.5921,1.2585,75.45,0.1876,0.0882,6.938,4.97e-06,66698.6,0.2411,0.08952,0.08941,1817.68,2.711e-05,0.2776,0.1111,2.998e-06,0.05527,5.132e-06,74.07,0.8155,0.3756,2.71,0.1719,0.5924,1.2587,75.4,0.1875,0.0882,6.93,4.97e-06,66660.81,0.2409,0.08946,0.0893,1816.24,2.71e-05,0.277,0.111,2.99e-06,0.05529,5.12e-06,74.03,0.8152,0.3754,2.709,0.171,0.5914,1.2581,75.221,0.18766,0.0881,6.934,5.067e-06,66704.78,0.2413,0.089509,0.08806,1817.74,2.715e-05,0.2769,0.1112,2.994e-06,0.05528,5.123e-06,74.07,0.81593,0.38343,2.7179,0.1718,0.5901,1.2587,75.4714,0.187648,0.0881,6.9391,4.9949e-06,66696.51,0.2404,0.089727,0.08944,1816.33,2.72e-05,0.2765,0.1111,2.99305e-06,0.0552,5.13e-06,73.9742,0.8217,0.3741,2.7114,0.1719,0.591,1.25757,75.464,0.1877,0.0883,6.936,4.968e-06,66690.1,0.2417,0.08953,0.0893,1817.28,2.716e-05,0.2767,0.1108,2.997e-06,0.05531,5.131e-06,74.07,0.8155,0.375,2.7107,0.1719,0.592,1.25856,75.26,0.1876,0.08811,6.918,4.969e-06,66695.05,0.2413,0.08954,0.08919,1817.58,2.712e-05,0.2767,0.11103,2.995e-06,0.05515,5.131e-06,74.08,0.8155,0.3758,2.708,0.1715,0.5917,1.2583,75.46,0.1876,0.08815,6.937,4.972e-06,66699.6,0.241,0.08953,0.08943,1817.66,2.71e-05,0.2776,0.11115,2.999e-06,0.05525,5.128e-06,74.09,0.8153,0.3758,2.711,0.1721,0.592,1.2587
2026-06-15 15:31:00,75.56,0.1876,0.0883,6.942,4.97e-06,66730.0,0.2411,0.0896,0.0896,1818.76,2.713e-05,0.2778,0.1112,3e-06,0.05536,5.13e-06,74.19,0.8166,0.376,2.716,0.1721,0.5919,1.2617,75.57,0.1876,0.0879,6.942,4.969e-06,66729.99,0.241,0.0896,0.08955,1818.83,2.705e-05,0.2766,0.1111,3.001e-06,0.0553,5.13e-06,74.19,0.8165,0.3758,2.706,0.1714,0.5919,1.2616,75.55,0.1876,0.08828,6.941,4.977e-06,66727.7,0.2412,0.08956,0.08959,1818.9,2.711e-05,0.2778,0.1112,3e-06,0.05527,5.135e-06,74.19,0.8165,0.376,2.713,0.1722,0.5919,1.2615,75.48,0.1875,0.0882,6.92,4.97e-06,66692.03,0.241,0.08953,0.0895,1817.47,2.71e-05,0.277,0.111,2.99e-06,0.05529,5.12e-06,74.14,0.816,0.3759,2.712,0.172,0.5912,1.2608,75.529,0.18759,0.0881,6.934,5.067e-06,66737.08,0.2413,0.089559,0.08806,1818.94,2.715e-05,0.2769,0.1112,2.994e-06,0.05528,5.123e-06,74.2,0.81593,0.38343,2.7179,0.1718,0.5918,1.2616,75.4714,0.187421,0.0881,6.943,4.9949e-06,66724.26,0.2404,0.089727,0.08964,1818.36,2.72e-05,0.2767,0.1111,2.99305e-06,0.0552,5.13e-06,74.1338,0.8228,0.3744,2.7154,0.1721,0.591,1.25757,75.558,0.1876,0.0884,6.941,4.975e-06,66735.0,0.2417,0.08958,0.0896,1818.8,2.713e-05,0.2767,0.1112,3e-06,0.05534,5.131e-06,74.19,0.8163,0.375,2.7144,0.1721,0.5916,1.2616,75.52,0.1876,0.08823,6.936,4.968e-06,66721.01,0.2413,0.0896,0.08936,1818.56,2.71e-05,0.2776,0.11107,3e-06,0.05526,5.132e-06,74.18,0.8166,0.3759,2.714,0.172,0.5919,1.2614,75.55,0.1876,0.08826,6.941,4.976e-06,66732.6,0.2411,0.0896,0.08961,1818.69,2.71e-05,0.2778,0.1112,3.001e-06,0.05535,5.131e-06,74.18,0.8163,0.376,2.714,0.1723,0.592,1.2614
2026-06-15 15:32:00,75.22,0.1867,0.088,6.92,4.95e-06,66646.77,0.2409,0.08936,0.0893,1815.16,2.705e-05,0.2769,0.1107,2.99e-06,0.05519,5.12e-06,73.96,0.8138,0.3745,2.706,0.1716,0.5889,1.2545,75.27,0.1867,0.0879,6.92,4.954e-06,66643.66,0.2404,0.08934,0.08928,1815.06,2.704e-05,0.277,0.1107,2.99e-06,0.05519,5.118e-06,73.95,0.8137,0.3742,2.706,0.1717,0.5889,1.2544,75.21,0.1867,0.08801,6.92,4.953e-06,66642.0,0.2408,0.08934,0.08934,1815.07,2.707e-05,0.277,0.1107,2.99e-06,0.0552,5.118e-06,73.96,0.8137,0.3744,2.704,0.1717,0.5892,1.2542,75.16,0.1865,0.088,6.91,4.95e-06,66598.62,0.2409,0.0893,0.0893,1813.82,2.7e-05,0.277,0.111,2.99e-06,0.05514,5.12e-06,73.9,0.8133,0.3742,2.703,0.172,0.5883,1.2535,75.219,0.18668,0.088,6.919,5.067e-06,66650.65,0.2413,0.089356,0.08806,1815.3,2.715e-05,0.2769,0.1108,2.989e-06,0.05519,5.123e-06,73.94,0.81456,0.38343,2.7179,0.1718,0.5888,1.2544,75.4714,0.186631,0.0878,6.9206,4.9949e-06,66653.98,0.2403,0.089559,0.08935,1815.56,2.717e-05,0.2759,0.1106,2.99305e-06,0.0551,5.13e-06,73.8962,0.8232,0.3729,2.7074,0.1717,0.589,1.25656,75.2,0.1867,0.088,6.919,4.946e-06,66650.9,0.2407,0.08935,0.0893,1815.1,2.708e-05,0.2769,0.1107,2.989e-06,0.05518,5.116e-06,73.94,0.8133,0.3743,2.7058,0.1717,0.5888,1.25462,75.22,0.1867,0.088,6.919,4.953e-06,66647.47,0.2408,0.08937,0.08911,1815.08,2.709e-05,0.2771,0.1109,2.99e-06,0.05524,5.116e-06,73.96,0.8137,0.3746,2.705,0.1715,0.5892,1.2545,75.25,0.1866,0.08794,6.919,4.955e-06,66643.6,0.2406,0.08935,0.08937,1815.06,2.705e-05,0.277,0.1107,2.988e-06,0.0552,5.116e-06,73.95,0.8136,0.3744,2.704,0.1719,0.5889,1.2545
2026-06-15 15:33:00,75.26,0.1865,0.0881,6.921,4.94e-06,66646.01,0.2406,0.08935,0.0891,1815.27,2.706e-05,0.2768,0.1108,2.99e-06,0.05522,5.12e-06,73.94,0.8127,0.3741,2.704,0.1717,0.5893,1.253,75.22,0.1864,0.0878,6.919,4.94e-06,66642.62,0.2409,0.08935,0.08904,1815.28,2.704e-05,0.277,0.1108,2.991e-06,0.05523,5.119e-06,73.94,0.8127,0.3744,2.704,0.1717,0.5894,1.2529,75.23,0.1864,0.08805,6.922,4.94e-06,66644.6,0.241,0.08935,0.08906,1815.36,2.707e-05,0.277,0.1108,2.992e-06,0.05525,5.116e-06,73.96,0.8127,0.3743,2.705,0.1717,0.5893,1.2528,75.2,0.1864,0.088,6.91,4.93e-06,66598.01,0.2408,0.08928,0.089,1814.11,2.7e-05,0.277,0.111,2.99e-06,0.05514,5.12e-06,73.9,0.8123,0.3738,2.702,0.172,0.589,1.2522,75.302,0.18649,0.0881,6.923,5.067e-06,66649.73,0.2413,0.089356,0.08806,1815.47,2.715e-05,0.2769,0.1108,2.989e-06,0.05519,5.123e-06,73.93,0.81456,0.38343,2.7179,0.1718,0.5903,1.2527,75.4714,0.186436,0.088,6.9251,4.9443e-06,66642.31,0.2404,0.089559,0.08916,1815.7,2.717e-05,0.2759,0.1107,2.99305e-06,0.0551,5.11e-06,73.9348,0.8227,0.3724,2.7055,0.1717,0.589,1.25323,75.232,0.1864,0.0881,6.917,4.939e-06,66651.0,0.2407,0.08936,0.0892,1815.1,2.705e-05,0.2769,0.1108,2.99e-06,0.05524,5.114e-06,73.95,0.8127,0.3741,2.7035,0.1719,0.5891,1.2531,75.26,0.1864,0.08811,6.924,4.941e-06,66647.07,0.2407,0.08936,0.08916,1815.29,2.706e-05,0.2771,0.1108,2.991e-06,0.05526,5.115e-06,73.94,0.8126,0.3742,2.703,0.1715,0.5895,1.2529,75.23,0.1864,0.08815,6.92,4.936e-06,66642.0,0.2408,0.08935,0.0891,1815.37,2.705e-05,0.2771,0.11075,2.989e-06,0.05524,5.116e-06,73.94,0.8126,0.374,2.705,0.1718,0.5892,1.253
2026-06-15 15:34:00,75.42,0.1866,0.0881,6.922,4.93e-06,66659.88,0.241,0.08937,0.089,1815.88,2.7e-05,0.2769,0.1106,2.99e-06,0.05524,5.11e-06,73.93,0.8127,0.3747,2.706,0.1715,0.5887,1.2568,75.41,0.1866,0.0878,6.922,4.92e-06,66651.29,0.2405,0.08936,0.08898,1816.26,2.701e-05,0.277,0.1107,2.989e-06,0.05523,5.115e-06,73.95,0.8127,0.3744,2.702,0.1711,0.5888,1.2568,75.42,0.1866,0.08805,6.923,4.928e-06,66660.0,0.2409,0.08936,0.08901,1815.89,2.701e-05,0.2767,0.1107,2.99e-06,0.05525,5.116e-06,73.96,0.8127,0.3748,2.702,0.1715,0.5891,1.2567,75.38,0.1864,0.0881,6.92,4.93e-06,66610.99,0.2408,0.08932,0.089,1814.7,2.7e-05,0.277,0.111,2.99e-06,0.0552,5.11e-06,73.9,0.8121,0.3745,2.704,0.172,0.5885,1.2559,75.247,0.18652,0.0881,6.922,5.067e-06,66661.0,0.2413,0.089365,0.08806,1815.92,2.715e-05,0.2769,0.1108,2.989e-06,0.05519,5.123e-06,73.95,0.81156,0.38343,2.7179,0.1718,0.5887,1.2568,75.4714,0.186598,0.0879,6.9241,4.9443e-06,66640.83,0.2401,0.089428,0.08907,1815.48,2.711e-05,0.2759,0.1106,2.98859e-06,0.0551,5.1e-06,73.917,0.8216,0.3731,2.7054,0.1714,0.589,1.25323,75.378,0.1865,0.0881,6.922,4.928e-06,66667.1,0.2407,0.08937,0.089,1815.99,2.698e-05,0.2769,0.1106,2.989e-06,0.05523,5.115e-06,73.96,0.8125,0.3746,2.7056,0.1715,0.5889,1.25662,75.42,0.1866,0.08808,6.914,4.937e-06,66660.15,0.2411,0.08937,0.08916,1815.71,2.7e-05,0.2766,0.11075,2.985e-06,0.05526,5.113e-06,73.94,0.8117,0.3749,2.703,0.1712,0.5886,1.2567,75.42,0.1866,0.08808,6.922,4.929e-06,66660.5,0.2409,0.08938,0.08902,1815.88,2.702e-05,0.2769,0.11073,2.99e-06,0.05522,5.115e-06,73.96,0.8126,0.3747,2.706,0.1717,0.5892,1.2568
2026-06-15 15:35:00,75.67,0.1867,0.0882,6.934,4.94e-06,66681.69,0.2411,0.08943,0.0894,1816.81,2.702e-05,0.2773,0.1107,2.99e-06,0.05529,5.11e-06,74.04,0.8138,0.3757,2.709,0.1717,0.5904,1.2575,75.65,0.1867,0.0882,6.926,4.938e-06,66684.32,0.2405,0.08941,0.08933,1816.87,2.699e-05,0.277,0.1107,2.993e-06,0.0553,5.115e-06,74.04,0.8134,0.3741,2.705,0.1715,0.5902,1.2573,75.62,0.1867,0.08818,6.933,4.943e-06,66689.6,0.241,0.08941,0.08941,1816.94,2.701e-05,0.2772,0.1107,2.993e-06,0.05526,5.116e-06,74.04,0.8138,0.3757,2.708,0.1718,0.5907,1.2574,75.58,0.1866,0.0881,6.92,4.94e-06,66642.65,0.2405,0.08937,0.0893,1815.7,2.7e-05,0.277,0.111,2.99e-06,0.05528,5.11e-06,73.99,0.8134,0.3754,2.707,0.172,0.5898,1.2567,75.646,0.18669,0.0881,6.933,5.067e-06,66689.05,0.2413,0.089425,0.08806,1816.83,2.715e-05,0.2769,0.1108,2.989e-06,0.05519,5.123e-06,74.03,0.81156,0.38343,2.7179,0.1718,0.5887,1.2572,75.4714,0.186715,0.0881,6.9351,4.9443e-06,66678.32,0.2401,0.089428,0.08948,1815.9,2.715e-05,0.2762,0.1107,2.98859e-06,0.0552,5.11e-06,74.0205,0.8232,0.3741,2.7084,0.1718,0.589,1.25323,75.639,0.1867,0.0882,6.932,4.939e-06,66690.3,0.2408,0.08939,0.0894,1816.82,2.698e-05,0.2769,0.1106,2.992e-06,0.05528,5.117e-06,74.04,0.8133,0.3746,2.7093,0.1717,0.5901,1.25707,75.44,0.1867,0.08811,6.928,4.941e-06,66672.58,0.2411,0.08942,0.0892,1816.5,2.7e-05,0.2769,0.11063,2.989e-06,0.05525,5.119e-06,74.02,0.8131,0.3758,2.706,0.1715,0.5882,1.257,75.64,0.1867,0.08822,6.933,4.945e-06,66687.5,0.2408,0.08943,0.08942,1816.75,2.702e-05,0.2772,0.11074,2.993e-06,0.05525,5.112e-06,74.03,0.8136,0.3755,2.707,0.172,0.5903,1.2575
2026-06-15 15:36:00,75.83,0.1867,0.0883,6.94,4.95e-06,66749.99,0.2409,0.08948,0.0896,1819.1,2.705e-05,0.2776,0.1104,2.99e-06,0.05531,5.13e-06,74.17,0.8151,0.376,2.718,0.1722,0.5874,1.2588,75.66,0.1868,0.0883,6.938,4.957e-06,66744.99,0.2409,0.0895,0.0894,1819.15,2.699e-05,0.2772,0.1103,2.994e-06,0.05531,5.122e-06,74.17,0.815,0.3753,2.713,0.1715,0.5874,1.2586,75.81,0.1867,0.08831,6.939,4.95e-06,66749.5,0.2408,0.08944,0.08953,1819.27,2.705e-05,0.2775,0.1103,2.994e-06,0.05526,5.122e-06,74.18,0.8149,0.3759,2.715,0.172,0.5879,1.2588,75.77,0.1866,0.0882,6.94,4.95e-06,66705.48,0.2405,0.08941,0.0895,1818.0,2.7e-05,0.277,0.111,2.99e-06,0.05528,5.11e-06,74.11,0.8146,0.3756,2.714,0.172,0.587,1.258,75.646,0.18677,0.0881,6.938,5.067e-06,66752.61,0.2413,0.089464,0.08806,1819.44,2.715e-05,0.2769,0.1105,2.993e-06,0.05519,5.123e-06,74.17,0.81486,0.38343,2.7136,0.1718,0.5887,1.2588,75.6541,0.18669,0.0881,6.9406,4.948e-06,66736.0,0.24,0.089457,0.08948,1819.01,2.717e-05,0.2766,0.1103,2.98859e-06,0.0552,5.12e-06,74.0946,0.8216,0.3743,2.7134,0.1725,0.588,1.25323,75.802,0.1868,0.0883,6.935,4.954e-06,66746.9,0.2408,0.08946,0.0895,1819.04,2.707e-05,0.2769,0.1103,2.994e-06,0.0553,5.121e-06,74.16,0.8148,0.3757,2.7145,0.1721,0.5875,1.25869,75.77,0.1867,0.08822,6.94,4.952e-06,66743.08,0.2409,0.08948,0.08945,1818.78,2.704e-05,0.2775,0.11024,2.994e-06,0.0553,5.122e-06,74.15,0.814,0.376,2.713,0.1719,0.588,1.2589,75.78,0.1868,0.08825,6.939,4.952e-06,66749.9,0.2409,0.08948,0.08953,1819.09,2.704e-05,0.2774,0.1103,2.994e-06,0.05531,5.12e-06,74.17,0.8148,0.3759,2.715,0.1722,0.5875,1.2588
2026-06-15 15:37:00,75.86,0.1868,0.0883,6.942,4.96e-06,66772.0,0.2408,0.08956,0.0896,1820.86,2.71e-05,0.2777,0.1104,2.99e-06,0.05535,5.12e-06,74.29,0.8147,0.3754,2.716,0.172,0.5871,1.2584,75.84,0.1867,0.0883,6.941,4.959e-06,66772.17,0.2404,0.08954,0.08953,1820.93,2.699e-05,0.2775,0.1104,2.996e-06,0.05535,5.122e-06,74.28,0.8145,0.3753,2.713,0.172,0.5872,1.2585,75.82,0.1867,0.08831,6.941,4.952e-06,66775.5,0.2406,0.08954,0.08956,1821.0,2.708e-05,0.2776,0.1104,2.997e-06,0.05535,5.128e-06,74.29,0.8147,0.3753,2.715,0.1722,0.5875,1.2584,75.78,0.1866,0.0884,6.94,4.95e-06,66731.43,0.2405,0.0895,0.0895,1819.99,2.7e-05,0.277,0.111,2.99e-06,0.05534,5.12e-06,74.24,0.8142,0.375,2.715,0.172,0.5862,1.2575,75.817,0.18676,0.0881,6.942,5.067e-06,66775.45,0.2413,0.089524,0.08806,1821.09,2.708e-05,0.2769,0.1105,2.993e-06,0.05519,5.123e-06,74.3,0.81493,0.38343,2.7136,0.1718,0.5867,1.2584,75.6541,0.186674,0.0882,6.943,4.948e-06,66756.81,0.2398,0.089457,0.08958,1820.78,2.718e-05,0.2767,0.1104,2.98859e-06,0.0552,5.11e-06,74.225,0.8214,0.3737,2.7175,0.1722,0.587,1.25323,75.854,0.1867,0.0883,6.938,4.954e-06,66769.8,0.2408,0.08955,0.0895,1820.79,2.709e-05,0.2769,0.1104,2.995e-06,0.05535,5.122e-06,74.28,0.8145,0.3756,2.7153,0.1721,0.5873,1.25823,75.72,0.1868,0.08828,6.944,4.954e-06,66767.28,0.2406,0.08955,0.0896,1821.0,2.707e-05,0.2778,0.11031,2.991e-06,0.0553,5.126e-06,74.28,0.8141,0.3754,2.717,0.1718,0.5875,1.2581,75.81,0.1867,0.08833,6.94,4.955e-06,66772.1,0.2406,0.08956,0.08961,1821.07,2.707e-05,0.2777,0.11041,2.996e-06,0.05533,5.121e-06,74.27,0.8145,0.3753,2.715,0.1723,0.5873,1.2583
2026-06-15 15:47:00,76.54,0.1884,0.0892,7.018,5.01e-06,67202.0,0.2412,0.0905,0.0901,1840.3,2.733e-05,0.2808,0.1109,3.02e-06,0.05587,5.15e-06,74.93,0.8235,0.376,2.735,0.1741,0.5901,1.2683,76.48,0.1883,0.0891,7.018,5.005e-06,67201.02,0.2405,0.09049,0.09001,1840.29,2.729e-05,0.2807,0.1109,3.027e-06,0.05586,5.157e-06,74.93,0.8235,0.3758,2.735,0.1739,0.5903,1.2685,76.55,0.1883,0.08916,7.017,5.013e-06,67205.0,0.2412,0.09047,0.09006,1840.55,2.729e-05,0.2807,0.1108,3.027e-06,0.05587,5.153e-06,74.92,0.8236,0.3758,2.735,0.1741,0.5902,1.2684,76.51,0.1882,0.0892,7.01,5.02e-06,67150.73,0.2411,0.09043,0.09,1839.11,2.73e-05,0.281,0.111,3.03e-06,0.05582,5.16e-06,74.88,0.8233,0.3758,2.733,0.174,0.5896,1.2676,76.499,0.18837,0.0881,7.018,4.982e-06,67204.79,0.2413,0.09048,0.08806,1840.58,2.733e-05,0.2806,0.1105,3.006e-06,0.0555,5.12e-06,74.92,0.82379,0.38343,2.7136,0.1718,0.5897,1.2685,76.6179,0.188219,0.089,7.0175,4.9993e-06,67185.3,0.2402,0.090526,0.09016,1840.96,2.732e-05,0.2797,0.1111,3.022222e-06,0.0555,5.14e-06,74.5131,0.8372,0.3749,2.7364,0.174,0.589,1.26796,76.549,0.1883,0.0892,7.017,5.013e-06,67205.5,0.2411,0.09043,0.09,1840.29,2.73e-05,0.2806,0.1109,3.027e-06,0.05586,5.156e-06,74.92,0.8234,0.3757,2.7363,0.174,0.5897,1.26844,76.58,0.1884,0.08906,7.013,5.016e-06,67195.34,0.2411,0.09048,0.09005,1840.46,2.731e-05,0.2808,0.1109,3.025e-06,0.05577,5.154e-06,74.91,0.8239,0.3761,2.736,0.1739,0.59,1.2684,76.58,0.1884,0.0892,7.021,5.012e-06,67195.8,0.2411,0.09048,0.09006,1840.39,2.726e-05,0.2807,0.11096,3.027e-06,0.05579,5.156e-06,74.92,0.8236,0.376,2.735,0.1742,0.59,1.2685
2026-06-15 15:48:00,76.4,0.1884,0.0893,7.015,5.01e-06,67164.43,0.2414,0.09047,0.0901,1839.48,2.733e-05,0.2808,0.1109,3.03e-06,0.05585,5.17e-06,74.99,0.8233,0.3763,2.735,0.1743,0.5913,1.2662,76.44,0.1883,0.0892,7.015,5.013e-06,67161.79,0.2411,0.09046,0.09009,1839.32,2.735e-05,0.2809,0.111,3.032e-06,0.0559,5.163e-06,74.99,0.8233,0.3762,2.734,0.1743,0.5921,1.2664,76.39,0.1884,0.08923,7.014,5.011e-06,67164.6,0.2413,0.09045,0.09015,1839.38,2.736e-05,0.2807,0.1109,3.033e-06,0.05587,5.162e-06,74.99,0.8233,0.3762,2.734,0.1743,0.5922,1.2662,76.31,0.1883,0.0892,7.01,5.01e-06,67118.67,0.2408,0.09034,0.0901,1838.17,2.73e-05,0.281,0.111,3.03e-06,0.05581,5.15e-06,74.93,0.8229,0.3759,2.732,0.175,0.5912,1.2655,76.549,0.1884,0.0881,7.022,4.982e-06,67169.73,0.2413,0.090464,0.08806,1839.57,2.733e-05,0.2806,0.1105,3.006e-06,0.0555,5.12e-06,75.0,0.82367,0.38343,2.7136,0.1718,0.593,1.266,76.6179,0.188439,0.0891,7.0169,5.0093e-06,67187.33,0.2409,0.090647,0.09015,1840.0,2.734e-05,0.2798,0.1109,3.022222e-06,0.0556,5.15e-06,74.9758,0.8558,0.3748,2.7353,0.1742,0.591,1.26617,76.349,0.1884,0.0893,7.015,5.011e-06,67172.5,0.2411,0.09045,0.0901,1839.31,2.733e-05,0.2809,0.1109,3.031e-06,0.05587,5.161e-06,74.99,0.8232,0.3757,2.7351,0.1744,0.5918,1.26612,76.48,0.1883,0.08922,7.017,5.01e-06,67158.32,0.2415,0.09047,0.09016,1839.53,2.734e-05,0.2809,0.11098,3.032e-06,0.05585,5.166e-06,74.99,0.824,0.3762,2.735,0.1741,0.5915,1.2661,76.37,0.1884,0.08927,7.016,5.01e-06,67162.1,0.2413,0.09046,0.09029,1839.45,2.733e-05,0.2808,0.11094,3.032e-06,0.05583,5.16e-06,74.99,0.8233,0.3762,2.735,0.1745,0.5918,1.2662
2026-06-15 15:49:00,76.55,0.1883,0.0892,7.012,5.01e-06,67196.54,0.241,0.09049,0.0902,1844.11,2.73e-05,0.2809,0.1109,3.03e-06,0.05586,5.17e-06,74.97,0.8246,0.3772,2.736,0.1745,0.5902,1.2649,76.57,0.1883,0.0892,7.009,5.013e-06,67194.67,0.2408,0.09048,0.09023,1844.1,2.735e-05,0.2808,0.111,3.035e-06,0.05584,5.167e-06,74.97,0.8247,0.3765,2.731,0.1743,0.5902,1.265,76.53,0.1883,0.08928,7.012,5.011e-06,67196.4,0.2408,0.09047,0.09025,1844.23,2.73e-05,0.2808,0.1109,3.036e-06,0.05583,5.167e-06,74.97,0.8247,0.3772,2.732,0.1745,0.5902,1.2651,76.5,0.1882,0.0893,7.01,5.02e-06,67144.01,0.2408,0.09043,0.0902,1843.02,2.73e-05,0.281,0.111,3.04e-06,0.05582,5.16e-06,74.93,0.8242,0.377,2.734,0.175,0.5898,1.2644,76.549,0.18834,0.0881,7.007,4.982e-06,67194.2,0.2413,0.090479,0.08806,1844.35,2.733e-05,0.2806,0.1105,3.006e-06,0.0555,5.12e-06,74.97,0.82375,0.38343,2.7136,0.1718,0.5904,1.265,76.6179,0.188251,0.0891,7.014,5.0093e-06,67201.69,0.2398,0.090647,0.09015,1843.9,2.733e-05,0.2798,0.1109,3.0342e-06,0.0557,5.15e-06,74.963,0.8574,0.3756,2.7364,0.1744,0.59,1.26457,76.577,0.1882,0.0893,7.011,5.014e-06,67200.7,0.241,0.09049,0.0902,1843.87,2.733e-05,0.2809,0.1109,3.036e-06,0.05587,5.166e-06,74.98,0.8245,0.3763,2.7361,0.1745,0.5903,1.26483,76.39,0.1884,0.08925,7.016,5.012e-06,67193.35,0.2408,0.09051,0.09015,1844.12,2.73e-05,0.2809,0.11089,3.036e-06,0.05578,5.168e-06,74.97,0.8247,0.3771,2.736,0.1741,0.5913,1.2649,76.56,0.1884,0.08921,7.01,5.013e-06,67197.8,0.2409,0.09047,0.0903,1844.19,2.731e-05,0.2809,0.11086,3.038e-06,0.05586,5.168e-06,74.96,0.8245,0.3771,2.736,0.1747,0.59,1.265
2026-06-15 15:50:00,76.68,0.1886,0.0893,7.016,5.02e-06,67163.13,0.241,0.09057,0.0905,1843.49,2.732e-05,0.2811,0.111,3.03e-06,0.05592,5.16e-06,75.0,0.8257,0.3778,2.74,0.1747,0.5893,1.2649,76.65,0.1885,0.0894,7.016,5.02e-06,67163.26,0.2408,0.09056,0.0904,1843.37,2.729e-05,0.2813,0.111,3.038e-06,0.05592,5.171e-06,75.0,0.8257,0.3765,2.74,0.1746,0.5897,1.265,76.65,0.1887,0.08937,7.017,5.024e-06,67168.2,0.241,0.09056,0.09041,1843.44,2.73e-05,0.2809,0.111,3.036e-06,0.0559,5.171e-06,74.99,0.826,0.3778,2.739,0.1748,0.5901,1.2653,76.62,0.1886,0.0894,7.01,5.02e-06,67123.02,0.241,0.09048,0.0904,1842.5,2.73e-05,0.281,0.111,3.04e-06,0.05593,5.16e-06,74.95,0.8255,0.3776,2.741,0.175,0.5897,1.2643,76.618,0.18864,0.0881,7.016,4.982e-06,67168.97,0.2413,0.090555,0.08806,1843.43,2.733e-05,0.2806,0.1105,3.006e-06,0.0555,5.12e-06,74.99,0.82499,0.38343,2.7136,0.1718,0.5894,1.2649,76.6179,0.18865,0.0892,7.0174,5.0203e-06,67188.24,0.2407,0.090677,0.09028,1842.7,2.732e-05,0.2801,0.1109,3.035757e-06,0.0557,5.16e-06,74.9483,0.8596,0.3764,2.7386,0.1747,0.589,1.26472,76.673,0.1887,0.0894,7.016,5.024e-06,67175.2,0.241,0.09055,0.0903,1843.37,2.735e-05,0.2809,0.1108,3.037e-06,0.05592,5.168e-06,75.0,0.8255,0.3763,2.7402,0.1747,0.5895,1.26506,76.67,0.1886,0.0894,7.017,5.023e-06,67163.14,0.241,0.09057,0.0904,1843.57,2.732e-05,0.2812,0.1109,3.04e-06,0.05591,5.17e-06,74.99,0.8256,0.3778,2.739,0.1745,0.5896,1.2647,76.67,0.1886,0.08929,7.016,5.023e-06,67166.9,0.2411,0.09056,0.09047,1843.52,2.737e-05,0.2814,0.11097,3.038e-06,0.05591,5.163e-06,74.99,0.8256,0.3777,2.739,0.175,0.5895,1.265
2026-06-15 15:51:00,76.89,0.1888,0.0894,7.021,5.03e-06,67152.0,0.241,0.09054,0.0902,1842.43,2.731e-05,0.2811,0.1111,3.04e-06,0.05595,5.17e-06,74.93,0.8252,0.3791,2.74,0.1744,0.5921,1.2634,76.86,0.1889,0.0894,7.02,5.026e-06,67154.63,0.2409,0.09051,0.09014,1842.09,2.735e-05,0.2813,0.111,3.039e-06,0.05598,5.168e-06,74.94,0.825,0.3784,2.738,0.1748,0.592,1.2634,76.88,0.1889,0.08943,7.019,5.03e-06,67160.5,0.2411,0.09051,0.09018,1842.26,2.733e-05,0.2811,0.111,3.039e-06,0.05594,5.171e-06,74.93,0.8251,0.3789,2.738,0.175,0.5924,1.2634,76.83,0.1888,0.0894,7.02,5.02e-06,67118.72,0.2411,0.09049,0.0902,1841.4,2.73e-05,0.282,0.111,3.04e-06,0.05592,5.17e-06,74.89,0.8248,0.3787,2.738,0.174,0.5919,1.2629,76.817,0.18897,0.0881,7.016,4.982e-06,67161.79,0.2413,0.090496,0.08806,1842.45,2.733e-05,0.2806,0.1105,3.006e-06,0.0555,5.12e-06,74.93,0.82586,0.38343,2.7136,0.1718,0.5922,1.2634,76.755,0.188716,0.0892,7.0214,5.0204e-06,67155.66,0.24,0.090754,0.09029,1842.35,2.732e-05,0.28,0.111,3.0452e-06,0.0558,5.16e-06,74.9447,0.8588,0.3779,2.7403,0.1743,0.591,1.26403,76.888,0.1888,0.0894,7.019,5.029e-06,67162.4,0.241,0.09052,0.0902,1842.11,2.732e-05,0.2813,0.1108,3.039e-06,0.05595,5.17e-06,74.94,0.825,0.3786,2.7389,0.1744,0.5922,1.26355,76.9,0.1889,0.08932,7.02,5.02e-06,67156.97,0.2411,0.09053,0.09027,1842.14,2.734e-05,0.2813,0.11102,3.04e-06,0.05593,5.17e-06,74.94,0.825,0.3789,2.74,0.1743,0.5923,1.2632,76.89,0.1888,0.08941,7.021,5.029e-06,67158.9,0.2411,0.09054,0.09021,1842.2,2.73e-05,0.2811,0.11104,3.04e-06,0.05596,5.17e-06,74.92,0.8251,0.3789,2.739,0.1746,0.5922,1.2634
2026-06-15 15:52:00,77.25,0.1892,0.0895,7.033,5.04e-06,67246.01,0.2413,0.09064,0.0902,1846.64,2.735e-05,0.2817,0.1112,3.05e-06,0.05607,5.18e-06,75.12,0.8267,0.3796,2.744,0.1747,0.5914,1.2665,77.28,0.1892,0.0894,7.031,5.043e-06,67246.38,0.2409,0.09066,0.09022,1846.45,2.735e-05,0.2813,0.1112,3.042e-06,0.05608,5.181e-06,75.14,0.8265,0.3785,2.743,0.1748,0.5918,1.2666,77.25,0.1892,0.08952,7.032,5.043e-06,67246.7,0.2412,0.09066,0.09024,1846.79,2.73e-05,0.2813,0.1112,3.044e-06,0.05606,5.179e-06,75.14,0.8269,0.3796,2.743,0.1746,0.5917,1.2664,77.24,0.1891,0.0894,7.02,5.04e-06,67205.97,0.2411,0.09059,0.0902,1845.41,2.73e-05,0.281,0.111,3.04e-06,0.05603,5.17e-06,75.09,0.8263,0.3793,2.742,0.174,0.5914,1.2657,77.244,0.1892,0.0881,7.033,4.982e-06,67254.37,0.2413,0.090675,0.08806,1846.6,2.733e-05,0.2806,0.1105,3.006e-06,0.0555,5.12e-06,75.12,0.82586,0.38343,2.7136,0.1718,0.591,1.2666,77.1339,0.189101,0.0893,7.0345,5.0293e-06,67253.72,0.2404,0.09085,0.09022,1846.0,2.735e-05,0.2806,0.1112,3.0452e-06,0.0559,5.19e-06,75.0,0.8574,0.3782,2.743,0.1745,0.591,1.26486,77.222,0.1892,0.0894,7.032,5.044e-06,67248.0,0.241,0.09065,0.0902,1846.54,2.732e-05,0.2813,0.1112,3.043e-06,0.05608,5.176e-06,75.13,0.8268,0.3794,2.7438,0.1747,0.5921,1.26688,77.38,0.1892,0.0894,7.032,5.046e-06,67245.65,0.2414,0.09065,0.09016,1846.88,2.732e-05,0.2812,0.1112,3.042e-06,0.05602,5.178e-06,75.12,0.827,0.3795,2.743,0.1744,0.5926,1.2662,77.26,0.1892,0.0895,7.032,5.044e-06,67249.0,0.2413,0.09064,0.09025,1846.59,2.735e-05,0.2817,0.11148,3.044e-06,0.05607,5.178e-06,75.14,0.8266,0.3796,2.744,0.1747,0.5917,1.2667
2026-06-15 15:53:00,77.44,0.1893,0.0896,7.032,5.04e-06,67255.99,0.2416,0.09068,0.0903,1849.03,2.739e-05,0.2822,0.1113,3.05e-06,0.05591,5.18e-06,75.21,0.826,0.3789,2.744,0.1748,0.5905,1.2695,77.46,0.1892,0.0896,7.032,5.04e-06,67258.35,0.2413,0.09066,0.0902,1848.98,2.735e-05,0.2813,0.1112,3.046e-06,0.0559,5.179e-06,75.21,0.826,0.3789,2.74,0.1746,0.5899,1.2696,77.42,0.1892,0.08962,7.031,5.045e-06,67262.0,0.2414,0.09067,0.09025,1848.98,2.74e-05,0.2819,0.1112,3.046e-06,0.05591,5.178e-06,75.21,0.8261,0.3789,2.743,0.1746,0.5907,1.2695,77.39,0.1892,0.0896,7.02,5.04e-06,67223.77,0.2409,0.09064,0.0902,1847.92,2.73e-05,0.281,0.111,3.04e-06,0.0559,5.17e-06,75.18,0.8255,0.3785,2.74,0.174,0.59,1.2689,77.442,0.18927,0.0881,7.033,4.982e-06,67274.03,0.2413,0.090666,0.08806,1848.91,2.733e-05,0.2806,0.1105,3.006e-06,0.05579,5.12e-06,75.21,0.82586,0.38343,2.7136,0.1718,0.5904,1.2698,77.2727,0.189263,0.0894,7.0335,5.0293e-06,67259.96,0.2404,0.090895,0.09022,1848.34,2.74e-05,0.2811,0.1111,3.0452e-06,0.0557,5.18e-06,75.1467,0.8598,0.3775,2.743,0.1748,0.59,1.26486,77.407,0.1892,0.0895,7.031,5.046e-06,67265.6,0.241,0.09065,0.0903,1849.21,2.732e-05,0.2816,0.1112,3.045e-06,0.05591,5.177e-06,75.2,0.8259,0.3794,2.7446,0.1748,0.59,1.26961,77.43,0.1893,0.08951,7.033,5.043e-06,67249.87,0.2415,0.09068,0.09016,1848.78,2.736e-05,0.282,0.11116,3.047e-06,0.05592,5.18e-06,75.2,0.8257,0.3788,2.744,0.1746,0.5913,1.2693,77.42,0.1892,0.08962,7.032,5.043e-06,67261.1,0.2415,0.09067,0.09028,1848.95,2.738e-05,0.2821,0.11126,3.045e-06,0.05587,5.176e-06,75.21,0.8259,0.3789,2.744,0.1749,0.5903,1.2696
2026-06-15 15:54:00,77.35,0.1888,0.0896,7.024,5.04e-06,67249.51,0.2415,0.09073,0.0902,1845.15,2.735e-05,0.2818,0.1114,3.05e-06,0.05587,5.18e-06,75.18,0.8256,0.3784,2.74,0.1746,0.5905,1.2667,77.36,0.1887,0.0896,7.023,5.04e-06,67248.23,0.2414,0.09074,0.09016,1845.3,2.736e-05,0.2813,0.1112,3.041e-06,0.05588,5.182e-06,75.18,0.8255,0.3789,2.74,0.1746,0.5897,1.2668,77.31,0.1889,0.08957,7.023,5.035e-06,67252.7,0.2413,0.09071,0.0902,1845.21,2.74e-05,0.282,0.1114,3.041e-06,0.05587,5.176e-06,75.18,0.8256,0.3784,2.738,0.1746,0.5902,1.2671,77.3,0.1887,0.0893,7.02,5.03e-06,67209.67,0.2409,0.09067,0.0902,1844.26,2.73e-05,0.281,0.111,3.03e-06,0.05585,5.17e-06,75.14,0.8252,0.3781,2.739,0.174,0.5898,1.2661,77.307,0.18882,0.0881,7.025,4.982e-06,67247.58,0.2413,0.090726,0.08806,1845.29,2.733e-05,0.2806,0.1105,3.006e-06,0.05579,5.12e-06,75.16,0.82605,0.38343,2.7136,0.1718,0.5901,1.2667,77.2727,0.188852,0.0895,7.0245,5.0293e-06,67255.81,0.241,0.090901,0.0903,1845.51,2.743e-05,0.2808,0.1114,3.0452e-06,0.0557,5.18e-06,75.1753,0.8597,0.3773,2.7403,0.1745,0.59,1.26669,77.325,0.1889,0.0896,7.023,5.041e-06,67251.6,0.2416,0.09073,0.0901,1845.01,2.737e-05,0.2821,0.1114,3.042e-06,0.05588,5.175e-06,75.18,0.8254,0.3786,2.7395,0.1748,0.5896,1.26669,77.33,0.1888,0.08971,7.025,5.039e-06,67248.35,0.2415,0.09073,0.09018,1845.06,2.736e-05,0.2819,0.11141,3.041e-06,0.05585,5.176e-06,75.18,0.8261,0.3783,2.74,0.1743,0.5902,1.2663,77.24,0.1888,0.08956,7.024,5.034e-06,67251.7,0.2413,0.09072,0.09021,1845.25,2.734e-05,0.2821,0.11142,3.042e-06,0.05588,5.175e-06,75.18,0.8254,0.3785,2.738,0.1747,0.5903,1.2669
2026-06-15 15:55:00,77.27,0.1885,0.0893,7.016,5.02e-06,67200.0,0.2408,0.09061,0.0898,1843.19,2.731e-05,0.2814,0.1113,3.04e-06,0.05582,5.17e-06,75.08,0.8244,0.3792,2.737,0.1744,0.5866,1.2656,77.31,0.1885,0.0894,7.015,5.04e-06,67199.16,0.2414,0.09061,0.0897,1843.04,2.736e-05,0.2816,0.1113,3.037e-06,0.05581,5.169e-06,75.07,0.8241,0.3798,2.736,0.1746,0.5866,1.2653,77.25,0.1885,0.0894,7.017,5.024e-06,67205.9,0.2407,0.09061,0.08971,1843.46,2.737e-05,0.2814,0.1114,3.037e-06,0.05581,5.167e-06,75.08,0.8242,0.3791,2.735,0.1744,0.5868,1.2657,77.26,0.1884,0.0893,7.02,5.02e-06,67159.02,0.2409,0.09055,0.0898,1842.1,2.73e-05,0.281,0.111,3.04e-06,0.0558,5.17e-06,75.03,0.8241,0.3788,2.735,0.174,0.586,1.2649,77.257,0.18852,0.0881,7.016,4.982e-06,67199.83,0.2411,0.090584,0.08806,1843.24,2.733e-05,0.2806,0.1105,3.006e-06,0.05579,5.12e-06,75.08,0.82476,0.3792,2.7136,0.1718,0.587,1.2657,77.2727,0.188612,0.0891,7.0152,5.0293e-06,67206.95,0.2406,0.090901,0.08977,1843.38,2.743e-05,0.2804,0.1112,3.035757e-06,0.0557,5.16e-06,75.0419,0.8603,0.3778,2.7385,0.1743,0.586,1.2643,77.252,0.1886,0.0894,7.014,5.035e-06,67201.0,0.2416,0.0906,0.0898,1843.18,2.737e-05,0.2821,0.1114,3.037e-06,0.0558,5.168e-06,75.08,0.8242,0.3791,2.7366,0.1743,0.5868,1.2657,77.21,0.1886,0.08948,7.023,5.026e-06,67199.99,0.241,0.09062,0.08986,1843.1,2.733e-05,0.2813,0.11129,3.039e-06,0.05581,5.167e-06,75.08,0.8244,0.3796,2.738,0.1742,0.5878,1.2653,77.29,0.1886,0.08938,7.017,5.02e-06,67200.0,0.2406,0.09062,0.08975,1843.37,2.735e-05,0.2816,0.11132,3.036e-06,0.0558,5.169e-06,75.08,0.8243,0.3792,2.737,0.1746,0.5867,1.2656
2026-06-15 15:56:00,77.37,0.1885,0.0894,7.02,5.05e-06,67186.01,0.241,0.09062,0.0896,1843.42,2.733e-05,0.2813,0.1112,3.04e-06,0.05578,5.16e-06,75.13,0.824,0.3778,2.736,0.1745,0.5863,1.2691,77.41,0.1885,0.0893,7.019,5.043e-06,67188.74,0.2408,0.09062,0.08948,1843.48,2.73e-05,0.2814,0.111,3.039e-06,0.05577,5.172e-06,75.12,0.8239,0.3776,2.737,0.1743,0.5864,1.2691,77.39,0.1885,0.08937,7.019,5.051e-06,67190.8,0.241,0.09061,0.08954,1843.57,2.733e-05,0.2812,0.1111,3.038e-06,0.0558,5.169e-06,75.12,0.824,0.3779,2.736,0.1746,0.5865,1.2691,77.32,0.1883,0.0894,7.02,5.05e-06,67149.2,0.241,0.09056,0.0895,1842.5,2.73e-05,0.281,0.111,3.04e-06,0.05579,5.17e-06,75.08,0.8238,0.3771,2.735,0.174,0.5862,1.2683,77.257,0.18846,0.0881,7.017,4.982e-06,67192.33,0.2411,0.090612,0.08806,1843.74,2.733e-05,0.2806,0.1105,3.006e-06,0.05579,5.12e-06,75.12,0.82381,0.3792,2.7136,0.1718,0.5868,1.2689,77.2727,0.188507,0.0891,7.0224,5.0293e-06,67197.07,0.2403,0.090794,0.08963,1843.92,2.746e-05,0.2803,0.1111,3.035757e-06,0.0556,5.16e-06,74.8276,0.8603,0.3764,2.7384,0.1744,0.586,1.26735,77.357,0.1885,0.0894,7.021,5.052e-06,67193.6,0.2411,0.09057,0.0896,1843.32,2.732e-05,0.2812,0.1114,3.038e-06,0.05578,5.169e-06,75.13,0.8239,0.3788,2.7361,0.1744,0.5867,1.2687,77.36,0.1884,0.0893,7.016,5.054e-06,67185.76,0.2411,0.09061,0.08955,1843.2,2.73e-05,0.2812,0.11123,3.035e-06,0.05574,5.167e-06,75.13,0.8242,0.3777,2.736,0.1743,0.5875,1.2688,77.4,0.1885,0.08937,7.021,5.053e-06,67192.3,0.2406,0.09061,0.08955,1843.42,2.735e-05,0.2814,0.11115,3.037e-06,0.05578,5.17e-06,75.12,0.824,0.3776,2.735,0.1746,0.5865,1.2692
2026-06-15 16:02:00,77.55,0.188,0.0895,7.034,5.03e-06,67140.83,0.2401,0.09049,0.0894,1840.77,2.725e-05,0.2852,0.1109,3.03e-06,0.05585,5.17e-06,75.01,0.8217,0.3769,2.731,0.174,0.586,1.2612,77.53,0.1881,0.0893,7.033,5.034e-06,67142.67,0.2403,0.09047,0.08933,1840.88,2.734e-05,0.2851,0.1108,3.034e-06,0.05586,5.172e-06,75.02,0.8219,0.377,2.733,0.1741,0.5867,1.2613,77.52,0.1881,0.08938,7.032,5.03e-06,67146.2,0.2403,0.09047,0.08945,1841.02,2.728e-05,0.2851,0.1108,3.035e-06,0.05586,5.169e-06,75.03,0.8218,0.3771,2.732,0.174,0.5867,1.2612,77.51,0.1879,0.0894,7.03,5.03e-06,67105.75,0.2402,0.09041,0.0894,1839.91,2.73e-05,0.285,0.111,3.03e-06,0.05585,5.16e-06,74.98,0.8216,0.3767,2.732,0.174,0.5858,1.2607,77.407,0.18801,0.0894,7.034,4.982e-06,67146.34,0.2411,0.090472,0.08806,1840.89,2.729e-05,0.2844,0.1105,3.006e-06,0.05582,5.174e-06,75.02,0.82203,0.3792,2.7136,0.1718,0.5865,1.2611,77.536,0.188092,0.0892,7.0344,5.0408e-06,67160.75,0.2393,0.090497,0.08963,1840.89,2.747e-05,0.2841,0.1108,3.033333e-06,0.0557,5.17e-06,74.9,0.8635,0.3757,2.7333,0.174,0.585,1.26237,77.514,0.1881,0.0895,7.029,5.026e-06,67154.8,0.2404,0.09047,0.0894,1840.69,2.727e-05,0.2851,0.1108,3.034e-06,0.05585,5.172e-06,75.01,0.8217,0.3769,2.7323,0.1741,0.5863,1.26132,77.55,0.1881,0.08947,7.034,5.032e-06,67143.2,0.2402,0.09049,0.08958,1840.79,2.726e-05,0.2851,0.1108,3.036e-06,0.05591,5.17e-06,75.02,0.8218,0.3767,2.736,0.1739,0.587,1.2614,77.56,0.1881,0.08939,7.032,5.029e-06,67143.8,0.2404,0.09047,0.08939,1840.81,2.728e-05,0.2852,0.11084,3.034e-06,0.05585,5.171e-06,75.02,0.8218,0.3769,2.733,0.1741,0.586,1.2615
2026-06-15 16:03:00,77.62,0.188,0.0895,7.033,5.03e-06,67157.62,0.2404,0.09055,0.0891,1840.42,2.732e-05,0.2856,0.111,3.05e-06,0.05604,5.18e-06,75.04,0.8225,0.377,2.736,0.1743,0.5746,1.2612,77.68,0.188,0.0895,7.034,5.03e-06,67160.01,0.2403,0.09057,0.08912,1840.5,2.729e-05,0.2858,0.1111,3.04e-06,0.0559,5.176e-06,75.05,0.8226,0.377,2.734,0.1741,0.5746,1.2611,77.63,0.188,0.08954,7.033,5.033e-06,67162.5,0.2403,0.09056,0.08908,1840.64,2.73e-05,0.2853,0.111,3.041e-06,0.05602,5.183e-06,75.05,0.8225,0.377,2.734,0.1743,0.5746,1.2612,77.59,0.1879,0.0895,7.02,5.03e-06,67122.79,0.2402,0.09051,0.0891,1839.6,2.73e-05,0.285,0.111,3.04e-06,0.05603,5.18e-06,75.01,0.822,0.3767,2.733,0.174,0.574,1.2606,77.596,0.18801,0.0895,7.035,4.982e-06,67168.43,0.2411,0.090566,0.08806,1840.69,2.729e-05,0.2844,0.1111,3.006e-06,0.05582,5.174e-06,75.05,0.82203,0.3792,2.7136,0.1718,0.5749,1.2611,77.536,0.188103,0.0893,7.035,5.0408e-06,67177.31,0.2401,0.090588,0.08932,1841.15,2.743e-05,0.2844,0.111,3.03507e-06,0.0559,5.17e-06,74.9,0.8635,0.376,2.7353,0.1741,0.575,1.26106,77.653,0.188,0.0895,7.033,5.027e-06,67173.6,0.2404,0.09057,0.0892,1840.5,2.733e-05,0.2857,0.111,3.039e-06,0.05605,5.183e-06,75.06,0.8224,0.3769,2.7334,0.1744,0.5746,1.26109,77.68,0.188,0.08947,7.035,5.037e-06,67157.09,0.2404,0.09055,0.08958,1840.74,2.732e-05,0.2854,0.11109,3.04e-06,0.05603,5.182e-06,75.04,0.8228,0.3769,2.734,0.1741,0.5741,1.2613,77.65,0.188,0.08953,7.034,5.034e-06,67160.3,0.2404,0.09055,0.08912,1840.53,2.731e-05,0.2857,0.11101,3.041e-06,0.05601,5.183e-06,75.04,0.8223,0.377,2.735,0.1743,0.5747,1.2613
2026-06-15 16:04:00,77.58,0.1883,0.0896,7.034,5.04e-06,67156.41,0.2409,0.0905,0.0895,1841.2,2.734e-05,0.2859,0.1111,3.05e-06,0.05603,5.19e-06,75.04,0.8229,0.378,2.737,0.1744,0.5774,1.2602,77.65,0.1882,0.0897,7.037,5.03e-06,67157.92,0.2408,0.09058,0.08934,1841.39,2.729e-05,0.2858,0.1111,3.044e-06,0.05596,5.183e-06,75.04,0.8227,0.3772,2.734,0.1741,0.5773,1.2603,77.57,0.188,0.08965,7.034,5.034e-06,67158.8,0.2404,0.09051,0.08934,1841.48,2.73e-05,0.2861,0.1111,3.043e-06,0.05605,5.183e-06,75.05,0.8228,0.378,2.735,0.1744,0.5773,1.2602,77.54,0.1881,0.0896,7.03,5.04e-06,67119.38,0.241,0.09046,0.0893,1840.37,2.73e-05,0.285,0.111,3.04e-06,0.05602,5.18e-06,74.98,0.8226,0.3778,2.737,0.174,0.5771,1.2598,77.662,0.18826,0.0896,7.035,4.982e-06,67158.15,0.2411,0.09051,0.08806,1841.3,2.729e-05,0.2844,0.1111,3.041e-06,0.05582,5.174e-06,75.04,0.82327,0.3792,2.7136,0.1718,0.5765,1.2604,77.536,0.18822,0.0894,7.035,5.0205e-06,67174.87,0.2396,0.090597,0.08943,1841.59,2.743e-05,0.2847,0.111,3.035866e-06,0.0559,5.18e-06,74.9,0.8644,0.377,2.7383,0.1743,0.576,1.25928,77.607,0.1882,0.0895,7.035,5.033e-06,67163.3,0.2404,0.09051,0.0893,1841.15,2.733e-05,0.2857,0.1111,3.044e-06,0.05604,5.182e-06,75.03,0.823,0.3778,2.7361,0.1745,0.5774,1.2601,77.63,0.1882,0.08965,7.035,5.035e-06,67160.0,0.2409,0.09052,0.0893,1841.36,2.734e-05,0.2862,0.11102,3.039e-06,0.05609,5.179e-06,75.03,0.8229,0.378,2.734,0.1743,0.5774,1.2601,77.62,0.1882,0.08964,7.036,5.035e-06,67160.8,0.2404,0.09048,0.0894,1841.43,2.733e-05,0.2861,0.11108,3.042e-06,0.05606,5.185e-06,75.04,0.823,0.3779,2.737,0.1744,0.5775,1.2604
2026-06-15 16:05:00,77.66,0.1882,0.0897,7.041,5.04e-06,67168.86,0.2413,0.09045,0.0893,1841.9,2.736e-05,0.2859,0.1111,3.05e-06,0.05607,5.18e-06,75.09,0.8229,0.3777,2.74,0.1746,0.5764,1.2583,77.73,0.1883,0.0897,7.041,5.03e-06,67169.53,0.2408,0.09044,0.08925,1842.1,2.729e-05,0.2855,0.1111,3.052e-06,0.05604,5.19e-06,75.09,0.8228,0.3776,2.734,0.1745,0.5763,1.2583,77.62,0.1883,0.0898,7.036,5.043e-06,67170.0,0.241,0.09043,0.08932,1842.22,2.73e-05,0.2856,0.1111,3.052e-06,0.05607,5.188e-06,75.1,0.8229,0.3773,2.739,0.1747,0.5764,1.2584,77.58,0.1882,0.0897,7.03,5.04e-06,67131.74,0.2411,0.09039,0.0893,1841.14,2.73e-05,0.285,0.111,3.05e-06,0.05604,5.18e-06,75.05,0.8228,0.3775,2.739,0.174,0.5762,1.2579,77.678,0.1884,0.0898,7.041,4.982e-06,67172.61,0.2411,0.090459,0.08806,1842.21,2.729e-05,0.2844,0.1111,3.049e-06,0.056,5.174e-06,75.09,0.82327,0.3792,2.7407,0.1718,0.5774,1.2585,77.6115,0.18816,0.0894,7.0351,5.0205e-06,67184.56,0.2404,0.090597,0.08933,1841.98,2.764e-05,0.2846,0.1111,3.046308e-06,0.0559,5.18e-06,75.0268,0.8635,0.3767,2.7383,0.1747,0.575,1.25899,77.634,0.1883,0.0898,7.038,5.043e-06,67174.8,0.241,0.09044,0.0893,1841.89,2.735e-05,0.2859,0.1111,3.052e-06,0.05605,5.188e-06,75.09,0.8222,0.377,2.7401,0.1747,0.5768,1.25832,77.64,0.1883,0.08975,7.039,5.042e-06,67169.56,0.2412,0.09044,0.08933,1842.09,2.735e-05,0.2858,0.1111,3.05e-06,0.05606,5.187e-06,75.09,0.8229,0.3777,2.738,0.1745,0.578,1.2585,77.66,0.1883,0.08976,7.04,5.042e-06,67167.0,0.2411,0.09045,0.08933,1841.95,2.733e-05,0.2858,0.11113,3.051e-06,0.05605,5.189e-06,75.08,0.8228,0.3775,2.738,0.1744,0.5765,1.2584
2026-06-15 16:06:00,77.26,0.1882,0.0896,7.037,5.04e-06,67171.66,0.2411,0.09049,0.0897,1842.03,2.737e-05,0.2856,0.1113,3.05e-06,0.05608,5.19e-06,75.14,0.8234,0.3779,2.74,0.1745,0.5782,1.2594,77.26,0.1883,0.0897,7.036,5.03e-06,67175.0,0.2413,0.0905,0.08948,1842.02,2.729e-05,0.2855,0.1112,3.052e-06,0.05606,5.187e-06,75.14,0.8233,0.3772,2.736,0.1745,0.5783,1.2598,77.27,0.1882,0.08966,7.036,5.044e-06,67176.1,0.2411,0.09048,0.08958,1842.13,2.73e-05,0.2855,0.1112,3.051e-06,0.05605,5.187e-06,75.14,0.8231,0.3778,2.738,0.1744,0.5783,1.2597,77.24,0.1881,0.0897,7.03,5.04e-06,67138.85,0.2409,0.09042,0.0895,1841.1,2.73e-05,0.285,0.111,3.04e-06,0.05606,5.18e-06,75.09,0.8232,0.3776,2.736,0.174,0.5782,1.2591,77.335,0.18824,0.0897,7.036,4.982e-06,67185.49,0.2411,0.090433,0.08806,1842.06,2.729e-05,0.2844,0.1111,3.049e-06,0.056,5.174e-06,75.14,0.82327,0.3792,2.7407,0.1718,0.5786,1.2597,77.6115,0.188,0.0894,7.0335,5.0205e-06,67188.1,0.2415,0.090597,0.08945,1842.0,2.764e-05,0.2843,0.1113,3.047703e-06,0.0559,5.18e-06,75.0345,0.8635,0.3768,2.7403,0.1744,0.577,1.25899,77.265,0.1882,0.0897,7.036,5.042e-06,67182.8,0.2411,0.0904,0.0896,1841.9,2.739e-05,0.2855,0.1111,3.051e-06,0.05607,5.188e-06,75.13,0.8232,0.3777,2.7391,0.1747,0.5788,1.25967,77.47,0.1882,0.08969,7.036,5.045e-06,67174.93,0.2411,0.09049,0.08939,1842.19,2.735e-05,0.2856,0.11113,3.048e-06,0.05607,5.185e-06,75.14,0.8231,0.3777,2.736,0.1744,0.5788,1.2596,77.28,0.1882,0.08969,7.036,5.044e-06,67174.8,0.2411,0.09049,0.08961,1841.99,2.733e-05,0.2858,0.11124,3.05e-06,0.05608,5.186e-06,75.13,0.8233,0.3774,2.736,0.1743,0.5783,1.2598
2026-06-15 16:26:00,76.67,0.1893,0.0897,7.067,5.07e-06,67208.73,0.2412,0.09053,0.0895,1841.63,2.737e-05,0.285,0.1112,3.05e-06,0.05604,5.19e-06,75.85,0.8251,0.3763,2.74,0.1744,0.574,1.2886,76.7,0.1893,0.0895,7.069,5.071e-06,67207.98,0.2408,0.09054,0.08951,1841.64,2.727e-05,0.2846,0.1112,3.054e-06,0.05598,5.181e-06,75.84,0.8251,0.3763,2.735,0.1735,0.5741,1.2886,76.67,0.1893,0.08973,7.068,5.075e-06,67211.0,0.2411,0.09055,0.08945,1841.84,2.735e-05,0.285,0.1112,3.052e-06,0.05595,5.181e-06,75.84,0.8249,0.3762,2.739,0.1745,0.5738,1.2885,76.56,0.1892,0.0896,7.06,5.07e-06,67172.84,0.2409,0.09051,0.0894,1840.81,2.74e-05,0.285,0.111,3.05e-06,0.05606,5.18e-06,75.8,0.8246,0.376,2.737,0.174,0.5736,1.288,76.285,0.18929,0.0896,7.067,4.982e-06,67214.42,0.2411,0.090554,0.0891,1841.81,2.729e-05,0.2847,0.1112,3.042e-06,0.0559,5.174e-06,75.85,0.82498,0.37475,2.7407,0.1744,0.5741,1.2884,76.445,0.189108,0.0897,7.0676,5.0612e-06,67211.13,0.2403,0.090527,0.08949,1841.39,2.805e-05,0.2835,0.1111,3.048148e-06,0.0559,5.18e-06,75.6813,0.8763,0.3752,2.7409,0.1743,0.574,1.28689,76.689,0.1893,0.0897,7.066,5.072e-06,67223.6,0.2411,0.09055,0.0895,1841.66,2.73e-05,0.2849,0.1111,3.054e-06,0.05606,5.181e-06,75.83,0.8249,0.3764,2.7396,0.1745,0.5743,1.28846,76.63,0.1892,0.08968,7.067,5.071e-06,67209.27,0.2412,0.09053,0.08935,1841.57,2.735e-05,0.2852,0.1112,3.05e-06,0.05604,5.188e-06,75.82,0.8247,0.3763,2.741,0.1742,0.5739,1.2883,76.66,0.1893,0.08959,7.067,5.074e-06,67209.1,0.2411,0.09053,0.08948,1841.76,2.736e-05,0.285,0.11117,3.052e-06,0.05605,5.186e-06,75.84,0.825,0.3765,2.739,0.1743,0.5741,1.2884
2026-06-15 16:27:00,76.56,0.1891,0.0897,7.066,5.06e-06,67162.0,0.2407,0.09049,0.0896,1839.77,2.734e-05,0.2849,0.111,3.05e-06,0.05605,5.19e-06,75.69,0.824,0.3762,2.741,0.1743,0.5729,1.2875,76.7,0.1891,0.0895,7.061,5.067e-06,67162.7,0.2404,0.09048,0.08959,1839.72,2.727e-05,0.2846,0.111,3.052e-06,0.05607,5.185e-06,75.7,0.8241,0.3763,2.741,0.1735,0.5729,1.2876,76.54,0.1891,0.08974,7.065,5.061e-06,67163.2,0.2406,0.09047,0.08961,1840.01,2.739e-05,0.2848,0.111,3.049e-06,0.05606,5.185e-06,75.69,0.8241,0.3762,2.74,0.1744,0.5727,1.2876,76.52,0.189,0.0896,7.06,5.07e-06,67125.39,0.2405,0.09043,0.0895,1838.97,2.74e-05,0.285,0.111,3.05e-06,0.05609,5.18e-06,75.65,0.8238,0.3765,2.742,0.174,0.5721,1.2867,76.517,0.1891,0.0896,7.065,4.982e-06,67158.01,0.2411,0.090464,0.0891,1839.74,2.729e-05,0.2847,0.1112,3.042e-06,0.0559,5.174e-06,75.7,0.82476,0.37475,2.7407,0.1744,0.5741,1.2874,76.445,0.188927,0.0893,7.0641,5.0792e-06,67170.19,0.2404,0.090477,0.08966,1839.41,2.805e-05,0.2835,0.1109,3.048148e-06,0.0559,5.18e-06,75.4788,0.8811,0.3751,2.7409,0.1742,0.571,1.28376,76.565,0.1891,0.0896,7.065,5.062e-06,67174.0,0.2405,0.09048,0.0896,1839.81,2.73e-05,0.2849,0.1111,3.049e-06,0.05607,5.185e-06,75.69,0.8238,0.3763,2.7406,0.1744,0.5728,1.28756,76.54,0.1892,0.08968,7.063,5.062e-06,67165.99,0.2407,0.0905,0.08956,1839.92,2.736e-05,0.2848,0.11109,3.049e-06,0.05602,5.186e-06,75.68,0.824,0.3762,2.74,0.1741,0.5726,1.2874,76.57,0.1892,0.08959,7.065,5.063e-06,67163.6,0.2406,0.09049,0.08962,1839.88,2.736e-05,0.285,0.11097,3.052e-06,0.05606,5.184e-06,75.68,0.824,0.3761,2.74,0.1743,0.5732,1.2876
2026-06-15 16:28:00,76.45,0.1889,0.0897,7.062,5.06e-06,67166.01,0.2405,0.09044,0.0897,1840.84,2.735e-05,0.2849,0.111,3.05e-06,0.05606,5.18e-06,75.67,0.8248,0.3763,2.742,0.1743,0.5741,1.2849,76.49,0.1889,0.0895,7.063,5.065e-06,67165.19,0.2404,0.09044,0.0897,1840.64,2.727e-05,0.2846,0.111,3.048e-06,0.05607,5.187e-06,75.68,0.8247,0.3765,2.741,0.1743,0.5739,1.2846,76.44,0.1889,0.08971,7.062,5.069e-06,67167.4,0.2406,0.09043,0.08965,1841.0,2.738e-05,0.2849,0.111,3.052e-06,0.0561,5.186e-06,75.67,0.8247,0.3763,2.741,0.1743,0.5738,1.2849,76.42,0.1888,0.0896,7.06,5.06e-06,67130.0,0.2405,0.09039,0.0896,1839.92,2.74e-05,0.285,0.111,3.05e-06,0.05607,5.18e-06,75.63,0.8245,0.3761,2.741,0.174,0.5734,1.2842,76.517,0.18895,0.0896,7.069,4.982e-06,67167.88,0.2411,0.090438,0.0891,1840.75,2.729e-05,0.2847,0.1112,3.042e-06,0.0559,5.174e-06,75.67,0.82466,0.37475,2.7407,0.1744,0.5732,1.285,76.445,0.188819,0.0893,7.062,5.0753e-06,67181.65,0.24,0.090477,0.08959,1840.53,2.807e-05,0.2835,0.111,3.048148e-06,0.0559,5.19e-06,75.4788,0.8699,0.3752,2.7428,0.1742,0.573,1.28762,76.442,0.1889,0.0897,7.062,5.058e-06,67179.9,0.2404,0.09047,0.0897,1840.59,2.73e-05,0.2849,0.1111,3.048e-06,0.05606,5.186e-06,75.67,0.8245,0.3769,2.7425,0.1744,0.5738,1.28469,76.45,0.189,0.08966,7.063,5.057e-06,67167.88,0.2405,0.09044,0.0896,1840.8,2.738e-05,0.285,0.11102,3.05e-06,0.05607,5.187e-06,75.66,0.8249,0.3762,2.742,0.174,0.5741,1.2847,76.46,0.1889,0.08959,7.062,5.063e-06,67169.5,0.2405,0.09042,0.08966,1840.85,2.736e-05,0.2852,0.11108,3.048e-06,0.05607,5.187e-06,75.66,0.8247,0.3762,2.742,0.1743,0.5741,1.2847
2026-06-15 16:29:00,76.63,0.1891,0.0897,7.068,5.06e-06,67185.99,0.2404,0.09049,0.0897,1842.25,2.735e-05,0.2854,0.1111,3.06e-06,0.05606,5.19e-06,75.77,0.8254,0.3762,2.744,0.1746,0.5742,1.2889,76.45,0.1891,0.0895,7.064,5.065e-06,67184.99,0.2402,0.09048,0.08958,1842.09,2.727e-05,0.2846,0.111,3.052e-06,0.05606,5.187e-06,75.77,0.8254,0.3765,2.744,0.1745,0.5741,1.2891,76.64,0.1891,0.08974,7.066,5.066e-06,67190.5,0.2405,0.09045,0.08967,1842.34,2.737e-05,0.2851,0.1111,3.052e-06,0.05605,5.186e-06,75.77,0.8253,0.376,2.742,0.1745,0.5741,1.2889,76.58,0.189,0.0897,7.06,5.06e-06,67154.03,0.2402,0.09042,0.0896,1841.37,2.74e-05,0.285,0.111,3.05e-06,0.05608,5.18e-06,75.72,0.8251,0.3759,2.743,0.174,0.5736,1.2884,76.55,0.18918,0.0897,7.069,4.982e-06,67189.92,0.2411,0.090457,0.0891,1842.32,2.729e-05,0.2847,0.1112,3.042e-06,0.0559,5.174e-06,75.75,0.82466,0.37475,2.7407,0.1744,0.5742,1.289,76.445,0.189003,0.0893,7.0635,5.0753e-06,67205.66,0.24,0.090477,0.08971,1841.71,2.808e-05,0.2842,0.1111,3.048148e-06,0.0559,5.19e-06,75.5593,0.8699,0.3751,2.743,0.1745,0.573,1.28734,76.642,0.1891,0.0898,7.062,5.06e-06,67200.8,0.2404,0.09048,0.0897,1841.93,2.73e-05,0.2849,0.1111,3.052e-06,0.05603,5.186e-06,75.76,0.8251,0.3759,2.7438,0.1746,0.574,1.28858,76.49,0.189,0.08968,7.065,5.068e-06,67188.96,0.2404,0.09043,0.0896,1842.02,2.736e-05,0.2851,0.11108,3.05e-06,0.05613,5.192e-06,75.76,0.8254,0.3761,2.743,0.1744,0.5741,1.2888,76.6,0.1891,0.08967,7.067,5.066e-06,67190.8,0.2406,0.09047,0.08972,1842.17,2.735e-05,0.2852,0.11114,3.051e-06,0.05604,5.187e-06,75.77,0.8253,0.3761,2.743,0.1744,0.5744,1.2889
2026-06-15 16:30:00,76.58,0.1893,0.0898,7.072,5.06e-06,67234.0,0.2405,0.09057,0.0897,1843.35,2.737e-05,0.2852,0.111,3.05e-06,0.05608,5.19e-06,75.86,0.8253,0.376,2.745,0.1746,0.571,1.2901,76.55,0.1893,0.0895,7.072,5.065e-06,67235.37,0.2403,0.09057,0.08961,1843.41,2.727e-05,0.2846,0.1111,3.055e-06,0.0561,5.192e-06,75.87,0.8252,0.3765,2.742,0.1745,0.5707,1.2901,76.59,0.1893,0.0898,7.069,5.063e-06,67245.1,0.2404,0.09053,0.08965,1843.52,2.739e-05,0.2851,0.1111,3.055e-06,0.0561,5.192e-06,75.87,0.8252,0.3761,2.743,0.1746,0.5709,1.2901,76.58,0.1892,0.0898,7.07,5.06e-06,67206.04,0.2406,0.0905,0.0896,1842.5,2.74e-05,0.285,0.111,3.06e-06,0.05612,5.18e-06,75.82,0.8251,0.3762,2.744,0.174,0.5696,1.2894,76.55,0.18935,0.0898,7.073,4.982e-06,67247.44,0.2404,0.090582,0.0891,1843.44,2.729e-05,0.2847,0.1112,3.042e-06,0.0559,5.174e-06,75.88,0.82496,0.37475,2.7407,0.1744,0.5711,1.2904,76.445,0.188892,0.0895,7.0694,5.0753e-06,67250.0,0.2399,0.090477,0.08959,1842.82,2.81e-05,0.2857,0.111,3.05297e-06,0.0559,5.19e-06,75.7704,0.8757,0.375,2.743,0.1744,0.57,1.28877,76.559,0.1894,0.0898,7.073,5.063e-06,67245.6,0.2404,0.09055,0.0896,1843.3,2.735e-05,0.2852,0.1111,3.055e-06,0.05611,5.191e-06,75.88,0.8253,0.3759,2.7441,0.1746,0.571,1.29006,76.5,0.1893,0.0898,7.072,5.068e-06,67238.67,0.2405,0.09056,0.08964,1843.34,2.737e-05,0.2854,0.11108,3.053e-06,0.05613,5.192e-06,75.85,0.825,0.3759,2.743,0.1744,0.5718,1.2897,76.56,0.1893,0.08967,7.072,5.064e-06,67240.3,0.2404,0.09056,0.08968,1843.47,2.737e-05,0.2856,0.11106,3.056e-06,0.05609,5.191e-06,75.87,0.8253,0.376,2.742,0.1746,0.5712,1.2901
2026-06-15 16:31:00,76.71,0.1895,0.0899,7.07,5.07e-06,67239.4,0.2406,0.09058,0.0896,1843.93,2.739e-05,0.2851,0.111,3.07e-06,0.05613,5.18e-06,75.96,0.8263,0.3762,2.744,0.1747,0.5725,1.2922,76.65,0.1894,0.0897,7.07,5.066e-06,67235.04,0.2403,0.09058,0.08956,1843.85,2.727e-05,0.2846,0.1111,3.061e-06,0.05611,5.191e-06,75.95,0.8264,0.3765,2.742,0.1745,0.572,1.2922,76.7,0.1894,0.08982,7.069,5.071e-06,67240.6,0.2406,0.09052,0.08961,1844.06,2.741e-05,0.285,0.1112,3.061e-06,0.05613,5.19e-06,75.94,0.8261,0.3763,2.743,0.1747,0.5723,1.2921,76.64,0.1895,0.0898,7.07,5.07e-06,67201.13,0.2406,0.09055,0.0897,1843.0,2.75e-05,0.285,0.111,3.06e-06,0.05617,5.18e-06,75.92,0.8261,0.3762,2.744,0.174,0.572,1.2915,76.587,0.18946,0.0898,7.073,4.982e-06,67244.29,0.2404,0.090575,0.0891,1844.1,2.729e-05,0.2847,0.1112,3.042e-06,0.0559,5.174e-06,75.95,0.82625,0.37475,2.7407,0.1744,0.5717,1.2922,76.445,0.189233,0.0895,7.0699,5.0756e-06,67255.35,0.2403,0.090623,0.08954,1843.72,2.814e-05,0.2857,0.111,3.058305e-06,0.0559,5.19e-06,75.8557,0.8757,0.375,2.743,0.1746,0.571,1.29057,76.7,0.1894,0.0898,7.072,5.072e-06,67247.6,0.2404,0.09055,0.0896,1843.52,2.74e-05,0.2852,0.1111,3.061e-06,0.05615,5.19e-06,75.96,0.8261,0.3759,2.744,0.1747,0.5719,1.29213,76.62,0.1895,0.08982,7.07,5.073e-06,67235.0,0.2406,0.09057,0.08952,1843.74,2.738e-05,0.2852,0.11106,3.058e-06,0.0561,5.191e-06,75.93,0.8262,0.3762,2.745,0.1745,0.573,1.2921,76.7,0.1895,0.0898,7.07,5.071e-06,67238.5,0.2405,0.09057,0.08963,1844.16,2.738e-05,0.2851,0.11108,3.061e-06,0.05611,5.19e-06,75.95,0.8263,0.3761,2.744,0.1747,0.5728,1.2922
2026-06-15 16:45:00,76.61,0.1888,0.0895,7.053,5.09e-06,67172.4,0.2395,0.0905,0.0897,1844.37,2.754e-05,0.2843,0.1107,3.07e-06,0.056,5.18e-06,75.93,0.8231,0.3751,2.738,0.1752,0.5709,1.2838,76.64,0.1888,0.0894,7.053,5.083e-06,67170.0,0.2391,0.09055,0.0898,1844.44,2.751e-05,0.2837,0.1107,3.066e-06,0.05601,5.187e-06,75.94,0.8228,0.3754,2.739,0.1753,0.571,1.284,76.62,0.1888,0.08949,7.052,5.085e-06,67175.0,0.2395,0.09051,0.08979,1844.44,2.753e-05,0.2842,0.1108,3.066e-06,0.05602,5.188e-06,75.93,0.8228,0.3751,2.737,0.1753,0.5711,1.2837,76.56,0.1887,0.0894,7.05,5.07e-06,67134.02,0.2393,0.09045,0.0897,1843.48,2.75e-05,0.284,0.111,3.07e-06,0.05603,5.18e-06,75.89,0.8227,0.3749,2.734,0.175,0.5706,1.2832,76.427,0.18877,0.0895,7.055,4.982e-06,67172.91,0.239,0.090486,0.0891,1844.41,2.729e-05,0.2839,0.1112,3.058e-06,0.0559,5.174e-06,75.93,0.82222,0.37475,2.7374,0.1744,0.5706,1.2837,76.605,0.188909,0.0892,7.0545,5.0754e-06,67167.83,0.2386,0.090736,0.08949,1843.99,2.856e-05,0.2833,0.1108,3.06474e-06,0.0558,5.18e-06,75.7584,0.8923,0.3743,2.7396,0.1749,0.57,1.28487,76.629,0.1888,0.0895,7.051,5.085e-06,67182.0,0.2392,0.09055,0.0898,1844.44,2.751e-05,0.2839,0.1108,3.066e-06,0.05601,5.188e-06,75.94,0.8234,0.3754,2.7376,0.1753,0.5709,1.28423,76.72,0.1887,0.08946,7.058,5.084e-06,67180.0,0.2394,0.0905,0.08978,1844.47,2.756e-05,0.2841,0.11073,3.07e-06,0.05593,5.189e-06,75.93,0.8234,0.3749,2.738,0.175,0.5712,1.2838,76.61,0.1888,0.08954,7.054,5.085e-06,67170.5,0.2394,0.09049,0.0898,1844.52,2.757e-05,0.2843,0.11078,3.067e-06,0.056,5.189e-06,75.94,0.8229,0.375,2.737,0.1753,0.5708,1.2837
2026-06-15 16:46:00,76.49,0.1885,0.0893,7.046,5.07e-06,67147.07,0.239,0.09038,0.0898,1842.01,2.748e-05,0.2839,0.1106,3.07e-06,0.05594,5.17e-06,75.73,0.8209,0.3746,2.732,0.175,0.5702,1.281,76.48,0.1886,0.0894,7.046,5.069e-06,67147.22,0.2391,0.09039,0.08972,1841.97,2.744e-05,0.2837,0.1107,3.062e-06,0.05601,5.185e-06,75.75,0.8211,0.3747,2.736,0.1753,0.5706,1.2811,76.49,0.1886,0.08936,7.045,5.064e-06,67146.2,0.2392,0.09038,0.08974,1841.99,2.751e-05,0.2841,0.1106,3.062e-06,0.05594,5.178e-06,75.74,0.821,0.3745,2.731,0.175,0.5707,1.2814,76.48,0.1884,0.0893,7.05,5.07e-06,67102.1,0.2388,0.09033,0.0896,1840.9,2.75e-05,0.283,0.111,3.06e-06,0.05588,5.18e-06,75.7,0.8209,0.3744,2.727,0.175,0.57,1.2804,76.427,0.18853,0.0894,7.046,4.982e-06,67146.72,0.239,0.090405,0.0891,1841.8,2.729e-05,0.2839,0.1112,3.062e-06,0.0559,5.174e-06,75.74,0.82125,0.37475,2.7374,0.1744,0.5707,1.2812,76.605,0.188289,0.0891,7.0465,5.0754e-06,67144.05,0.2388,0.09075,0.08968,1841.82,2.853e-05,0.283,0.1106,3.06474e-06,0.0558,5.17e-06,75.7187,0.8843,0.3736,2.7316,0.1749,0.571,1.28487,76.497,0.1885,0.0894,7.044,5.069e-06,67156.1,0.2392,0.09039,0.0898,1841.87,2.751e-05,0.2839,0.1107,3.064e-06,0.05595,5.178e-06,75.74,0.8212,0.3754,2.7312,0.1752,0.57,1.28144,76.61,0.1885,0.08946,7.044,5.072e-06,67147.83,0.2393,0.09038,0.08979,1842.14,2.747e-05,0.284,0.11059,3.07e-06,0.05594,5.18e-06,75.74,0.8216,0.3747,2.732,0.1747,0.5704,1.281,76.5,0.1885,0.08936,7.046,5.068e-06,67145.5,0.2393,0.0904,0.08982,1841.91,2.748e-05,0.2839,0.11065,3.062e-06,0.05598,5.179e-06,75.75,0.8212,0.3745,2.731,0.1751,0.5704,1.281
2026-06-15 16:47:00,76.3,0.1885,0.0893,7.041,5.06e-06,67127.35,0.2389,0.09032,0.0895,1841.04,2.745e-05,0.2839,0.1106,3.06e-06,0.05583,5.18e-06,75.65,0.8202,0.3735,2.729,0.1747,0.5696,1.2837,76.39,0.1885,0.0893,7.041,5.069e-06,67123.17,0.2391,0.09033,0.08944,1841.06,2.744e-05,0.2837,0.1105,3.056e-06,0.05586,5.175e-06,75.65,0.8203,0.3733,2.736,0.1753,0.5694,1.2833,76.32,0.1884,0.08928,7.042,5.063e-06,67131.9,0.2392,0.09031,0.08952,1841.18,2.751e-05,0.2841,0.1106,3.056e-06,0.05585,5.174e-06,75.65,0.8204,0.3736,2.728,0.1747,0.5697,1.2836,76.26,0.1884,0.0893,7.04,5.06e-06,67090.58,0.2388,0.09028,0.0895,1840.01,2.75e-05,0.283,0.111,3.05e-06,0.05586,5.18e-06,75.61,0.8203,0.3733,2.728,0.175,0.5692,1.2831,76.427,0.18846,0.0893,7.041,4.982e-06,67131.31,0.239,0.090384,0.0891,1841.03,2.729e-05,0.2839,0.1112,3.062e-06,0.0559,5.174e-06,75.67,0.82125,0.37475,2.7374,0.1744,0.5707,1.2835,76.605,0.188374,0.0889,7.0424,5.0408e-06,67126.36,0.2386,0.09075,0.08938,1841.3,2.852e-05,0.283,0.1105,3.06474e-06,0.0557,5.16e-06,75.632,0.8861,0.3725,2.7296,0.1747,0.57,1.284,76.31,0.1885,0.0893,7.04,5.065e-06,67134.9,0.2392,0.09036,0.0895,1841.09,2.751e-05,0.284,0.1107,3.059e-06,0.05584,5.174e-06,75.65,0.8203,0.3733,2.7291,0.1752,0.5693,1.28367,76.31,0.1885,0.08935,7.041,5.066e-06,67128.02,0.239,0.09033,0.0896,1841.05,2.747e-05,0.284,0.11062,3.061e-06,0.05587,5.179e-06,75.65,0.8203,0.3733,2.73,0.1745,0.5699,1.2837,76.32,0.1885,0.08932,7.045,5.064e-06,67128.1,0.2391,0.09031,0.0895,1841.26,2.747e-05,0.2839,0.11052,3.056e-06,0.05584,5.176e-06,75.65,0.8202,0.3734,2.729,0.1748,0.5694,1.2836
2026-06-15 16:48:00,76.36,0.1883,0.0893,7.041,5.06e-06,67124.27,0.2386,0.09032,0.0896,1841.7,2.744e-05,0.2837,0.1106,3.05e-06,0.05583,5.17e-06,75.65,0.8209,0.374,2.726,0.1746,0.5706,1.283,76.31,0.1883,0.0893,7.041,5.065e-06,67124.99,0.2387,0.09035,0.08955,1841.85,2.744e-05,0.2837,0.1105,3.057e-06,0.05586,5.17e-06,75.66,0.8209,0.3733,2.727,0.1747,0.5703,1.2829,76.37,0.1883,0.08935,7.041,5.069e-06,67129.7,0.2389,0.09034,0.08955,1841.76,2.743e-05,0.2835,0.1106,3.055e-06,0.05585,5.174e-06,75.64,0.8211,0.374,2.727,0.1746,0.5709,1.2827,76.24,0.188,0.0893,7.04,5.06e-06,67088.54,0.2385,0.09026,0.0894,1840.66,2.74e-05,0.283,0.111,3.05e-06,0.05586,5.17e-06,75.61,0.8208,0.3736,2.724,0.175,0.57,1.2819,76.427,0.18831,0.0893,7.041,4.982e-06,67135.51,0.2389,0.09033,0.0891,1841.71,2.729e-05,0.2839,0.1112,3.062e-06,0.0559,5.174e-06,75.64,0.82125,0.37475,2.7374,0.1744,0.5695,1.2826,76.4161,0.18817,0.089,7.0388,5.0612e-06,67117.16,0.2381,0.09075,0.08948,1841.8,2.853e-05,0.2827,0.1106,3.057413e-06,0.0557,5.16e-06,75.5,0.8866,0.3731,2.7267,0.1746,0.57,1.284,76.378,0.1883,0.0894,7.038,5.069e-06,67136.5,0.2387,0.09034,0.0896,1841.56,2.751e-05,0.284,0.1107,3.055e-06,0.05583,5.17e-06,75.66,0.8211,0.3733,2.7275,0.1747,0.5705,1.28302,76.35,0.1882,0.08935,7.043,5.062e-06,67123.84,0.2386,0.09032,0.08955,1841.65,2.742e-05,0.2836,0.11053,3.055e-06,0.05585,5.172e-06,75.64,0.8209,0.374,2.728,0.1744,0.5692,1.2829,76.36,0.1883,0.08934,7.042,5.07e-06,67131.0,0.2388,0.09034,0.0896,1841.78,2.744e-05,0.2835,0.11057,3.057e-06,0.05584,5.172e-06,75.64,0.821,0.374,2.727,0.1747,0.5707,1.2829
2026-06-15 16:49:00,76.29,0.188,0.0893,7.034,5.05e-06,67099.99,0.2386,0.09022,0.0893,1840.73,2.741e-05,0.2832,0.1106,3.06e-06,0.05585,5.15e-06,75.63,0.8195,0.3734,2.727,0.1743,0.5699,1.2818,76.29,0.1881,0.0893,7.034,5.065e-06,67099.99,0.2386,0.09022,0.08927,1840.91,2.741e-05,0.2834,0.1105,3.055e-06,0.05585,5.159e-06,75.62,0.8196,0.3733,2.728,0.1743,0.5701,1.2817,76.3,0.1882,0.0893,7.034,5.064e-06,67107.5,0.2389,0.09018,0.08925,1840.91,2.743e-05,0.2832,0.1106,3.053e-06,0.05585,5.156e-06,75.62,0.8197,0.3735,2.725,0.1747,0.5704,1.2823,76.24,0.1879,0.0893,7.03,5.05e-06,67068.54,0.2392,0.09014,0.0891,1839.73,2.73e-05,0.283,0.111,3.05e-06,0.05582,5.16e-06,75.59,0.8194,0.3734,2.725,0.175,0.5698,1.2812,76.427,0.18814,0.0893,7.036,4.982e-06,67106.28,0.2389,0.090194,0.0891,1840.75,2.729e-05,0.2839,0.1112,3.062e-06,0.0559,5.174e-06,75.63,0.81964,0.37475,2.7374,0.1746,0.5701,1.2818,76.4161,0.187977,0.089,7.0322,5.0337e-06,67094.71,0.238,0.09075,0.08928,1840.58,2.852e-05,0.2823,0.1105,3.057413e-06,0.0557,5.15e-06,75.5827,0.8843,0.3726,2.7267,0.1742,0.569,1.28214,76.269,0.1881,0.0894,7.033,5.058e-06,67113.2,0.2388,0.09025,0.0893,1840.72,2.743e-05,0.284,0.1106,3.053e-06,0.05586,5.159e-06,75.63,0.8195,0.3733,2.7259,0.1746,0.5698,1.28235,76.35,0.1881,0.08928,7.034,5.058e-06,67100.45,0.2388,0.09023,0.08951,1840.72,2.742e-05,0.2832,0.11055,3.055e-06,0.05587,5.161e-06,75.63,0.8194,0.3733,2.726,0.174,0.5706,1.2817,76.27,0.1881,0.0893,7.038,5.058e-06,67100.0,0.2388,0.0902,0.08929,1840.92,2.744e-05,0.2834,0.11047,3.052e-06,0.05587,5.16e-06,75.62,0.8195,0.3735,2.726,0.1744,0.57,1.282
2026-06-15 16:50:00,76.28,0.1885,0.0893,7.041,5.07e-06,67128.0,0.2388,0.09024,0.0894,1841.14,2.741e-05,0.2831,0.1106,3.06e-06,0.05585,5.15e-06,75.66,0.8197,0.3738,2.728,0.1743,0.5685,1.2828,76.29,0.1884,0.0893,7.041,5.065e-06,67129.99,0.2386,0.09025,0.08935,1841.17,2.741e-05,0.2831,0.1105,3.054e-06,0.05585,5.158e-06,75.67,0.8198,0.3733,2.728,0.1742,0.5684,1.2829,76.32,0.1884,0.08928,7.038,5.069e-06,67135.5,0.2389,0.09023,0.08934,1841.26,2.743e-05,0.2829,0.1106,3.054e-06,0.05587,5.159e-06,75.66,0.8199,0.3737,2.727,0.1744,0.5687,1.2829,76.26,0.1883,0.0892,7.04,5.06e-06,67096.09,0.2392,0.09019,0.0893,1840.25,2.73e-05,0.283,0.111,3.05e-06,0.05582,5.16e-06,75.63,0.8194,0.3734,2.726,0.175,0.5684,1.2822,76.292,0.18841,0.0893,7.042,4.982e-06,67141.1,0.2389,0.090223,0.0891,1841.25,2.729e-05,0.2839,0.1112,3.062e-06,0.0559,5.174e-06,75.67,0.81964,0.37475,2.7374,0.1746,0.5685,1.2832,76.4161,0.188139,0.089,7.0371,5.0337e-06,67114.75,0.238,0.090293,0.08928,1841.1,2.854e-05,0.2822,0.1106,3.057413e-06,0.0557,5.15e-06,75.6069,0.882,0.3729,2.7267,0.1741,0.568,1.282,76.281,0.1884,0.0894,7.04,5.068e-06,67139.0,0.2388,0.09022,0.0894,1840.97,2.743e-05,0.2833,0.1106,3.053e-06,0.05587,5.158e-06,75.66,0.82,0.3733,2.7278,0.1744,0.5683,1.28315,76.28,0.1884,0.08933,7.041,5.069e-06,67126.37,0.2388,0.09026,0.08932,1841.12,2.742e-05,0.2831,0.11054,3.055e-06,0.05583,5.159e-06,75.66,0.8199,0.3738,2.728,0.1741,0.5695,1.2829,76.3,0.1884,0.0893,7.04,5.07e-06,67132.7,0.2388,0.09024,0.08934,1841.29,2.744e-05,0.283,0.11056,3.054e-06,0.05585,5.159e-06,75.67,0.8197,0.3737,2.727,0.1743,0.5685,1.2828
2026-06-15 16:51:00,76.16,0.1884,0.0893,7.039,5.07e-06,67115.16,0.2388,0.09021,0.0892,1840.14,2.736e-05,0.283,0.1106,3.06e-06,0.0558,5.16e-06,75.59,0.8201,0.3726,2.733,0.1742,0.5693,1.2816,76.29,0.1884,0.0893,7.038,5.063e-06,67118.02,0.2387,0.0902,0.08912,1840.36,2.741e-05,0.2831,0.1107,3.053e-06,0.05582,5.157e-06,75.59,0.8201,0.3729,2.732,0.1743,0.5691,1.2817,76.18,0.1884,0.08929,7.038,5.067e-06,67119.6,0.2389,0.0902,0.08917,1840.29,2.737e-05,0.2829,0.1106,3.053e-06,0.05581,5.157e-06,75.58,0.8201,0.3725,2.732,0.1743,0.5692,1.2819,76.18,0.1883,0.0892,7.04,5.07e-06,67076.21,0.2392,0.09013,0.0892,1839.2,2.73e-05,0.283,0.111,3.05e-06,0.0558,5.16e-06,75.54,0.8197,0.3724,2.731,0.175,0.5674,1.2809,76.292,0.18832,0.0893,7.037,4.982e-06,67118.32,0.2389,0.090195,0.0891,1840.25,2.729e-05,0.2839,0.1112,3.062e-06,0.0559,5.174e-06,75.58,0.81964,0.37254,2.7374,0.1746,0.5685,1.2818,76.2626,0.188284,0.089,7.0368,5.0612e-06,67099.5,0.2381,0.09029,0.08918,1840.16,2.849e-05,0.2821,0.1105,3.057413e-06,0.0557,5.15e-06,75.5699,0.8843,0.3716,2.7327,0.1741,0.568,1.28242,76.183,0.1884,0.0894,7.036,5.068e-06,67122.2,0.2388,0.09021,0.0892,1840.12,2.743e-05,0.2833,0.1105,3.053e-06,0.05582,5.156e-06,75.58,0.8198,0.3726,2.7323,0.1743,0.5691,1.28146,76.16,0.1883,0.08929,7.038,5.069e-06,67116.1,0.2388,0.09021,0.08921,1840.23,2.739e-05,0.2831,0.11059,3.053e-06,0.05584,5.158e-06,75.59,0.8199,0.3724,2.733,0.1739,0.5696,1.2817,76.16,0.1884,0.0893,7.038,5.068e-06,67115.6,0.2388,0.0902,0.08917,1840.18,2.736e-05,0.2831,0.11052,3.052e-06,0.0558,5.157e-06,75.58,0.82,0.3726,2.732,0.1741,0.5693,1.2816
2026-06-15 16:52:00,76.36,0.1885,0.0893,7.041,5.07e-06,67117.98,0.2388,0.09021,0.0888,1840.64,2.737e-05,0.2833,0.1105,3.06e-06,0.05573,5.16e-06,75.66,0.8199,0.373,2.734,0.1742,0.5696,1.2823,76.4,0.1885,0.0893,7.041,5.071e-06,67120.0,0.2387,0.09024,0.08882,1840.8,2.741e-05,0.2831,0.1107,3.057e-06,0.05576,5.157e-06,75.66,0.8203,0.3729,2.731,0.1743,0.5696,1.2821,76.4,0.1886,0.08921,7.044,5.074e-06,67120.5,0.2389,0.09022,0.08885,1840.78,2.737e-05,0.2832,0.1106,3.056e-06,0.0558,5.156e-06,75.67,0.8203,0.3731,2.733,0.1743,0.5692,1.2823,76.34,0.1884,0.0893,7.04,5.07e-06,67077.91,0.2392,0.09016,0.0888,1839.91,2.73e-05,0.283,0.111,3.05e-06,0.05581,5.15e-06,75.61,0.8197,0.3729,2.732,0.175,0.5692,1.2814,76.407,0.18854,0.0892,7.044,4.982e-06,67128.97,0.2389,0.090245,0.0891,1840.74,2.729e-05,0.2839,0.1112,3.062e-06,0.0558,5.174e-06,75.68,0.81964,0.37254,2.7374,0.1746,0.5692,1.2823,76.2626,0.188533,0.0889,7.042,5.0612e-06,67112.23,0.2381,0.09029,0.08897,1841.01,2.851e-05,0.2823,0.1105,3.057413e-06,0.0556,5.16e-06,75.6384,0.8843,0.372,2.7343,0.1742,0.569,1.28237,76.415,0.1884,0.0893,7.044,5.075e-06,67128.7,0.2388,0.09025,0.0889,1840.96,2.743e-05,0.2833,0.1105,3.057e-06,0.05578,5.161e-06,75.7,0.8203,0.3726,2.7338,0.1744,0.5693,1.28263,76.4,0.1886,0.08924,7.038,5.078e-06,67135.0,0.2389,0.09023,0.08909,1840.77,2.738e-05,0.2832,0.11055,3.053e-06,0.05577,5.162e-06,75.67,0.8203,0.3729,2.734,0.1741,0.5693,1.2823,76.37,0.1885,0.08924,7.043,5.074e-06,67116.6,0.2388,0.0902,0.08882,1840.75,2.737e-05,0.2834,0.1106,3.056e-06,0.05578,5.162e-06,75.66,0.8199,0.3725,2.733,0.1743,0.5696,1.2823
2026-06-15 16:53:00,76.45,0.1884,0.0893,7.04,5.07e-06,67122.71,0.2393,0.09023,0.089,1840.89,2.739e-05,0.2832,0.1107,3.05e-06,0.0558,5.17e-06,75.65,0.8199,0.3731,2.733,0.1743,0.571,1.2829,76.38,0.1884,0.0893,7.04,5.075e-06,67124.78,0.2389,0.09022,0.08906,1840.63,2.741e-05,0.2832,0.1107,3.059e-06,0.05582,5.162e-06,75.66,0.8199,0.3729,2.732,0.1743,0.5709,1.283,76.47,0.1885,0.0893,7.04,5.073e-06,67128.8,0.2394,0.09022,0.08903,1841.05,2.737e-05,0.2831,0.1107,3.058e-06,0.05581,5.162e-06,75.65,0.8198,0.373,2.731,0.1744,0.571,1.2831,76.41,0.1883,0.0893,7.04,5.07e-06,67092.2,0.2392,0.09017,0.089,1840.06,2.73e-05,0.283,0.11,3.06e-06,0.0558,5.15e-06,75.61,0.8197,0.3729,2.732,0.175,0.5706,1.2821,76.407,0.18857,0.0892,7.044,4.982e-06,67130.08,0.2389,0.09022,0.0891,1841.03,2.729e-05,0.2839,0.1112,3.062e-06,0.0558,5.161e-06,75.66,0.81964,0.37254,2.7374,0.1746,0.5692,1.283,76.2626,0.188314,0.0877,7.0399,5.0612e-06,67107.09,0.2383,0.090265,0.08898,1841.01,2.855e-05,0.2822,0.1107,3.057413e-06,0.0557,5.16e-06,75.5003,0.8843,0.3723,2.7326,0.1742,0.57,1.282,76.457,0.1885,0.0893,7.039,5.075e-06,67136.4,0.2391,0.09023,0.0891,1840.95,2.74e-05,0.2833,0.1106,3.059e-06,0.05582,5.162e-06,75.66,0.8199,0.3726,2.7324,0.1744,0.571,1.28288,76.38,0.1884,0.08928,7.039,5.079e-06,67125.9,0.2393,0.09023,0.08904,1840.87,2.736e-05,0.2831,0.11055,3.059e-06,0.05583,5.163e-06,75.65,0.8197,0.3731,2.732,0.1741,0.5707,1.2827,76.44,0.1885,0.08931,7.042,5.075e-06,67125.7,0.2391,0.09022,0.08909,1841.16,2.736e-05,0.2834,0.11075,3.058e-06,0.05587,5.163e-06,75.64,0.8197,0.373,2.732,0.1744,0.5709,1.2828
2026-06-15 16:54:00,76.62,0.1886,0.0895,7.05,5.08e-06,67161.24,0.2396,0.09029,0.0894,1842.38,2.741e-05,0.2832,0.1108,3.06e-06,0.05584,5.17e-06,75.69,0.8208,0.374,2.735,0.1745,0.5737,1.2835,76.56,0.1886,0.0893,7.048,5.078e-06,67160.0,0.2395,0.09027,0.0893,1842.39,2.741e-05,0.2832,0.1107,3.062e-06,0.05584,5.163e-06,75.68,0.8209,0.3734,2.732,0.1742,0.5737,1.2835,76.64,0.1886,0.08942,7.051,5.08e-06,67164.2,0.2394,0.09027,0.08937,1842.47,2.737e-05,0.283,0.1108,3.064e-06,0.05582,5.162e-06,75.67,0.8204,0.3739,2.734,0.1745,0.5736,1.2833,76.57,0.1885,0.0893,7.05,5.08e-06,67124.29,0.2396,0.09023,0.0893,1841.51,2.73e-05,0.283,0.11,3.06e-06,0.05591,5.16e-06,75.64,0.8207,0.3737,2.734,0.175,0.5732,1.2828,76.407,0.18865,0.0893,7.051,4.982e-06,67162.05,0.2389,0.090238,0.0891,1842.46,2.729e-05,0.2839,0.1112,3.062e-06,0.0558,5.161e-06,75.7,0.81964,0.37254,2.7374,0.1746,0.5708,1.2834,76.2626,0.188206,0.0891,7.0379,5.0612e-06,67126.35,0.2389,0.090265,0.08917,1842.22,2.858e-05,0.2822,0.1108,3.057413e-06,0.0557,5.15e-06,75.5003,0.8843,0.3732,2.7326,0.1744,0.573,1.28161,76.616,0.1886,0.0893,7.05,5.08e-06,67168.6,0.2391,0.09024,0.0893,1842.28,2.739e-05,0.2833,0.1107,3.063e-06,0.05587,5.162e-06,75.7,0.8206,0.3732,2.7352,0.1746,0.5735,1.28335,76.47,0.1884,0.08928,7.044,5.08e-06,67160.0,0.2396,0.09029,0.08919,1842.23,2.741e-05,0.2831,0.11071,3.064e-06,0.05578,5.163e-06,75.68,0.8202,0.3739,2.735,0.1743,0.5739,1.2835,76.59,0.1886,0.08931,7.051,5.08e-06,67159.1,0.2397,0.09025,0.08937,1842.38,2.736e-05,0.2831,0.11082,3.063e-06,0.05584,5.163e-06,75.67,0.8207,0.3738,2.734,0.1744,0.5739,1.2834
2026-06-15 16:55:00,76.68,0.1886,0.0894,7.054,5.08e-06,67171.54,0.2398,0.09028,0.0893,1844.22,2.743e-05,0.2836,0.1109,3.07e-06,0.05589,5.17e-06,75.71,0.821,0.3738,2.736,0.1747,0.5719,1.2822,76.71,0.1886,0.0893,7.054,5.09e-06,67175.8,0.2397,0.09029,0.08925,1844.29,2.741e-05,0.2832,0.1107,3.072e-06,0.05584,5.171e-06,75.71,0.8212,0.3737,2.734,0.1747,0.5712,1.2829,76.68,0.1886,0.0895,7.053,5.09e-06,67171.9,0.2399,0.09027,0.08928,1844.36,2.737e-05,0.2835,0.1109,3.071e-06,0.05589,5.171e-06,75.72,0.8209,0.3737,2.735,0.1747,0.5717,1.2823,76.67,0.1885,0.0894,7.05,5.08e-06,67129.56,0.2396,0.09025,0.0893,1843.51,2.74e-05,0.283,0.11,3.07e-06,0.05591,5.17e-06,75.67,0.8208,0.3737,2.735,0.175,0.5714,1.2813,76.557,0.18858,0.0894,7.056,4.982e-06,67182.7,0.2389,0.090254,0.0891,1844.21,2.729e-05,0.2839,0.1112,3.065e-06,0.0558,5.161e-06,75.72,0.82185,0.37254,2.7374,0.1746,0.5713,1.2826,76.2626,0.188528,0.0891,7.0528,5.0816e-06,67155.76,0.2403,0.090314,0.08918,1844.57,2.86e-05,0.2826,0.1109,3.067627e-06,0.0557,5.16e-06,75.5941,0.8843,0.3729,2.7365,0.1746,0.57,1.282,76.696,0.1886,0.0895,7.053,5.086e-06,67177.3,0.2397,0.09031,0.0893,1844.33,2.739e-05,0.2833,0.1107,3.071e-06,0.05589,5.17e-06,75.71,0.8216,0.3737,2.7364,0.1748,0.5714,1.28261,76.47,0.1885,0.08948,7.059,5.089e-06,67165.0,0.2399,0.09028,0.08925,1844.22,2.744e-05,0.2835,0.11081,3.075e-06,0.05588,5.17e-06,75.71,0.8212,0.3738,2.736,0.1744,0.573,1.2822,76.67,0.1886,0.08949,7.054,5.085e-06,67166.7,0.2398,0.09029,0.08928,1844.28,2.744e-05,0.2836,0.11102,3.071e-06,0.05588,5.169e-06,75.7,0.8209,0.3737,2.737,0.1749,0.572,1.2823
2026-06-15 16:56:00,76.75,0.1883,0.0894,7.048,5.08e-06,67183.76,0.2397,0.0903,0.0893,1843.85,2.743e-05,0.2837,0.1109,3.07e-06,0.05586,5.17e-06,75.66,0.8204,0.3738,2.736,0.1747,0.5724,1.2825,76.71,0.1884,0.0893,7.051,5.09e-06,67185.0,0.2397,0.0903,0.08922,1843.99,2.741e-05,0.2832,0.1107,3.073e-06,0.0559,5.172e-06,75.67,0.8205,0.3737,2.737,0.1747,0.5723,1.2826,76.77,0.1884,0.08952,7.053,5.08e-06,67186.1,0.2398,0.09027,0.08927,1843.99,2.737e-05,0.2837,0.1109,3.075e-06,0.05589,5.17e-06,75.66,0.8204,0.3737,2.734,0.1747,0.5726,1.2825,76.72,0.1883,0.0894,7.05,5.08e-06,67146.6,0.2396,0.09023,0.0892,1842.98,2.74e-05,0.283,0.11,3.07e-06,0.05592,5.16e-06,75.63,0.8201,0.3736,2.734,0.175,0.5714,1.2819,76.557,0.1885,0.0894,7.048,4.982e-06,67201.78,0.2389,0.09034,0.0891,1843.98,2.729e-05,0.2839,0.1112,3.065e-06,0.0558,5.161e-06,75.73,0.82107,0.37254,2.7374,0.1746,0.5727,1.2825,76.2626,0.188259,0.0891,7.0467,5.0816e-06,67173.41,0.2388,0.090355,0.08918,1844.67,2.862e-05,0.2827,0.111,3.067627e-06,0.0557,5.16e-06,75.5009,0.8843,0.3729,2.7365,0.1746,0.571,1.282,76.737,0.1884,0.0896,7.053,5.082e-06,67189.3,0.2397,0.09031,0.0893,1843.9,2.739e-05,0.2833,0.1107,3.074e-06,0.0559,5.169e-06,75.67,0.8204,0.3737,2.7352,0.1748,0.5724,1.28252,76.69,0.1885,0.08953,7.048,5.079e-06,67179.91,0.2397,0.0903,0.08925,1843.86,2.744e-05,0.2835,0.1109,3.072e-06,0.05587,5.169e-06,75.67,0.8206,0.3738,2.736,0.1745,0.5721,1.2825,76.76,0.1884,0.08949,7.049,5.083e-06,67185.0,0.2398,0.09033,0.08927,1844.02,2.744e-05,0.2837,0.11095,3.074e-06,0.05589,5.17e-06,75.66,0.8202,0.3738,2.735,0.1749,0.5725,1.2828
2026-06-15 16:59:00,76.46,0.1877,0.0892,7.035,5.05e-06,67157.99,0.2398,0.09008,0.0889,1842.85,2.735e-05,0.2824,0.1107,3.06e-06,0.05577,5.15e-06,75.48,0.8186,0.3725,2.729,0.1737,0.5724,1.28,76.54,0.1877,0.0892,7.034,5.053e-06,67157.59,0.2399,0.09007,0.08888,1842.75,2.734e-05,0.2824,0.111,3.064e-06,0.05579,5.159e-06,75.46,0.8182,0.3722,2.737,0.1737,0.5723,1.2798,76.47,0.1877,0.08921,7.034,5.055e-06,67163.5,0.2399,0.09007,0.08892,1842.84,2.737e-05,0.2825,0.1107,3.064e-06,0.05579,5.16e-06,75.47,0.8186,0.3725,2.728,0.1738,0.5722,1.2799,76.38,0.1876,0.0892,7.04,5.05e-06,67123.03,0.2395,0.09001,0.0889,1841.91,2.74e-05,0.283,0.111,3.06e-06,0.05567,5.16e-06,75.44,0.8184,0.3723,2.726,0.173,0.5718,1.2793,76.557,0.18774,0.0892,7.034,4.982e-06,67161.34,0.2389,0.090075,0.0891,1843.0,2.729e-05,0.2839,0.1112,3.065e-06,0.0558,5.164e-06,75.48,0.81855,0.37254,2.7374,0.1746,0.5713,1.2799,76.2626,0.187945,0.0889,7.0326,5.0612e-06,67145.51,0.2389,0.09012,0.08898,1842.51,2.858e-05,0.2824,0.1107,3.069906e-06,0.0557,5.16e-06,75.5,0.8843,0.3716,2.7294,0.1736,0.571,1.27977,76.477,0.1877,0.0893,7.033,5.062e-06,67163.3,0.2399,0.09006,0.0889,1842.75,2.734e-05,0.2823,0.1107,3.064e-06,0.05578,5.159e-06,75.48,0.8179,0.3721,2.7286,0.1738,0.5721,1.27994,76.45,0.1876,0.08938,7.033,5.056e-06,67160.01,0.2396,0.09008,0.08891,1842.67,2.734e-05,0.2823,0.11079,3.069e-06,0.05577,5.16e-06,75.47,0.8184,0.3723,2.73,0.1735,0.5719,1.2801,76.46,0.1877,0.08924,7.032,5.055e-06,67159.6,0.2397,0.09007,0.08897,1842.73,2.741e-05,0.2823,0.11074,3.064e-06,0.05578,5.162e-06,75.47,0.8186,0.3724,2.728,0.1737,0.5723,1.28
2026-06-15 17:00:00,76.13,0.1876,0.0891,7.014,5.03e-06,67082.44,0.2395,0.09,0.0889,1838.66,2.732e-05,0.2819,0.1107,3.06e-06,0.05561,5.15e-06,75.28,0.8163,0.3723,2.726,0.1734,0.5718,1.2796,76.06,0.1876,0.089,7.013,5.031e-06,67080.0,0.2399,0.09002,0.0889,1838.63,2.73e-05,0.2824,0.1106,3.059e-06,0.05563,5.146e-06,75.28,0.8163,0.3723,2.737,0.1736,0.571,1.2797,76.14,0.1877,0.08912,7.013,5.031e-06,67085.1,0.2397,0.09,0.08892,1838.74,2.732e-05,0.2818,0.1107,3.059e-06,0.05565,5.148e-06,75.28,0.8164,0.3723,2.725,0.1734,0.5717,1.28,76.09,0.1875,0.0892,7.02,5.03e-06,67043.19,0.2395,0.09,0.0889,1837.73,2.73e-05,0.281,0.111,3.06e-06,0.05567,5.14e-06,75.24,0.8161,0.3721,2.724,0.173,0.5711,1.279,76.042,0.18767,0.0891,7.027,4.982e-06,67080.45,0.2389,0.089974,0.0891,1838.6,2.729e-05,0.2839,0.1112,3.065e-06,0.0558,5.144e-06,75.29,0.81625,0.37254,2.7374,0.1746,0.5715,1.2797,76.2264,0.187603,0.0888,7.0145,5.0408e-06,67077.22,0.2389,0.089999,0.08897,1839.0,2.858e-05,0.2823,0.1106,3.065412e-06,0.0555,5.16e-06,75.3034,0.8866,0.3715,2.7274,0.1733,0.571,1.27883,76.141,0.1876,0.0891,7.015,5.031e-06,67090.1,0.2399,0.09,0.089,1838.78,2.732e-05,0.2818,0.1107,3.061e-06,0.05565,5.147e-06,75.26,0.8162,0.3721,2.7253,0.1735,0.5712,1.27955,76.13,0.1877,0.08912,7.015,5.03e-06,67080.99,0.2395,0.09001,0.089,1838.51,2.732e-05,0.2819,0.11069,3.06e-06,0.05564,5.146e-06,75.27,0.8163,0.3721,2.727,0.1731,0.5716,1.2797,76.13,0.1876,0.08914,7.015,5.031e-06,67078.6,0.2396,0.09,0.08891,1838.69,2.731e-05,0.2818,0.11066,3.059e-06,0.05564,5.147e-06,75.27,0.8163,0.3723,2.725,0.1734,0.5717,1.2796
2026-06-15 17:01:00,76.0,0.1872,0.0891,7.012,5.01e-06,67058.77,0.2394,0.08995,0.0887,1838.13,2.727e-05,0.2815,0.1106,3.06e-06,0.05553,5.15e-06,75.21,0.8155,0.3722,2.725,0.1732,0.577,1.2768,75.98,0.1872,0.089,7.009,5.009e-06,67062.48,0.2399,0.08994,0.08865,1838.07,2.729e-05,0.282,0.1106,3.054e-06,0.05557,5.149e-06,75.22,0.8156,0.3723,2.724,0.1733,0.5771,1.2769,76.01,0.1872,0.08905,7.013,5.01e-06,67078.5,0.2395,0.08992,0.08871,1838.01,2.729e-05,0.2814,0.1106,3.056e-06,0.05557,5.141e-06,75.22,0.8155,0.3721,2.724,0.1732,0.5771,1.277,75.96,0.1871,0.0892,7.01,5.01e-06,67035.34,0.2394,0.0899,0.0887,1837.23,2.72e-05,0.281,0.111,3.05e-06,0.05551,5.14e-06,75.18,0.8151,0.3719,2.723,0.173,0.5778,1.2762,76.023,0.18719,0.0891,7.014,4.982e-06,67069.08,0.2389,0.08996,0.0891,1838.32,2.729e-05,0.2839,0.1112,3.065e-06,0.0558,5.144e-06,75.21,0.81625,0.37254,2.7374,0.1746,0.5774,1.2769,76.2264,0.187134,0.0888,7.0145,5.0204e-06,67073.67,0.2387,0.089999,0.08867,1838.31,2.854e-05,0.2823,0.1106,3.065412e-06,0.0556,5.16e-06,75.2325,0.8858,0.3714,2.7244,0.1731,0.576,1.27666,76.006,0.1871,0.0891,7.012,5.009e-06,67079.2,0.2394,0.08995,0.0888,1837.84,2.728e-05,0.2818,0.1107,3.055e-06,0.05564,5.142e-06,75.21,0.8155,0.3724,2.7244,0.1733,0.5775,1.27702,76.03,0.1871,0.08918,7.012,5.009e-06,67070.0,0.2395,0.08995,0.08895,1837.91,2.728e-05,0.2818,0.11068,3.06e-06,0.05557,5.14e-06,75.21,0.8156,0.3722,2.726,0.173,0.5768,1.277,76.0,0.1872,0.08902,7.012,5.01e-06,67072.2,0.2394,0.08995,0.08873,1838.19,2.73e-05,0.2816,0.11057,3.055e-06,0.05556,5.143e-06,75.22,0.8154,0.3721,2.725,0.1732,0.5772,1.2768
2026-06-15 17:02:00,76.01,0.1873,0.0891,7.015,5.02e-06,67039.95,0.2395,0.08997,0.0889,1837.26,2.727e-05,0.2814,0.1107,3.06e-06,0.05556,5.15e-06,75.23,0.816,0.3725,2.724,0.1733,0.5767,1.2795,75.93,0.1873,0.089,7.011,5.012e-06,67035.89,0.2394,0.08998,0.08886,1837.26,2.729e-05,0.282,0.1107,3.059e-06,0.05554,5.142e-06,75.24,0.8161,0.3723,2.723,0.1733,0.5764,1.2796,75.96,0.1872,0.08905,7.016,5.02e-06,67041.8,0.2396,0.08995,0.08883,1837.39,2.729e-05,0.2813,0.1107,3.06e-06,0.05555,5.142e-06,75.24,0.8161,0.3722,2.723,0.1733,0.5764,1.2793,75.96,0.1872,0.0888,6.99,5e-06,67001.33,0.2392,0.08994,0.0888,1836.28,2.72e-05,0.281,0.111,3.05e-06,0.05544,5.14e-06,75.2,0.8159,0.3722,2.723,0.173,0.5758,1.2789,76.023,0.18718,0.089,7.015,4.982e-06,67048.11,0.2389,0.089958,0.0891,1837.47,2.729e-05,0.2839,0.1112,3.065e-06,0.0558,5.144e-06,75.23,0.81596,0.37254,2.7374,0.1746,0.5768,1.2795,76.2264,0.187206,0.0887,7.0105,5.0204e-06,67027.73,0.2386,0.090024,0.08877,1837.57,2.857e-05,0.2823,0.1105,3.065412e-06,0.0554,5.16e-06,75.2325,0.8835,0.3717,2.7243,0.1733,0.576,1.27666,75.984,0.1872,0.0891,7.015,5.023e-06,67043.9,0.2395,0.08998,0.0888,1837.36,2.728e-05,0.2813,0.1107,3.06e-06,0.05559,5.144e-06,75.22,0.816,0.3724,2.7242,0.1734,0.5765,1.27968,75.94,0.1872,0.08911,7.012,5.024e-06,67037.56,0.2395,0.08997,0.08867,1837.58,2.726e-05,0.2813,0.11068,3.058e-06,0.05551,5.142e-06,75.23,0.8158,0.3724,2.726,0.1731,0.5767,1.2793,75.99,0.1873,0.08908,7.013,5.017e-06,67040.0,0.2395,0.08995,0.08886,1837.38,2.73e-05,0.2814,0.11071,3.06e-06,0.05557,5.143e-06,75.23,0.8159,0.3722,2.724,0.1733,0.5768,1.2796
2026-06-15 17:04:00,75.6,0.1864,0.0885,6.987,4.98e-06,66861.99,0.2388,0.08969,0.0882,1829.0,2.708e-05,0.28,0.1106,3.04e-06,0.0553,5.12e-06,74.91,0.8126,0.3693,2.71,0.1724,0.5754,1.2739,75.54,0.1864,0.0885,6.989,4.98e-06,66864.87,0.2386,0.08968,0.08821,1829.18,2.711e-05,0.2799,0.1106,3.044e-06,0.05532,5.117e-06,74.91,0.8127,0.3693,2.711,0.1722,0.5752,1.2741,75.59,0.1864,0.08859,6.989,4.987e-06,66868.5,0.239,0.08968,0.08815,1829.04,2.719e-05,0.2798,0.1106,3.043e-06,0.05532,5.119e-06,74.92,0.8125,0.3693,2.709,0.1724,0.575,1.274,75.55,0.1862,0.0886,6.99,4.98e-06,66831.14,0.239,0.08964,0.0882,1828.2,2.71e-05,0.28,0.111,3.05e-06,0.0553,5.12e-06,74.88,0.8124,0.3704,2.71,0.172,0.5746,1.2732,75.69,0.1864,0.0886,6.994,4.982e-06,66868.6,0.2389,0.089697,0.0891,1829.06,2.729e-05,0.2839,0.1112,3.065e-06,0.05537,5.122e-06,74.91,0.81243,0.37254,2.71,0.1746,0.5743,1.274,75.8378,0.186344,0.0882,6.9874,4.9884e-06,66854.09,0.2384,0.08969,0.08807,1828.92,2.843e-05,0.2823,0.1105,3.03983e-06,0.0552,5.12e-06,74.7826,0.8781,0.3685,2.7104,0.1724,0.573,1.27317,75.573,0.1864,0.0886,6.987,4.987e-06,66868.2,0.2389,0.08969,0.0882,1828.85,2.716e-05,0.2801,0.1105,3.044e-06,0.05532,5.118e-06,74.93,0.8123,0.3694,2.7105,0.1724,0.5751,1.27386,75.56,0.1864,0.08858,6.986,4.991e-06,66862.72,0.2388,0.08968,0.08827,1828.74,2.709e-05,0.2799,0.11056,3.043e-06,0.05529,5.117e-06,74.92,0.8124,0.3692,2.711,0.172,0.5749,1.2738,75.57,0.1864,0.08848,6.988,4.985e-06,66862.7,0.2389,0.08967,0.08819,1828.99,2.709e-05,0.2799,0.11055,3.043e-06,0.0553,5.118e-06,74.91,0.8125,0.3691,2.709,0.1721,0.5754,1.274
2026-06-15 17:05:00,75.86,0.187,0.0887,7.003,5.01e-06,66925.29,0.2392,0.08984,0.0885,1832.65,2.715e-05,0.2808,0.1108,3.05e-06,0.05536,5.13e-06,75.17,0.8147,0.3706,2.717,0.1728,0.5764,1.2789,75.71,0.187,0.0885,7.003,5.006e-06,66931.0,0.2389,0.08982,0.0885,1832.5,2.711e-05,0.2799,0.1108,3.054e-06,0.05529,5.133e-06,75.17,0.8147,0.3693,2.713,0.1727,0.5764,1.2793,75.84,0.187,0.08875,7.002,5.005e-06,66935.1,0.2391,0.08981,0.08846,1832.68,2.719e-05,0.2806,0.1108,3.054e-06,0.05538,5.132e-06,75.18,0.8147,0.3706,2.714,0.1728,0.5765,1.279,75.81,0.1869,0.0886,7.0,5e-06,66899.26,0.239,0.08978,0.0885,1831.8,2.71e-05,0.28,0.111,3.05e-06,0.05536,5.12e-06,75.13,0.8145,0.3704,2.714,0.172,0.576,1.2782,75.69,0.18699,0.0886,6.993,4.982e-06,66933.99,0.2389,0.089828,0.0891,1832.63,2.729e-05,0.2839,0.1112,3.065e-06,0.05529,5.122e-06,75.19,0.81243,0.37254,2.71,0.1746,0.5751,1.2791,75.8378,0.187038,0.0884,6.9996,4.9884e-06,66921.16,0.2385,0.08969,0.08838,1832.8,2.852e-05,0.2823,0.1107,3.03983e-06,0.0552,5.13e-06,75.0253,0.8786,0.3699,2.7124,0.1728,0.576,1.27856,75.843,0.1871,0.0887,7.003,4.989e-06,66939.5,0.2389,0.08982,0.0885,1832.62,2.716e-05,0.2801,0.1105,3.054e-06,0.05536,5.131e-06,75.18,0.8146,0.3694,2.7157,0.1729,0.5764,1.27931,75.56,0.1869,0.08857,7.002,5.008e-06,66924.73,0.239,0.08983,0.08827,1832.41,2.712e-05,0.2807,0.11065,3.054e-06,0.05525,5.13e-06,75.16,0.8141,0.3706,2.716,0.1725,0.575,1.2788,75.85,0.1869,0.08875,7.003,5.003e-06,66928.7,0.2392,0.08984,0.0885,1832.45,2.709e-05,0.2806,0.11077,3.055e-06,0.05535,5.131e-06,75.17,0.8147,0.3694,2.715,0.1721,0.5765,1.2789
2026-06-15 17:06:00,75.74,0.1869,0.0887,6.997,5e-06,66891.86,0.2389,0.08981,0.0886,1831.12,2.714e-05,0.2806,0.1108,3.05e-06,0.05526,5.13e-06,75.1,0.8138,0.3708,2.715,0.1727,0.576,1.2794,75.72,0.1869,0.0885,6.998,5.005e-06,66893.47,0.2389,0.08982,0.08853,1831.31,2.711e-05,0.2799,0.1108,3.051e-06,0.05525,5.129e-06,75.1,0.8136,0.3693,2.713,0.1727,0.576,1.2795,75.74,0.1868,0.08879,6.999,5.002e-06,66896.1,0.239,0.08981,0.08852,1831.21,2.719e-05,0.2805,0.1108,3.052e-06,0.05528,5.128e-06,75.11,0.8133,0.3706,2.713,0.1727,0.576,1.2795,75.78,0.1868,0.0887,7.0,5e-06,66858.0,0.239,0.08975,0.0884,1830.4,2.71e-05,0.28,0.111,3.06e-06,0.05521,5.12e-06,75.07,0.8133,0.3702,2.715,0.172,0.5759,1.2786,75.745,0.1869,0.0886,7.0,4.982e-06,66896.7,0.2389,0.089827,0.0891,1831.15,2.729e-05,0.2839,0.1112,3.065e-06,0.05529,5.122e-06,75.11,0.81243,0.37254,2.71,0.1746,0.5751,1.2794,75.8378,0.186875,0.0884,6.9952,4.9884e-06,66889.63,0.2384,0.0898,0.08847,1831.28,2.852e-05,0.2823,0.1108,3.03983e-06,0.0551,5.12e-06,75.0253,0.8781,0.37,2.7155,0.1727,0.575,1.27781,75.737,0.1869,0.0888,6.998,5.002e-06,66900.4,0.2389,0.08981,0.0886,1831.34,2.714e-05,0.2801,0.1108,3.053e-06,0.05527,5.129e-06,75.1,0.8137,0.3706,2.7151,0.1727,0.576,1.27948,75.81,0.187,0.08871,6.993,5.008e-06,66891.23,0.2389,0.08982,0.0886,1831.32,2.714e-05,0.2805,0.11088,3.053e-06,0.05529,5.127e-06,75.1,0.8136,0.3706,2.714,0.1725,0.5765,1.2793,75.77,0.1869,0.08869,6.998,5.002e-06,66887.2,0.2391,0.08983,0.08858,1830.99,2.714e-05,0.2807,0.1108,3.054e-06,0.05527,5.129e-06,75.1,0.8137,0.3702,2.715,0.1721,0.5763,1.2795
2026-06-15 17:07:00,75.61,0.1864,0.0886,6.984,4.98e-06,66860.0,0.2379,0.08972,0.0882,1829.11,2.709e-05,0.28,0.1106,3.05e-06,0.05517,5.12e-06,74.96,0.8123,0.3697,2.712,0.1722,0.5725,1.2749,75.61,0.1864,0.0884,6.984,4.981e-06,66860.01,0.2379,0.08971,0.0882,1829.05,2.705e-05,0.2799,0.1107,3.043e-06,0.05518,5.123e-06,74.97,0.8124,0.3695,2.712,0.1722,0.5723,1.275,75.61,0.1866,0.0886,6.984,4.979e-06,66864.7,0.2382,0.0897,0.08825,1829.16,2.707e-05,0.2799,0.1106,3.044e-06,0.05518,5.12e-06,74.97,0.8122,0.3696,2.711,0.1722,0.5723,1.2747,75.66,0.1864,0.0886,6.98,4.98e-06,66833.22,0.2382,0.08966,0.0882,1828.04,2.71e-05,0.28,0.111,3.05e-06,0.05515,5.12e-06,74.93,0.8121,0.3697,2.712,0.172,0.5722,1.2745,75.592,0.18648,0.0885,6.987,4.982e-06,66866.17,0.2389,0.089714,0.08824,1829.16,2.708e-05,0.2839,0.1112,3.065e-06,0.05529,5.122e-06,74.97,0.81277,0.37254,2.71,0.1746,0.5733,1.2754,75.8378,0.186389,0.0882,6.9834,4.9884e-06,66866.69,0.2385,0.089762,0.08816,1829.16,2.848e-05,0.2823,0.1106,3.03983e-06,0.0551,5.12e-06,74.8199,0.8781,0.369,2.7125,0.1723,0.572,1.27524,75.622,0.1865,0.0886,6.983,4.979e-06,66872.1,0.238,0.08972,0.0883,1828.99,2.714e-05,0.28,0.1106,3.043e-06,0.05518,5.12e-06,74.95,0.8122,0.3695,2.7113,0.1722,0.5725,1.27506,75.61,0.1865,0.08866,6.984,4.98e-06,66859.2,0.2381,0.08974,0.08827,1829.01,2.706e-05,0.28,0.11061,3.044e-06,0.05506,5.121e-06,74.96,0.8122,0.3698,2.712,0.172,0.5726,1.275,75.61,0.1865,0.08859,6.984,4.977e-06,66866.8,0.2381,0.08972,0.08824,1829.01,2.709e-05,0.28,0.11062,3.045e-06,0.05518,5.122e-06,74.96,0.8122,0.3696,2.714,0.1721,0.5727,1.2751
2026-06-15 17:08:00,75.7,0.1867,0.0887,6.992,4.99e-06,66869.99,0.2379,0.08979,0.0884,1829.2,2.713e-05,0.2803,0.1108,3.05e-06,0.05524,5.13e-06,74.99,0.8128,0.3703,2.712,0.1725,0.5735,1.2765,75.75,0.1867,0.0887,6.992,4.992e-06,66872.49,0.2379,0.08977,0.0883,1829.12,2.705e-05,0.2799,0.1107,3.047e-06,0.05528,5.123e-06,75.0,0.8128,0.37,2.712,0.1725,0.5734,1.2765,75.72,0.1867,0.0887,6.992,4.997e-06,66875.8,0.2383,0.08977,0.08834,1829.25,2.713e-05,0.2803,0.1109,3.05e-06,0.05526,5.128e-06,75.0,0.8126,0.3702,2.713,0.1726,0.5734,1.2767,75.67,0.1866,0.0886,6.99,4.99e-06,66837.87,0.2369,0.08977,0.0884,1828.22,2.71e-05,0.28,0.111,3.05e-06,0.05518,5.12e-06,74.97,0.8125,0.3702,2.712,0.172,0.5732,1.276,75.697,0.1867,0.0885,6.996,4.982e-06,66873.0,0.2389,0.089779,0.08824,1829.25,2.708e-05,0.2839,0.1112,3.048e-06,0.05529,5.122e-06,75.01,0.81356,0.37254,2.71,0.1746,0.5733,1.2765,75.8378,0.186705,0.0883,6.9909,4.9884e-06,66860.52,0.2381,0.089762,0.08826,1829.05,2.855e-05,0.2823,0.1108,3.045835e-06,0.0551,5.12e-06,74.7745,0.8837,0.3696,2.7135,0.1725,0.573,1.27524,75.702,0.1866,0.0887,6.999,4.997e-06,66876.1,0.2384,0.08977,0.0884,1829.15,2.714e-05,0.28,0.1107,3.048e-06,0.05526,5.126e-06,75.0,0.8127,0.3698,2.7133,0.1725,0.5736,1.27684,75.67,0.1867,0.08871,6.997,4.998e-06,66871.9,0.238,0.08979,0.0884,1829.06,2.714e-05,0.2805,0.11071,3.05e-06,0.0552,5.126e-06,75.0,0.8131,0.3705,2.714,0.1723,0.5726,1.2766,75.66,0.1867,0.0887,6.992,4.997e-06,66878.4,0.2382,0.08979,0.08839,1829.28,2.713e-05,0.2803,0.11077,3.048e-06,0.05526,5.126e-06,75.0,0.8127,0.3703,2.712,0.1721,0.5737,1.2765
2026-06-15 17:11:00,75.66,0.1864,0.0885,6.993,4.98e-06,66813.02,0.2381,0.08968,0.0883,1829.46,2.713e-05,0.28,0.1106,3.04e-06,0.05516,5.13e-06,74.93,0.8118,0.3703,2.714,0.1721,0.5725,1.2746,75.58,0.1863,0.0887,6.993,4.992e-06,66819.24,0.2379,0.08966,0.08823,1829.28,2.705e-05,0.2798,0.1107,3.037e-06,0.0552,5.124e-06,74.94,0.8118,0.37,2.709,0.1719,0.5723,1.2745,75.65,0.1863,0.08856,6.993,4.983e-06,66825.1,0.2382,0.08966,0.08823,1829.45,2.713e-05,0.2799,0.1106,3.039e-06,0.0552,5.125e-06,74.93,0.8117,0.3701,2.713,0.1721,0.5726,1.2746,75.61,0.1863,0.0885,6.99,4.98e-06,66790.28,0.238,0.08962,0.0882,1828.49,2.71e-05,0.281,0.11,3.04e-06,0.05516,5.13e-06,74.89,0.8115,0.3699,2.714,0.172,0.5719,1.274,75.512,0.18637,0.0885,6.981,4.982e-06,66823.05,0.2373,0.089654,0.08824,1829.64,2.708e-05,0.2839,0.1112,3.041e-06,0.05529,5.122e-06,74.92,0.81187,0.37254,2.71,0.1746,0.5724,1.2746,75.8378,0.186328,0.0882,6.989,4.9644e-06,66817.0,0.2378,0.089762,0.08814,1829.15,2.857e-05,0.2822,0.1106,3.045835e-06,0.0551,5.12e-06,74.7309,0.8815,0.3696,2.7136,0.1721,0.572,1.27477,75.67,0.1863,0.0885,6.991,4.978e-06,66826.2,0.2381,0.08964,0.0883,1829.33,2.712e-05,0.2797,0.1107,3.039e-06,0.0552,5.126e-06,74.91,0.8116,0.3698,2.7136,0.1721,0.5724,1.27432,75.65,0.1863,0.0885,6.982,4.981e-06,66814.58,0.2381,0.08968,0.08829,1829.23,2.712e-05,0.28,0.1106,3.039e-06,0.05518,5.126e-06,74.92,0.8117,0.3705,2.714,0.1718,0.5727,1.2745,75.66,0.1863,0.08849,6.992,4.982e-06,66825.3,0.2381,0.08966,0.08831,1829.37,2.711e-05,0.2799,0.11058,3.038e-06,0.05519,5.125e-06,74.93,0.8119,0.37,2.712,0.172,0.5726,1.2747
2026-06-15 17:12:00,75.84,0.1866,0.0887,7.003,4.99e-06,66860.0,0.2382,0.08972,0.0885,1831.24,2.718e-05,0.2804,0.1107,3.04e-06,0.05518,5.14e-06,75.1,0.8131,0.3708,2.72,0.1724,0.5744,1.2783,75.68,0.1867,0.0886,6.999,4.992e-06,66861.94,0.2381,0.08971,0.08835,1831.21,2.717e-05,0.2798,0.1107,3.043e-06,0.0552,5.132e-06,75.11,0.8131,0.371,2.714,0.1721,0.5738,1.2783,75.83,0.1866,0.08871,7.001,4.991e-06,66869.3,0.2382,0.08971,0.08841,1831.38,2.72e-05,0.2804,0.1107,3.045e-06,0.0552,5.125e-06,75.11,0.8131,0.3708,2.718,0.1724,0.5743,1.2783,75.78,0.1865,0.0887,7.0,4.99e-06,66835.2,0.2382,0.08967,0.0884,1830.39,2.71e-05,0.281,0.11,3.05e-06,0.05528,5.13e-06,75.07,0.8126,0.3707,2.717,0.172,0.5746,1.2776,75.764,0.18654,0.0887,7.001,4.982e-06,66868.38,0.2373,0.08972,0.08824,1831.47,2.708e-05,0.2839,0.1112,3.041e-06,0.05529,5.122e-06,75.1,0.81187,0.37254,2.71,0.1746,0.5739,1.2785,75.8378,0.18658,0.0883,7.001,4.9756e-06,66849.4,0.2374,0.089762,0.08834,1830.65,2.862e-05,0.2822,0.1107,3.045835e-06,0.0551,5.13e-06,74.8472,0.8758,0.3701,2.7136,0.1724,0.573,1.27537,75.798,0.1866,0.0887,7.001,4.993e-06,66865.1,0.2381,0.08971,0.0884,1830.74,2.719e-05,0.2797,0.1107,3.044e-06,0.05519,5.133e-06,75.1,0.813,0.3698,2.7185,0.1724,0.5741,1.27811,75.76,0.1866,0.0886,7.002,4.991e-06,66866.1,0.2381,0.08972,0.0884,1831.09,2.717e-05,0.2803,0.1106,3.043e-06,0.05519,5.132e-06,75.09,0.8122,0.3708,2.717,0.1722,0.5741,1.2781,75.84,0.1866,0.08854,7.003,4.992e-06,66867.8,0.2381,0.08972,0.08841,1830.96,2.719e-05,0.2804,0.11072,3.044e-06,0.05519,5.13e-06,75.11,0.8131,0.3707,2.715,0.1723,0.5745,1.2784
2026-06-15 17:13:00,75.83,0.1869,0.0888,7.01,5e-06,66893.18,0.2383,0.08979,0.0886,1832.06,2.724e-05,0.281,0.1107,3.06e-06,0.05525,5.14e-06,75.17,0.8143,0.3714,2.721,0.1726,0.5757,1.2805,75.8,0.1868,0.0886,7.007,5.003e-06,66898.02,0.2381,0.08977,0.0885,1831.83,2.717e-05,0.2798,0.1108,3.05e-06,0.05526,5.137e-06,75.18,0.8144,0.371,2.719,0.1721,0.5753,1.2803,75.84,0.1869,0.08879,7.007,5.003e-06,66900.7,0.2384,0.08976,0.08852,1832.16,2.725e-05,0.2809,0.1108,3.05e-06,0.05527,5.125e-06,75.18,0.8143,0.3708,2.719,0.1727,0.5753,1.2805,75.83,0.1867,0.0888,7.0,4.99e-06,66865.47,0.2382,0.08972,0.0884,1831.19,2.72e-05,0.281,0.11,3.05e-06,0.05528,5.13e-06,75.14,0.8141,0.3713,2.719,0.172,0.575,1.2797,75.764,0.18687,0.0888,7.009,4.982e-06,66896.87,0.2373,0.089765,0.08824,1832.46,2.708e-05,0.2839,0.1112,3.045e-06,0.05529,5.122e-06,75.18,0.81187,0.37254,2.71,0.1746,0.5739,1.2805,75.8378,0.186614,0.0886,7.0071,4.9756e-06,66873.81,0.2376,0.08977,0.08844,1831.84,2.87e-05,0.2822,0.1107,3.043973e-06,0.0552,5.13e-06,74.8768,0.8758,0.3707,2.7216,0.1726,0.575,1.27869,75.848,0.1868,0.0888,7.009,4.998e-06,66900.9,0.2383,0.08977,0.0885,1831.96,2.719e-05,0.2808,0.1107,3.049e-06,0.05526,5.136e-06,75.18,0.8143,0.3698,2.7217,0.1726,0.5752,1.28025,75.81,0.1869,0.08891,7.009,5.004e-06,66893.81,0.2382,0.08977,0.08847,1831.81,2.724e-05,0.2811,0.1108,3.05e-06,0.0552,5.136e-06,75.16,0.8141,0.3715,2.721,0.1723,0.5748,1.2802,75.82,0.1868,0.08883,7.008,5.002e-06,66900.1,0.2382,0.08977,0.08852,1831.98,2.721e-05,0.281,0.11077,3.05e-06,0.05527,5.137e-06,75.18,0.8144,0.3713,2.72,0.1727,0.5758,1.2805
2026-06-15 17:14:00,75.87,0.1868,0.0889,7.008,5e-06,66896.66,0.2383,0.08964,0.0884,1832.12,2.725e-05,0.2809,0.1106,3.04e-06,0.05524,5.13e-06,75.16,0.8136,0.3713,2.721,0.1725,0.5752,1.2831,75.85,0.1868,0.0888,7.005,5.003e-06,66905.55,0.2381,0.08965,0.0884,1832.13,2.717e-05,0.2798,0.1108,3.049e-06,0.05527,5.136e-06,75.17,0.8137,0.371,2.718,0.1721,0.5752,1.283,75.83,0.1868,0.08882,7.007,5.001e-06,66907.8,0.2383,0.08965,0.08841,1832.27,2.725e-05,0.2808,0.1107,3.049e-06,0.05524,5.136e-06,75.16,0.8136,0.3711,2.719,0.1726,0.5751,1.283,75.82,0.1867,0.0888,7.0,4.99e-06,66865.13,0.2381,0.08959,0.0884,1831.08,2.72e-05,0.281,0.111,3.04e-06,0.05524,5.13e-06,75.13,0.8132,0.371,2.719,0.172,0.5747,1.2824,75.847,0.18677,0.0888,7.008,4.982e-06,66896.61,0.2373,0.089635,0.08824,1832.26,2.708e-05,0.2839,0.1112,3.045e-06,0.05529,5.122e-06,75.17,0.81187,0.37254,2.71,0.1746,0.5739,1.283,75.8378,0.186477,0.0885,7.0071,4.9756e-06,66873.81,0.2374,0.08977,0.08834,1832.0,2.871e-05,0.2822,0.1107,3.043973e-06,0.0552,5.12e-06,74.9839,0.8758,0.3705,2.7196,0.1727,0.574,1.27981,75.842,0.1868,0.0889,7.004,5e-06,66911.3,0.2383,0.08962,0.0884,1832.21,2.724e-05,0.2808,0.1107,3.049e-06,0.05525,5.136e-06,75.15,0.8135,0.3715,2.7205,0.1726,0.5748,1.28292,75.86,0.1868,0.08881,7.007,5.002e-06,66900.0,0.2384,0.08967,0.08835,1831.73,2.724e-05,0.2808,0.11063,3.048e-06,0.05521,5.136e-06,75.16,0.8137,0.3713,2.721,0.1722,0.5753,1.2827,75.88,0.1868,0.08882,7.006,5.001e-06,66905.2,0.2383,0.08965,0.08846,1832.14,2.721e-05,0.281,0.11062,3.047e-06,0.05524,5.137e-06,75.16,0.8136,0.3711,2.72,0.1727,0.5751,1.2829
2026-06-15 17:17:00,76.03,0.1875,0.0888,7.015,5.01e-06,66971.38,0.2387,0.0897,0.0885,1833.0,2.726e-05,0.2815,0.1108,3.06e-06,0.05531,5.13e-06,75.24,0.8152,0.3724,2.728,0.1728,0.5785,1.2853,75.97,0.1874,0.0888,7.016,5.012e-06,66970.46,0.2385,0.08964,0.0884,1833.01,2.722e-05,0.281,0.1108,3.058e-06,0.05529,5.137e-06,75.24,0.8152,0.3714,2.722,0.1727,0.5787,1.2853,76.02,0.1875,0.08883,7.014,5.012e-06,66976.4,0.2387,0.08968,0.08844,1833.12,2.73e-05,0.2814,0.1108,3.058e-06,0.05533,5.135e-06,75.24,0.815,0.372,2.727,0.1727,0.5785,1.2853,75.98,0.1873,0.0888,7.01,5.01e-06,66942.43,0.2386,0.08965,0.0884,1832.32,2.72e-05,0.28,0.111,3.06e-06,0.05527,5.13e-06,75.2,0.8145,0.3722,2.724,0.172,0.5781,1.2847,76.037,0.18745,0.0888,7.015,5.02e-06,66965.85,0.2373,0.089626,0.08824,1833.24,2.708e-05,0.2839,0.1112,3.057e-06,0.05529,5.122e-06,75.26,0.81496,0.37254,2.71,0.1746,0.5783,1.2847,75.824,0.187286,0.0885,7.0152,4.9756e-06,66947.82,0.2379,0.089529,0.08835,1832.64,2.875e-05,0.2822,0.1108,3.055555e-06,0.0552,5.13e-06,75.0253,0.8759,0.3716,2.7286,0.1728,0.577,1.28387,76.037,0.1874,0.0888,7.015,5.016e-06,66976.2,0.238,0.08967,0.0884,1833.0,2.725e-05,0.2808,0.1109,3.056e-06,0.05532,5.137e-06,75.24,0.8152,0.3722,2.7287,0.1727,0.5786,1.28526,76.0,0.1874,0.0887,7.014,5.009e-06,66970.01,0.2388,0.08971,0.08846,1832.9,2.727e-05,0.2815,0.11075,3.059e-06,0.05524,5.138e-06,75.24,0.815,0.3726,2.727,0.1727,0.5786,1.2853,76.03,0.1875,0.08878,7.015,5.013e-06,66975.1,0.2387,0.0897,0.08848,1833.02,2.718e-05,0.2814,0.11084,3.058e-06,0.0553,5.137e-06,75.24,0.8151,0.3724,2.728,0.1728,0.5788,1.2854
2026-06-15 17:18:00,75.92,0.1871,0.0887,7.009,5e-06,66916.35,0.2385,0.08957,0.0883,1830.09,2.722e-05,0.281,0.1108,3.06e-06,0.0553,5.13e-06,75.14,0.8141,0.3715,2.723,0.1725,0.5766,1.2819,75.9,0.1871,0.0888,7.01,5.005e-06,66915.0,0.2385,0.08958,0.08829,1830.06,2.722e-05,0.2811,0.1108,3.051e-06,0.05533,5.132e-06,75.14,0.8141,0.3714,2.727,0.1727,0.5767,1.282,75.91,0.1871,0.08875,7.008,5.001e-06,66919.7,0.2387,0.08956,0.08825,1830.18,2.725e-05,0.2813,0.1108,3.053e-06,0.05532,5.127e-06,75.15,0.8141,0.3714,2.723,0.1726,0.5766,1.282,76.0,0.187,0.0887,7.01,5e-06,66879.16,0.2386,0.08953,0.0883,1829.4,2.72e-05,0.28,0.111,3.05e-06,0.05527,5.13e-06,75.11,0.8138,0.3712,2.72,0.172,0.5763,1.2811,75.937,0.18708,0.0888,7.01,5.02e-06,66916.57,0.2373,0.089551,0.08824,1830.26,2.708e-05,0.2839,0.1112,3.057e-06,0.05529,5.122e-06,75.14,0.81496,0.37254,2.71,0.1746,0.5787,1.2819,75.824,0.18696,0.0884,7.0082,4.9756e-06,66917.73,0.2375,0.089529,0.08835,1830.66,2.872e-05,0.2822,0.1107,3.055555e-06,0.0552,5.12e-06,75.0005,0.8759,0.3708,2.7236,0.1726,0.576,1.282,75.923,0.1871,0.0888,7.008,5.003e-06,66925.0,0.238,0.08957,0.0883,1830.15,2.725e-05,0.2811,0.1109,3.051e-06,0.05532,5.131e-06,75.16,0.8143,0.3722,2.7233,0.1725,0.5766,1.28224,75.92,0.187,0.0888,7.012,4.996e-06,66920.01,0.2384,0.08958,0.08845,1830.25,2.725e-05,0.281,0.11071,3.052e-06,0.05526,5.129e-06,75.13,0.8148,0.3715,2.727,0.1723,0.5764,1.2819,75.93,0.1871,0.0888,7.007,4.998e-06,66917.2,0.2386,0.08958,0.08827,1830.2,2.724e-05,0.2814,0.11073,3.05e-06,0.05531,5.133e-06,75.14,0.814,0.3713,2.725,0.1728,0.5766,1.2818
2026-06-15 17:19:00,75.97,0.1872,0.0887,7.007,5e-06,66901.6,0.2386,0.0896,0.0884,1829.72,2.721e-05,0.2809,0.1108,3.06e-06,0.05527,5.13e-06,75.1,0.8137,0.3714,2.722,0.1724,0.5758,1.2818,75.95,0.1872,0.0888,7.01,5.005e-06,66900.85,0.2385,0.08965,0.08839,1829.71,2.722e-05,0.2811,0.1107,3.049e-06,0.05532,5.127e-06,75.11,0.8137,0.3714,2.721,0.1725,0.5762,1.2818,75.96,0.1872,0.0888,7.006,4.998e-06,66906.5,0.2386,0.0896,0.08836,1830.0,2.725e-05,0.281,0.1108,3.049e-06,0.05533,5.126e-06,75.1,0.8137,0.3713,2.721,0.1726,0.5762,1.2817,75.96,0.1872,0.0887,7.01,5e-06,66865.85,0.2378,0.08954,0.0883,1829.0,2.72e-05,0.28,0.111,3.05e-06,0.05526,5.13e-06,75.07,0.8129,0.3709,2.72,0.172,0.5739,1.2812,76.047,0.18719,0.0888,7.01,5.02e-06,66906.46,0.2373,0.089595,0.08824,1829.87,2.708e-05,0.2839,0.1112,3.051e-06,0.05529,5.122e-06,75.11,0.81394,0.37254,2.7204,0.1746,0.5754,1.2817,75.824,0.187041,0.0884,7.0085,4.9756e-06,66917.73,0.2381,0.08959,0.08834,1830.66,2.872e-05,0.2822,0.1107,3.055555e-06,0.0552,5.12e-06,74.9316,0.8759,0.3707,2.7236,0.1726,0.575,1.28117,76.001,0.1872,0.0888,7.006,4.998e-06,66909.7,0.238,0.08961,0.0884,1830.05,2.725e-05,0.2811,0.1109,3.051e-06,0.0553,5.129e-06,75.12,0.8139,0.3715,2.7216,0.1723,0.5761,1.28224,75.93,0.1872,0.08877,7.009,4.997e-06,66910.01,0.2386,0.08961,0.08843,1830.05,2.722e-05,0.281,0.11072,3.052e-06,0.05528,5.128e-06,75.1,0.8138,0.3715,2.722,0.1723,0.5763,1.2819,76.0,0.1872,0.08876,7.008,5.001e-06,66901.1,0.2385,0.08961,0.08839,1829.94,2.724e-05,0.281,0.11076,3.049e-06,0.0553,5.13e-06,75.1,0.8138,0.3715,2.723,0.1728,0.576,1.2819
2026-06-15 17:27:00,75.75,0.1872,0.0893,7.015,4.99e-06,66862.3,0.2383,0.08969,0.0884,1830.46,2.725e-05,0.2814,0.1109,3.06e-06,0.0554,5.13e-06,75.06,0.8141,0.3718,2.722,0.1726,0.5735,1.2824,75.8,0.1872,0.0891,7.015,5.002e-06,66863.07,0.2383,0.08968,0.0884,1830.33,2.709e-05,0.2812,0.111,3.058e-06,0.05542,5.128e-06,75.07,0.814,0.3724,2.721,0.1725,0.5734,1.2824,75.75,0.1871,0.08925,7.014,4.997e-06,66865.8,0.2384,0.08967,0.0884,1830.58,2.718e-05,0.2816,0.111,3.058e-06,0.05544,5.133e-06,75.07,0.8139,0.3718,2.721,0.1728,0.5734,1.2824,75.7,0.187,0.0892,7.01,4.99e-06,66827.51,0.2382,0.08963,0.0884,1829.81,2.72e-05,0.281,0.111,3.05e-06,0.05538,5.13e-06,75.04,0.8136,0.3717,2.718,0.172,0.5728,1.2818,75.807,0.18715,0.0892,7.009,5.02e-06,66864.5,0.2374,0.089674,0.08824,1830.75,2.708e-05,0.2839,0.1112,3.051e-06,0.05538,5.117e-06,75.07,0.81386,0.37254,2.7204,0.1746,0.5699,1.2825,75.824,0.187121,0.0889,7.0122,4.9842e-06,66847.21,0.2374,0.08959,0.08814,1830.47,2.857e-05,0.2822,0.1109,3.060196e-06,0.0553,5.12e-06,74.8347,0.8843,0.3709,2.7227,0.1727,0.572,1.28094,75.754,0.1872,0.0892,7.016,5.001e-06,66867.1,0.238,0.08969,0.0884,1830.44,2.721e-05,0.2813,0.111,3.06e-06,0.05541,5.135e-06,75.07,0.814,0.3723,2.7226,0.1727,0.5724,1.28237,75.8,0.1871,0.08927,7.017,5.009e-06,66864.41,0.2382,0.08967,0.08846,1830.42,2.727e-05,0.2813,0.11099,3.059e-06,0.05543,5.132e-06,75.05,0.8141,0.3716,2.722,0.1724,0.5735,1.2823,75.75,0.1871,0.08917,7.015,4.997e-06,66861.5,0.2383,0.08968,0.08842,1830.49,2.718e-05,0.2816,0.11098,3.056e-06,0.05543,5.136e-06,75.07,0.814,0.3716,2.721,0.1728,0.5733,1.2826
2026-06-15 17:28:00,75.85,0.1873,0.0892,7.02,4.99e-06,66862.64,0.2384,0.08968,0.0885,1830.91,2.724e-05,0.2814,0.1109,3.06e-06,0.0554,5.14e-06,75.11,0.8141,0.3716,2.719,0.1728,0.5733,1.2844,75.84,0.1873,0.0892,7.019,5.002e-06,66865.05,0.2383,0.08968,0.08844,1830.96,2.709e-05,0.2812,0.111,3.056e-06,0.05539,5.135e-06,75.13,0.8141,0.3724,2.72,0.1725,0.5734,1.2845,75.84,0.1872,0.08926,7.02,4.996e-06,66870.1,0.2384,0.08967,0.08848,1831.04,2.722e-05,0.2813,0.111,3.058e-06,0.0554,5.134e-06,75.12,0.814,0.3717,2.719,0.1728,0.5731,1.2844,75.79,0.1872,0.0892,7.01,4.99e-06,66827.88,0.2382,0.08961,0.0884,1830.18,2.72e-05,0.281,0.111,3.05e-06,0.0554,5.13e-06,75.08,0.8135,0.3714,2.718,0.172,0.573,1.2837,75.807,0.18737,0.0892,7.018,5.02e-06,66869.17,0.2374,0.089673,0.08824,1831.2,2.708e-05,0.2839,0.1112,3.051e-06,0.05538,5.117e-06,75.13,0.81386,0.37254,2.7204,0.1746,0.5699,1.2845,75.824,0.186905,0.0889,7.0174,4.9842e-06,66847.16,0.2374,0.089692,0.08834,1830.98,2.856e-05,0.2822,0.1114,3.060196e-06,0.0553,5.13e-06,74.8369,0.8801,0.3708,2.7198,0.1727,0.573,1.28044,75.837,0.1873,0.0893,7.019,4.995e-06,66872.2,0.238,0.08966,0.0885,1830.78,2.721e-05,0.2813,0.111,3.056e-06,0.0554,5.133e-06,75.13,0.8139,0.3723,2.7192,0.1726,0.5735,1.2844,75.83,0.1874,0.08931,7.019,4.996e-06,66867.02,0.2382,0.0897,0.08848,1831.12,2.724e-05,0.2814,0.11094,3.058e-06,0.05536,5.133e-06,75.11,0.814,0.3715,2.72,0.1725,0.5734,1.2843,75.82,0.1873,0.0892,7.02,4.998e-06,66861.3,0.2383,0.08966,0.08847,1831.04,2.718e-05,0.2813,0.111,3.058e-06,0.05543,5.136e-06,75.12,0.814,0.3714,2.72,0.1728,0.5734,1.2845
2026-06-15 17:29:00,75.72,0.187,0.0892,7.013,4.99e-06,66818.01,0.2382,0.08959,0.0884,1830.23,2.722e-05,0.2812,0.111,3.06e-06,0.05533,5.13e-06,74.96,0.8136,0.3715,2.717,0.1724,0.574,1.2808,75.7,0.187,0.0891,7.017,4.988e-06,66820.95,0.2383,0.08956,0.08838,1830.27,2.709e-05,0.2812,0.111,3.053e-06,0.05539,5.131e-06,74.98,0.8135,0.3724,2.716,0.1725,0.5738,1.281,75.71,0.187,0.08915,7.013,4.99e-06,66827.3,0.2384,0.08958,0.08839,1830.36,2.722e-05,0.281,0.111,3.052e-06,0.0554,5.126e-06,74.99,0.8135,0.3717,2.717,0.1725,0.5736,1.281,75.68,0.1868,0.0891,7.02,4.99e-06,66786.04,0.2382,0.08953,0.0883,1829.42,2.72e-05,0.281,0.111,3.05e-06,0.05513,5.12e-06,74.93,0.8133,0.3711,2.715,0.172,0.5736,1.2802,75.787,0.18694,0.0891,7.018,5.02e-06,66823.27,0.2374,0.089565,0.08824,1830.24,2.708e-05,0.2839,0.1112,3.051e-06,0.05538,5.117e-06,74.99,0.81386,0.37254,2.7204,0.1746,0.5699,1.2807,75.824,0.186905,0.0888,7.0119,4.9842e-06,66804.78,0.2373,0.089692,0.08834,1829.92,2.849e-05,0.2822,0.1109,3.060196e-06,0.0553,5.13e-06,74.8369,0.8801,0.3706,2.7169,0.1726,0.573,1.28044,75.71,0.187,0.0892,7.014,4.99e-06,66824.4,0.238,0.08958,0.0884,1830.08,2.721e-05,0.2813,0.1109,3.052e-06,0.05535,5.131e-06,74.99,0.8136,0.3717,2.7166,0.1725,0.5735,1.28137,75.72,0.187,0.08907,7.013,4.993e-06,66822.81,0.2381,0.08959,0.0884,1830.3,2.721e-05,0.2811,0.11089,3.055e-06,0.05537,5.126e-06,74.96,0.8141,0.3713,2.716,0.1722,0.5732,1.2807,75.74,0.187,0.0891,7.013,4.99e-06,66819.0,0.2382,0.08958,0.0884,1830.15,2.718e-05,0.2813,0.11094,3.053e-06,0.05537,5.129e-06,74.98,0.8136,0.3714,2.717,0.1728,0.5737,1.2809
2026-06-15 17:30:00,75.82,0.1871,0.0891,7.011,4.99e-06,66844.0,0.2382,0.08959,0.0884,1831.41,2.721e-05,0.281,0.1108,3.06e-06,0.05524,5.12e-06,75.02,0.8131,0.3719,2.716,0.1723,0.5752,1.2789,75.68,0.1871,0.0891,7.008,4.988e-06,66848.37,0.2383,0.08961,0.08837,1831.36,2.719e-05,0.2812,0.111,3.051e-06,0.05526,5.126e-06,75.03,0.8133,0.3717,2.713,0.1722,0.5754,1.2795,75.82,0.1871,0.0891,7.009,4.99e-06,66849.9,0.2381,0.08959,0.08836,1831.48,2.722e-05,0.2808,0.1108,3.05e-06,0.05532,5.123e-06,75.02,0.8131,0.3713,2.714,0.1724,0.575,1.2793,75.78,0.187,0.089,7.0,4.98e-06,66812.35,0.2382,0.08955,0.0883,1830.54,2.72e-05,0.28,0.111,3.04e-06,0.05513,5.12e-06,74.98,0.8118,0.3716,2.711,0.172,0.5749,1.2785,75.757,0.18709,0.0891,7.01,5.02e-06,66855.61,0.2374,0.089595,0.08824,1831.62,2.708e-05,0.2839,0.1112,3.051e-06,0.05538,5.117e-06,75.03,0.81386,0.37254,2.7204,0.1746,0.5699,1.2792,75.824,0.186685,0.0888,7.0093,4.9842e-06,66831.85,0.2373,0.089692,0.08834,1831.17,2.844e-05,0.2822,0.1107,3.060196e-06,0.0552,5.12e-06,74.8369,0.8828,0.3709,2.717,0.1725,0.574,1.28044,75.813,0.187,0.0891,7.012,4.989e-06,66850.0,0.238,0.08959,0.0883,1831.22,2.721e-05,0.2813,0.1109,3.051e-06,0.05523,5.122e-06,75.02,0.813,0.3717,2.7164,0.1723,0.575,1.27929,75.78,0.1871,0.08907,7.011,4.993e-06,66843.46,0.2382,0.0896,0.08838,1831.31,2.719e-05,0.2811,0.1107,3.049e-06,0.05526,5.123e-06,75.01,0.8131,0.3718,2.714,0.172,0.5743,1.279,75.82,0.1871,0.0891,7.01,4.989e-06,66845.0,0.2382,0.08961,0.08841,1831.2,2.722e-05,0.281,0.11079,3.051e-06,0.05528,5.125e-06,75.02,0.8132,0.3718,2.716,0.1724,0.5753,1.2791
2026-06-15 17:31:00,75.57,0.1864,0.0889,6.989,4.98e-06,66726.54,0.2379,0.08944,0.0881,1827.46,2.719e-05,0.2803,0.1107,3.05e-06,0.0551,5.12e-06,74.78,0.8109,0.3712,2.709,0.1719,0.5749,1.2729,75.57,0.1864,0.0888,6.989,4.984e-06,66728.65,0.2383,0.08943,0.088,1827.32,2.719e-05,0.2812,0.1107,3.047e-06,0.05513,5.118e-06,74.78,0.811,0.3717,2.713,0.1722,0.5753,1.2731,75.57,0.1864,0.08894,6.989,4.977e-06,66736.8,0.2381,0.08943,0.08807,1827.62,2.722e-05,0.2809,0.1107,3.048e-06,0.05513,5.113e-06,74.79,0.8109,0.3712,2.708,0.1722,0.5754,1.2732,75.54,0.1863,0.0889,6.99,4.98e-06,66694.96,0.2377,0.08938,0.088,1826.75,2.72e-05,0.28,0.111,3.04e-06,0.05513,5.11e-06,74.75,0.8105,0.371,2.708,0.172,0.5752,1.2725,75.587,0.18637,0.0891,6.989,5.02e-06,66727.07,0.2374,0.089427,0.08824,1827.66,2.708e-05,0.2839,0.1112,3.051e-06,0.05538,5.117e-06,74.79,0.81125,0.37254,2.7204,0.1746,0.5699,1.273,75.824,0.186299,0.0886,6.9879,4.9675e-06,66741.85,0.2371,0.089473,0.08834,1827.08,2.839e-05,0.2822,0.1107,3.060196e-06,0.0552,5.12e-06,74.6266,0.88,0.3703,2.7112,0.172,0.575,1.27317,75.6,0.1863,0.089,6.988,4.977e-06,66729.3,0.238,0.08944,0.0881,1827.14,2.721e-05,0.2813,0.1109,3.046e-06,0.05508,5.114e-06,74.8,0.8109,0.3717,2.7085,0.1723,0.575,1.27319,75.68,0.1865,0.08916,6.999,4.981e-06,66715.04,0.2378,0.08944,0.0883,1827.32,2.719e-05,0.2803,0.11079,3.05e-06,0.05513,5.119e-06,74.77,0.8112,0.3712,2.708,0.1717,0.5757,1.2729,75.59,0.1864,0.08897,6.989,4.98e-06,66733.3,0.238,0.08944,0.08808,1827.6,2.722e-05,0.2805,0.11065,3.05e-06,0.05515,5.114e-06,74.79,0.811,0.3713,2.709,0.1724,0.575,1.2732
2026-06-15 17:36:00,75.68,0.187,0.089,7.013,5.02e-06,66828.0,0.2391,0.08958,0.0885,1829.19,2.729e-05,0.2814,0.1112,3.06e-06,0.05519,5.13e-06,75.04,0.8125,0.3723,2.714,0.1726,0.5785,1.2749,75.67,0.187,0.089,7.013,5.015e-06,66829.99,0.2387,0.08958,0.0884,1829.16,2.714e-05,0.2799,0.1109,3.063e-06,0.0551,5.121e-06,75.05,0.8124,0.3705,2.713,0.1715,0.5785,1.2751,75.68,0.187,0.08893,7.012,5.023e-06,66834.7,0.2389,0.08956,0.08853,1829.16,2.722e-05,0.281,0.1111,3.063e-06,0.05512,5.12e-06,75.05,0.8124,0.3721,2.714,0.1726,0.5784,1.2753,75.64,0.187,0.089,7.0,5.02e-06,66788.86,0.2389,0.08951,0.0885,1828.44,2.72e-05,0.281,0.111,3.06e-06,0.05526,5.12e-06,75.01,0.812,0.3721,2.713,0.172,0.5777,1.2746,75.697,0.18703,0.0889,7.004,5.02e-06,66821.48,0.2374,0.089535,0.08824,1829.25,2.708e-05,0.2839,0.1112,3.058e-06,0.05538,5.117e-06,75.06,0.809,0.37254,2.7204,0.1746,0.5755,1.2751,75.4714,0.18688,0.0886,7.0125,5.0182e-06,66815.87,0.238,0.089333,0.08835,1829.14,2.818e-05,0.2822,0.1111,3.055555e-06,0.0551,5.12e-06,75.0216,0.876,0.3713,2.7152,0.1725,0.578,1.27158,75.679,0.187,0.089,7.008,5.022e-06,66831.8,0.2388,0.08957,0.0885,1828.93,2.723e-05,0.2803,0.1111,3.062e-06,0.05519,5.123e-06,75.04,0.8119,0.3713,2.7137,0.1724,0.5786,1.27516,75.68,0.187,0.08897,7.011,5.021e-06,66824.16,0.2389,0.08958,0.08848,1829.02,2.727e-05,0.2814,0.11092,3.062e-06,0.05513,5.122e-06,75.05,0.8124,0.3723,2.713,0.1725,0.5783,1.2749,75.68,0.1871,0.08893,7.011,5.02e-06,66828.8,0.2389,0.08957,0.08852,1829.07,2.717e-05,0.2812,0.11113,3.064e-06,0.05519,5.123e-06,75.04,0.8123,0.3722,2.714,0.1726,0.5784,1.2753
2026-06-15 17:37:00,75.74,0.1873,0.0891,7.023,5.03e-06,66854.0,0.2389,0.08965,0.0886,1830.45,2.732e-05,0.2815,0.1112,3.07e-06,0.05523,5.13e-06,75.14,0.8135,0.3726,2.718,0.1728,0.5795,1.2772,75.66,0.1872,0.089,7.023,5.027e-06,66852.32,0.2387,0.08962,0.08853,1830.4,2.714e-05,0.2799,0.1111,3.068e-06,0.0552,5.125e-06,75.14,0.8134,0.3705,2.716,0.1724,0.5792,1.2774,75.76,0.1872,0.08893,7.023,5.028e-06,66859.0,0.239,0.08964,0.08855,1830.46,2.722e-05,0.2813,0.1112,3.067e-06,0.05521,5.12e-06,75.13,0.8134,0.3724,2.718,0.1727,0.5793,1.2772,75.71,0.1871,0.0891,7.02,5.02e-06,66816.26,0.2389,0.0896,0.0885,1829.5,2.72e-05,0.281,0.111,3.06e-06,0.05526,5.12e-06,75.1,0.813,0.3723,2.716,0.172,0.5792,1.2767,75.767,0.18718,0.0891,7.024,5.02e-06,66854.24,0.2374,0.089643,0.08824,1830.46,2.708e-05,0.2839,0.1112,3.058e-06,0.05538,5.117e-06,75.14,0.809,0.37254,2.7204,0.1746,0.5785,1.2775,75.4714,0.187252,0.0888,7.0215,5.0204e-06,66827.29,0.238,0.089333,0.08835,1830.14,2.817e-05,0.2822,0.1112,3.062962e-06,0.0552,5.12e-06,75.0589,0.8759,0.3716,2.7191,0.1728,0.578,1.27158,75.754,0.1872,0.0891,7.022,5.029e-06,66854.0,0.2388,0.0896,0.0885,1830.32,2.73e-05,0.2803,0.1111,3.067e-06,0.05523,5.124e-06,75.13,0.8131,0.3721,2.7183,0.1727,0.5792,1.27719,75.77,0.1873,0.08908,7.011,5.032e-06,66853.31,0.239,0.08963,0.08848,1830.46,2.731e-05,0.2814,0.11108,3.068e-06,0.05518,5.121e-06,75.13,0.8134,0.3726,2.716,0.1726,0.5787,1.277,75.78,0.1872,0.08915,7.022,5.027e-06,66852.7,0.2389,0.08965,0.08857,1830.35,2.731e-05,0.2813,0.11114,3.068e-06,0.05519,5.125e-06,75.13,0.8134,0.3724,2.717,0.1726,0.5792,1.2773
2026-06-15 17:38:00,75.76,0.1874,0.0891,7.022,5.03e-06,66864.01,0.239,0.08968,0.0885,1830.87,2.733e-05,0.2817,0.1113,3.06e-06,0.05524,5.12e-06,75.15,0.8136,0.373,2.719,0.1727,0.5803,1.2763,75.64,0.1873,0.0891,7.023,5.033e-06,66866.64,0.2387,0.08968,0.0884,1830.99,2.733e-05,0.2799,0.1111,3.067e-06,0.05528,5.125e-06,75.15,0.8133,0.3705,2.718,0.1725,0.5803,1.2761,75.75,0.1873,0.08912,7.023,5.03e-06,66871.8,0.2389,0.08967,0.08846,1830.96,2.722e-05,0.2816,0.1112,3.066e-06,0.05521,5.12e-06,75.15,0.8133,0.3727,2.719,0.1727,0.5804,1.2764,75.79,0.1872,0.0891,7.02,5.03e-06,66824.65,0.2389,0.08962,0.0884,1829.91,2.73e-05,0.281,0.111,3.06e-06,0.05523,5.13e-06,75.11,0.813,0.3723,2.718,0.172,0.5809,1.2758,75.767,0.18736,0.0891,7.019,5.02e-06,66869.96,0.2374,0.089676,0.08824,1830.99,2.708e-05,0.2839,0.1112,3.058e-06,0.05538,5.117e-06,75.16,0.81335,0.37254,2.7204,0.1746,0.5804,1.2764,75.4714,0.18718,0.0888,7.0208,5.0186e-06,66846.38,0.2381,0.089333,0.08846,1830.87,2.814e-05,0.2822,0.1113,3.067627e-06,0.0552,5.12e-06,75.0667,0.8759,0.372,2.7201,0.1728,0.579,1.27158,75.751,0.1873,0.0891,7.02,5.031e-06,66869.6,0.2388,0.08967,0.0884,1830.91,2.73e-05,0.2813,0.1112,3.067e-06,0.05525,5.123e-06,75.16,0.8129,0.3721,2.7177,0.1726,0.58,1.27628,75.75,0.1873,0.08907,7.02,5.027e-06,66862.86,0.2389,0.08968,0.08851,1830.77,2.734e-05,0.2816,0.11122,3.068e-06,0.05521,5.122e-06,75.15,0.813,0.3729,2.719,0.1726,0.5802,1.2761,75.75,0.1873,0.08917,7.02,5.029e-06,66863.4,0.2389,0.08968,0.08849,1830.69,2.731e-05,0.2813,0.11124,3.067e-06,0.05524,5.124e-06,75.15,0.8135,0.3726,2.719,0.1726,0.5803,1.2765
2026-06-15 18:47:00,75.85,0.1882,0.0887,7.005,5.05e-06,66847.99,0.2386,0.08952,0.088,1831.55,2.71e-05,0.2801,0.1111,3.07e-06,0.05505,5.13e-06,75.55,0.8101,0.372,2.711,0.1722,0.5825,1.2858,75.84,0.1882,0.0886,7.005,5.044e-06,66852.71,0.2385,0.08952,0.08795,1831.5,2.71e-05,0.2802,0.1111,3.063e-06,0.05504,5.125e-06,75.56,0.8101,0.3712,2.709,0.1721,0.5828,1.2857,75.85,0.1882,0.08877,7.005,5.047e-06,66856.0,0.2384,0.08951,0.08795,1831.55,2.707e-05,0.28,0.1111,3.062e-06,0.055,5.131e-06,75.56,0.8101,0.3721,2.71,0.1724,0.5827,1.2857,75.8,0.1882,0.0887,7.0,5.04e-06,66815.04,0.2389,0.08945,0.0879,1830.63,2.7e-05,0.28,0.111,3.06e-06,0.05499,5.13e-06,75.52,0.8099,0.3717,2.708,0.172,0.5822,1.285,75.806,0.18802,0.0887,7.003,5.036e-06,66856.76,0.2377,0.089496,0.08824,1831.77,2.706e-05,0.2806,0.1112,3.058e-06,0.05538,5.147e-06,75.56,0.81006,0.37254,2.7218,0.1746,0.5806,1.2858,75.904,0.188109,0.0885,7.0054,5.0343e-06,66839.06,0.2381,0.089773,0.08782,1831.94,2.708e-05,0.2802,0.1111,3.055593e-06,0.0549,5.12e-06,75.5567,0.8757,0.3708,2.7117,0.1721,0.582,1.28379,75.851,0.1882,0.0887,6.998,5.046e-06,66851.1,0.2385,0.08946,0.0879,1831.52,2.708e-05,0.2794,0.1111,3.063e-06,0.05504,5.132e-06,75.56,0.8099,0.3716,2.7103,0.1723,0.5827,1.28582,75.82,0.1882,0.08867,7.004,5.05e-06,66838.64,0.2387,0.08952,0.08782,1831.37,2.71e-05,0.28,0.11115,3.06e-06,0.05504,5.132e-06,75.55,0.81,0.3721,2.711,0.1722,0.5826,1.2856,75.86,0.1882,0.08871,7.002,5.046e-06,66854.7,0.2386,0.08951,0.08794,1831.34,2.709e-05,0.28,0.11115,3.062e-06,0.05501,5.132e-06,75.56,0.81,0.3721,2.709,0.1723,0.5824,1.2858
2026-06-15 18:48:00,75.76,0.1883,0.0888,7.009,5.03e-06,66877.99,0.2386,0.08952,0.0879,1832.86,2.711e-05,0.2801,0.1111,3.06e-06,0.05505,5.12e-06,75.57,0.8104,0.3723,2.712,0.1722,0.5842,1.2879,75.84,0.1883,0.0888,7.007,5.044e-06,66878.08,0.2385,0.08949,0.08789,1832.76,2.71e-05,0.2802,0.1112,3.061e-06,0.05504,5.131e-06,75.56,0.8105,0.3712,2.71,0.1722,0.5843,1.2876,75.75,0.1883,0.0888,7.007,5.039e-06,66883.5,0.2385,0.0895,0.0879,1832.81,2.707e-05,0.28,0.1111,3.059e-06,0.05505,5.128e-06,75.57,0.8104,0.3722,2.711,0.1723,0.5845,1.2879,75.72,0.1882,0.0889,7.01,5.03e-06,66850.0,0.2389,0.08947,0.0879,1832.2,2.7e-05,0.28,0.111,3.05e-06,0.05499,5.13e-06,75.53,0.8102,0.372,2.711,0.172,0.5838,1.2873,75.806,0.18829,0.0887,7.006,5.036e-06,66878.75,0.2377,0.089528,0.08824,1833.02,2.706e-05,0.2806,0.1112,3.058e-06,0.05538,5.147e-06,75.57,0.81041,0.37254,2.7218,0.1746,0.5806,1.288,75.904,0.188109,0.0886,7.0064,5.0343e-06,66854.78,0.2381,0.089773,0.08782,1833.1,2.707e-05,0.2801,0.1111,3.055593e-06,0.0549,5.12e-06,75.5115,0.8757,0.3709,2.7107,0.1721,0.583,1.28578,75.753,0.1883,0.0889,6.998,5.04e-06,66874.6,0.2385,0.08946,0.0879,1832.8,2.711e-05,0.2794,0.1111,3.061e-06,0.05504,5.128e-06,75.57,0.8103,0.3716,2.7106,0.1723,0.5841,1.28766,75.81,0.1883,0.08873,7.005,5.039e-06,66875.8,0.2387,0.08952,0.0879,1832.5,2.708e-05,0.2802,0.1111,3.06e-06,0.05506,5.128e-06,75.56,0.8102,0.3723,2.711,0.1721,0.5847,1.2877,75.79,0.1883,0.08883,7.007,5.039e-06,66883.5,0.2387,0.08952,0.0879,1832.66,2.709e-05,0.28,0.11117,3.058e-06,0.05504,5.129e-06,75.56,0.8104,0.3723,2.711,0.1723,0.584,1.288
2026-06-15 18:49:00,75.82,0.1886,0.0888,7.011,5.03e-06,66904.43,0.2387,0.08957,0.088,1834.43,2.713e-05,0.2805,0.1113,3.07e-06,0.05506,5.13e-06,75.57,0.8106,0.3723,2.715,0.1724,0.5849,1.288,75.8,0.1887,0.0888,7.011,5.034e-06,66906.45,0.2385,0.08957,0.08803,1834.39,2.71e-05,0.2802,0.1113,3.062e-06,0.05505,5.13e-06,75.57,0.811,0.3712,2.715,0.1722,0.5847,1.288,75.81,0.1886,0.08882,7.012,5.037e-06,66907.4,0.2387,0.08957,0.08807,1834.54,2.707e-05,0.2801,0.1113,3.063e-06,0.05507,5.13e-06,75.57,0.8108,0.3723,2.715,0.1724,0.5852,1.288,75.74,0.1884,0.0888,7.0,5.03e-06,66871.41,0.2389,0.08953,0.088,1833.37,2.7e-05,0.28,0.111,3.06e-06,0.05499,5.12e-06,75.53,0.8105,0.3721,2.711,0.172,0.584,1.2873,75.806,0.18861,0.0888,7.012,5.036e-06,66908.98,0.2377,0.089554,0.08824,1834.66,2.706e-05,0.2806,0.1112,3.058e-06,0.05538,5.147e-06,75.58,0.81105,0.37254,2.7218,0.1746,0.5806,1.2879,75.904,0.188544,0.0886,7.0113,5.0343e-06,66904.01,0.2381,0.089773,0.08792,1834.71,2.709e-05,0.2805,0.1112,3.055593e-06,0.055,5.12e-06,75.5115,0.8757,0.3712,2.7147,0.1723,0.584,1.28717,75.799,0.1886,0.0888,7.01,5.036e-06,66903.1,0.2387,0.08957,0.088,1834.38,2.712e-05,0.2801,0.1112,3.062e-06,0.05504,5.133e-06,75.6,0.8108,0.3716,2.7146,0.1725,0.5846,1.28824,75.82,0.1886,0.0888,7.009,5.036e-06,66899.47,0.2387,0.08957,0.08807,1834.41,2.712e-05,0.2804,0.11129,3.062e-06,0.05508,5.13e-06,75.57,0.8111,0.3725,2.715,0.1724,0.5851,1.2878,75.83,0.1886,0.08879,7.011,5.036e-06,66907.4,0.2388,0.08956,0.08806,1834.35,2.709e-05,0.2802,0.11133,3.061e-06,0.05503,5.132e-06,75.58,0.8107,0.3723,2.714,0.1723,0.5848,1.2882
2026-06-15 18:50:00,75.75,0.1883,0.0888,7.004,5.02e-06,66894.32,0.2389,0.08952,0.0879,1833.42,2.706e-05,0.2802,0.1113,3.05e-06,0.055,5.12e-06,75.51,0.8097,0.3721,2.711,0.1721,0.5849,1.2876,75.76,0.1883,0.0888,7.004,5.021e-06,66895.73,0.2388,0.08951,0.088,1833.51,2.707e-05,0.2802,0.1113,3.057e-06,0.05502,5.131e-06,75.51,0.8097,0.3723,2.713,0.1722,0.5855,1.2876,75.75,0.1883,0.08878,7.004,5.02e-06,66897.1,0.2387,0.08951,0.08795,1833.34,2.71e-05,0.28,0.1113,3.056e-06,0.05507,5.13e-06,75.5,0.8097,0.3724,2.711,0.1722,0.5849,1.2874,75.71,0.1882,0.0888,7.0,5.02e-06,66861.2,0.2389,0.08947,0.0879,1832.19,2.7e-05,0.279,0.111,3.05e-06,0.05498,5.12e-06,75.48,0.8094,0.3718,2.711,0.172,0.5851,1.2867,75.806,0.18833,0.0888,7.012,5.036e-06,66899.0,0.2377,0.089506,0.08824,1833.69,2.707e-05,0.2806,0.1112,3.058e-06,0.05538,5.147e-06,75.53,0.81105,0.37254,2.7218,0.1746,0.5842,1.2876,75.904,0.188212,0.0885,7.0032,5.0281e-06,66904.01,0.238,0.089773,0.08782,1833.77,2.703e-05,0.2801,0.1112,3.055593e-06,0.0549,5.12e-06,75.4372,0.88,0.3711,2.7107,0.172,0.584,1.28717,75.758,0.1884,0.0888,7.003,5.018e-06,66895.3,0.2388,0.0895,0.088,1833.31,2.712e-05,0.2801,0.1113,3.058e-06,0.05498,5.126e-06,75.51,0.8097,0.3716,2.7114,0.1722,0.5851,1.28748,75.7,0.1884,0.08876,7.006,5.025e-06,66893.21,0.239,0.08952,0.08794,1833.45,2.706e-05,0.2801,0.11131,3.059e-06,0.05505,5.125e-06,75.51,0.8105,0.3725,2.711,0.1719,0.5858,1.2874,75.71,0.1882,0.08879,7.003,5.02e-06,66897.9,0.2389,0.08951,0.08797,1833.21,2.707e-05,0.2802,0.11133,3.055e-06,0.05503,5.128e-06,75.49,0.8098,0.372,2.711,0.1723,0.5846,1.2875
2026-06-15 18:52:00,75.64,0.1878,0.0886,6.995,5.02e-06,66842.5,0.239,0.08941,0.0877,1831.83,2.7e-05,0.2799,0.1111,3.04e-06,0.05496,5.12e-06,75.37,0.809,0.3714,2.708,0.1718,0.5876,1.2855,75.61,0.1878,0.0885,6.993,5.016e-06,66839.41,0.2386,0.08941,0.08769,1831.97,2.699e-05,0.28,0.1111,3.049e-06,0.05498,5.119e-06,75.36,0.809,0.3713,2.706,0.1717,0.5875,1.2852,75.62,0.1879,0.08857,6.995,5.02e-06,66843.6,0.2388,0.08942,0.08772,1831.88,2.699e-05,0.2798,0.1111,3.05e-06,0.05496,5.117e-06,75.37,0.8088,0.3716,2.708,0.1718,0.5875,1.2854,75.56,0.1877,0.0885,6.99,5.02e-06,66812.53,0.2389,0.08937,0.0877,1830.9,2.7e-05,0.279,0.111,3.05e-06,0.05495,5.12e-06,75.33,0.8085,0.3712,2.708,0.171,0.587,1.285,75.806,0.18782,0.0886,6.99,5.036e-06,66840.1,0.2377,0.089389,0.08824,1832.04,2.707e-05,0.2806,0.1112,3.058e-06,0.05538,5.147e-06,75.36,0.80799,0.37254,2.7218,0.1746,0.5871,1.2854,75.904,0.187731,0.0884,6.9889,5.0204e-06,66825.61,0.2379,0.089623,0.08761,1832.28,2.697e-05,0.2799,0.1111,3.047703e-06,0.0549,5.12e-06,75.4372,0.88,0.3705,2.7098,0.1717,0.586,1.28602,75.644,0.1879,0.0886,6.995,5.021e-06,66842.5,0.2389,0.08943,0.0877,1831.93,2.698e-05,0.2801,0.1111,3.049e-06,0.05495,5.119e-06,75.36,0.8087,0.3716,2.7086,0.1718,0.5874,1.28536,75.65,0.1877,0.08864,6.989,5.023e-06,66840.36,0.239,0.08942,0.08767,1831.87,2.699e-05,0.2799,0.1111,3.05e-06,0.05501,5.119e-06,75.36,0.8086,0.3714,2.708,0.1717,0.5878,1.2855,75.65,0.1879,0.0886,6.995,5.021e-06,66845.4,0.2388,0.08942,0.08768,1831.89,2.703e-05,0.2797,0.11114,3.048e-06,0.05498,5.122e-06,75.37,0.809,0.3716,2.708,0.1723,0.5875,1.2856
2026-06-15 18:53:00,75.56,0.1879,0.0886,6.989,5.02e-06,66842.49,0.2391,0.08942,0.0877,1831.32,2.698e-05,0.2795,0.1111,3.05e-06,0.05494,5.12e-06,75.35,0.8097,0.3719,2.707,0.1716,0.586,1.2851,75.61,0.1879,0.0885,6.989,5.016e-06,66843.42,0.2386,0.08941,0.0877,1831.39,2.699e-05,0.28,0.1111,3.045e-06,0.05496,5.119e-06,75.35,0.8099,0.3713,2.706,0.1717,0.5854,1.2852,75.56,0.1879,0.08853,6.991,5.018e-06,66846.0,0.2389,0.08939,0.08769,1831.43,2.699e-05,0.2794,0.1111,3.047e-06,0.05497,5.117e-06,75.36,0.8096,0.3716,2.706,0.1717,0.5861,1.2849,75.5,0.1878,0.0885,6.99,5.02e-06,66811.63,0.2389,0.08936,0.0877,1830.35,2.7e-05,0.279,0.111,3.04e-06,0.05495,5.11e-06,75.31,0.8095,0.3716,2.708,0.171,0.5852,1.2846,75.806,0.18786,0.0886,6.994,5.036e-06,66845.19,0.2377,0.089391,0.08824,1831.64,2.707e-05,0.2806,0.1112,3.058e-06,0.05538,5.147e-06,75.34,0.80976,0.37254,2.7218,0.1746,0.5863,1.2851,75.904,0.18781,0.0884,6.9883,5.0204e-06,66839.52,0.2386,0.089684,0.08762,1831.67,2.696e-05,0.2795,0.111,3.047703e-06,0.0549,5.12e-06,75.3267,0.877,0.3708,2.7059,0.1716,0.585,1.28602,75.544,0.1878,0.0886,6.989,5.02e-06,66841.6,0.2389,0.08941,0.0877,1831.32,2.698e-05,0.2801,0.1111,3.046e-06,0.05494,5.118e-06,75.35,0.8098,0.3716,2.7059,0.1718,0.5862,1.28503,75.57,0.1879,0.08857,6.99,5.023e-06,66841.09,0.2389,0.08942,0.08769,1831.35,2.698e-05,0.2794,0.1111,3.048e-06,0.05499,5.119e-06,75.34,0.8099,0.372,2.707,0.1714,0.5864,1.2852,75.57,0.1879,0.08851,6.989,5.02e-06,66848.1,0.2389,0.0894,0.0877,1831.25,2.699e-05,0.2797,0.11111,3.046e-06,0.05497,5.12e-06,75.35,0.81,0.3719,2.706,0.1723,0.5859,1.2853
2026-06-15 18:54:00,75.58,0.1878,0.0886,6.988,5.01e-06,66848.0,0.2391,0.08941,0.0877,1831.16,2.697e-05,0.2793,0.1109,3.04e-06,0.05494,5.12e-06,75.36,0.8095,0.3714,2.706,0.1716,0.5853,1.2857,75.61,0.1878,0.0885,6.988,5.016e-06,66851.68,0.2388,0.08941,0.08762,1831.0,2.696e-05,0.28,0.111,3.044e-06,0.05496,5.118e-06,75.36,0.8096,0.3713,2.706,0.1717,0.5854,1.2856,75.56,0.1878,0.08849,6.987,5.018e-06,66858.0,0.2388,0.0894,0.08765,1831.29,2.699e-05,0.2793,0.111,3.043e-06,0.05497,5.117e-06,75.38,0.8097,0.3716,2.706,0.1717,0.5852,1.2856,75.62,0.1878,0.0885,6.99,5.02e-06,66824.25,0.2389,0.08937,0.0877,1830.34,2.7e-05,0.279,0.111,3.04e-06,0.05492,5.12e-06,75.33,0.8096,0.3717,2.708,0.171,0.5852,1.2849,75.806,0.18778,0.0886,6.994,5.036e-06,66855.34,0.2377,0.089401,0.08824,1831.39,2.707e-05,0.2806,0.1112,3.058e-06,0.05538,5.147e-06,75.38,0.80956,0.37254,2.7218,0.1746,0.5863,1.2855,75.904,0.187707,0.0884,6.9889,5.0204e-06,66830.87,0.2379,0.089684,0.08751,1831.01,2.695e-05,0.2793,0.1109,3.046308e-06,0.0548,5.12e-06,75.3267,0.8786,0.3703,2.7059,0.1715,0.584,1.28602,75.607,0.1877,0.0885,6.986,5.021e-06,66841.6,0.2389,0.08943,0.0877,1830.9,2.698e-05,0.2794,0.111,3.044e-06,0.05494,5.117e-06,75.34,0.8095,0.3718,2.7065,0.1716,0.5852,1.28565,75.61,0.1879,0.0885,6.986,5.022e-06,66851.12,0.2389,0.08942,0.08767,1831.02,2.697e-05,0.2794,0.11098,3.045e-06,0.05498,5.118e-06,75.37,0.8096,0.3716,2.707,0.1715,0.5862,1.2855,75.62,0.1878,0.08848,6.986,5.017e-06,66861.3,0.2389,0.08941,0.08767,1831.22,2.699e-05,0.2797,0.11098,3.044e-06,0.05497,5.12e-06,75.37,0.8099,0.3715,2.706,0.1715,0.585,1.2856
2026-06-15 18:55:00,75.61,0.188,0.0886,6.99,5.03e-06,66863.28,0.2392,0.08948,0.0878,1832.19,2.7e-05,0.2795,0.1111,3.04e-06,0.05494,5.12e-06,75.45,0.8103,0.3718,2.708,0.1717,0.5904,1.2867,75.64,0.188,0.0885,6.99,5.016e-06,66863.69,0.2388,0.08948,0.08774,1832.26,2.696e-05,0.2796,0.1111,3.046e-06,0.05496,5.122e-06,75.46,0.8105,0.3713,2.709,0.1716,0.5902,1.2864,75.6,0.188,0.08856,6.991,5.025e-06,66870.4,0.2391,0.08946,0.08777,1832.32,2.699e-05,0.2795,0.1111,3.046e-06,0.05502,5.12e-06,75.46,0.8104,0.3719,2.708,0.1718,0.5903,1.2868,75.54,0.1879,0.0885,6.99,5.02e-06,66841.37,0.2388,0.08944,0.0877,1831.21,2.7e-05,0.279,0.111,3.04e-06,0.05493,5.12e-06,75.42,0.81,0.3715,2.705,0.171,0.5902,1.286,75.662,0.18794,0.0886,6.992,5.036e-06,66870.0,0.2377,0.089504,0.08824,1832.45,2.707e-05,0.2806,0.1112,3.058e-06,0.05538,5.147e-06,75.46,0.81034,0.37254,2.7218,0.1746,0.5891,1.2868,75.904,0.187707,0.0884,6.9883,5.0204e-06,66859.27,0.2379,0.089684,0.08751,1832.21,2.698e-05,0.2794,0.111,3.046308e-06,0.0548,5.12e-06,75.4031,0.8727,0.3707,2.7063,0.1716,0.589,1.28602,75.626,0.1879,0.0886,6.988,5.025e-06,66865.0,0.2391,0.08946,0.0878,1832.0,2.7e-05,0.2794,0.1111,3.046e-06,0.05495,5.119e-06,75.44,0.8104,0.3717,2.708,0.1716,0.5908,1.28674,75.59,0.188,0.08854,6.989,5.023e-06,66864.43,0.2393,0.08949,0.08779,1832.35,2.699e-05,0.2795,0.11103,3.047e-06,0.05499,5.119e-06,75.45,0.8103,0.3718,2.709,0.1716,0.5903,1.2865,75.66,0.188,0.08852,6.989,5.025e-06,66870.2,0.2391,0.08948,0.08781,1832.2,2.699e-05,0.2795,0.11104,3.048e-06,0.05498,5.124e-06,75.46,0.8105,0.3719,2.708,0.1718,0.59,1.2868
2026-06-15 19:00:00,75.36,0.1873,0.0883,6.973,5e-06,66782.0,0.239,0.08941,0.0875,1828.11,2.695e-05,0.279,0.1109,3.03e-06,0.05491,5.11e-06,75.32,0.8093,0.3712,2.705,0.1714,0.5857,1.2821,75.19,0.1873,0.0883,6.973,4.991e-06,66780.11,0.2388,0.08933,0.08749,1827.99,2.687e-05,0.2788,0.1108,3.032e-06,0.05489,5.11e-06,75.31,0.8094,0.3708,2.701,0.171,0.5858,1.282,75.33,0.1873,0.0882,6.972,4.997e-06,66787.2,0.239,0.08939,0.08749,1828.01,2.693e-05,0.2787,0.1109,3.032e-06,0.05485,5.113e-06,75.31,0.8092,0.3712,2.706,0.1715,0.5861,1.282,75.3,0.1872,0.0883,6.97,5e-06,66759.18,0.2391,0.08935,0.0874,1827.1,2.69e-05,0.279,0.111,3.03e-06,0.0549,5.12e-06,75.29,0.8091,0.3709,2.705,0.171,0.5852,1.2816,75.662,0.1873,0.0883,6.968,5.036e-06,66784.57,0.2377,0.0894,0.08824,1828.38,2.707e-05,0.2806,0.1112,3.03e-06,0.05538,5.147e-06,75.31,0.80906,0.37254,2.7218,0.1746,0.5862,1.2821,75.904,0.187277,0.0881,6.9722,5.0197e-06,66742.38,0.238,0.089657,0.08744,1828.37,2.69e-05,0.2785,0.1108,3.02983e-06,0.0548,5.11e-06,75.2656,0.8728,0.3698,2.7038,0.1713,0.585,1.28602,75.36,0.1873,0.0883,6.972,4.998e-06,66780.0,0.2387,0.08939,0.0875,1827.76,2.69e-05,0.2785,0.1109,3.031e-06,0.0549,5.113e-06,75.3,0.8088,0.3705,2.7052,0.1715,0.5857,1.28212,75.3,0.1872,0.08822,6.966,4.997e-06,66780.0,0.2391,0.08939,0.08735,1827.94,2.689e-05,0.2786,0.11083,3.029e-06,0.05491,5.111e-06,75.3,0.8093,0.3713,2.703,0.1713,0.5868,1.2818,75.35,0.1873,0.08835,6.969,5.001e-06,66787.6,0.2392,0.08939,0.08749,1828.19,2.688e-05,0.2791,0.11092,3.032e-06,0.0549,5.113e-06,75.31,0.8094,0.3712,2.704,0.1714,0.5857,1.2821
2026-06-15 19:04:00,75.47,0.1883,0.0886,6.993,5.01e-06,66850.0,0.2395,0.08962,0.0873,1831.59,2.694e-05,0.2797,0.111,3.04e-06,0.05496,5.13e-06,75.57,0.8116,0.3725,2.713,0.1717,0.5892,1.2883,75.47,0.1882,0.0886,6.993,5.008e-06,66852.3,0.2394,0.08962,0.08726,1831.68,2.691e-05,0.2788,0.111,3.041e-06,0.05497,5.125e-06,75.56,0.8114,0.3708,2.711,0.1716,0.5898,1.2883,75.49,0.1882,0.08856,6.991,5.005e-06,66856.2,0.2395,0.08958,0.08728,1831.64,2.691e-05,0.2794,0.111,3.039e-06,0.05498,5.125e-06,75.57,0.8118,0.3725,2.713,0.1717,0.5893,1.2883,75.46,0.1881,0.0886,6.99,5.01e-06,66827.54,0.2394,0.08957,0.0872,1830.7,2.69e-05,0.28,0.111,3.04e-06,0.05492,5.13e-06,75.53,0.8115,0.3721,2.709,0.171,0.589,1.2878,75.518,0.18821,0.0885,6.985,5.036e-06,66854.06,0.2377,0.089584,0.08824,1831.7,2.707e-05,0.2806,0.1112,3.03e-06,0.05538,5.147e-06,75.57,0.81126,0.37174,2.7218,0.1746,0.5901,1.2884,75.904,0.188009,0.0883,6.9833,5.0197e-06,66833.66,0.2386,0.089657,0.08715,1831.8,2.692e-05,0.2792,0.111,3.039016e-06,0.0548,5.11e-06,75.2992,0.8679,0.3713,2.7117,0.1716,0.588,1.28602,75.512,0.1883,0.0886,6.99,5.006e-06,66856.0,0.2395,0.08959,0.0872,1831.63,2.696e-05,0.2793,0.1109,3.04e-06,0.05496,5.124e-06,75.57,0.8112,0.3713,2.7125,0.1718,0.5902,1.2882,75.5,0.1882,0.08854,6.99,5.011e-06,66848.47,0.2394,0.08963,0.08753,1831.19,2.694e-05,0.2795,0.11103,3.041e-06,0.05501,5.125e-06,75.57,0.8115,0.3724,2.713,0.1716,0.59,1.2882,75.48,0.1882,0.08853,6.991,5.01e-06,66854.2,0.2397,0.08961,0.08713,1831.5,2.692e-05,0.2795,0.11106,3.039e-06,0.05497,5.128e-06,75.56,0.8117,0.3724,2.711,0.1717,0.5892,1.2885
2026-06-15 19:05:00,75.42,0.1885,0.0886,6.992,5.01e-06,66860.0,0.2394,0.08966,0.0873,1831.57,2.696e-05,0.2796,0.111,3.03e-06,0.05498,5.13e-06,75.61,0.8122,0.3724,2.714,0.1716,0.5892,1.2902,75.47,0.1885,0.0886,6.992,5.008e-06,66864.29,0.2393,0.08963,0.08731,1831.62,2.691e-05,0.2788,0.111,3.038e-06,0.05495,5.127e-06,75.61,0.8124,0.3708,2.711,0.1716,0.5891,1.2904,75.43,0.1884,0.08857,6.99,5.004e-06,66866.3,0.2392,0.08964,0.08735,1831.67,2.697e-05,0.2796,0.111,3.039e-06,0.055,5.128e-06,75.61,0.8124,0.3725,2.714,0.1717,0.5889,1.2904,75.34,0.1884,0.0886,6.99,5.01e-06,66839.83,0.2394,0.0896,0.0873,1830.66,2.69e-05,0.28,0.111,3.04e-06,0.05492,5.13e-06,75.58,0.8122,0.3721,2.712,0.171,0.5885,1.2897,75.518,0.18841,0.0885,6.992,5.036e-06,66852.72,0.2377,0.089624,0.08824,1831.79,2.707e-05,0.2806,0.1112,3.039e-06,0.05538,5.147e-06,75.6,0.81186,0.37174,2.7218,0.1746,0.5903,1.2903,75.904,0.188593,0.0884,6.9923,5.0197e-06,66842.1,0.2389,0.089657,0.08715,1831.76,2.693e-05,0.2791,0.111,3.039016e-06,0.0549,5.11e-06,75.2992,0.8646,0.3713,2.7136,0.1715,0.588,1.28888,75.45,0.1885,0.0886,6.993,5.012e-06,66859.6,0.2395,0.08964,0.0873,1831.59,2.696e-05,0.2793,0.111,3.039e-06,0.05497,5.127e-06,75.62,0.8118,0.3713,2.7126,0.1717,0.5898,1.29024,75.42,0.1884,0.08865,6.99,5.006e-06,66854.1,0.2394,0.08966,0.08736,1831.34,2.696e-05,0.2797,0.11095,3.039e-06,0.055,5.13e-06,75.61,0.8118,0.3725,2.715,0.1716,0.59,1.2901,75.46,0.1885,0.08861,6.99,5.004e-06,66868.8,0.2395,0.08965,0.08732,1831.62,2.692e-05,0.2796,0.11101,3.038e-06,0.05498,5.13e-06,75.61,0.8123,0.3724,2.712,0.1717,0.5892,1.2903
2026-06-15 19:18:00,74.61,0.1866,0.0876,6.935,4.92e-06,66576.0,0.2378,0.08903,0.0863,1818.94,2.674e-05,0.277,0.1101,3e-06,0.05439,5.1e-06,75.0,0.8014,0.3663,2.69,0.1697,0.5811,1.2793,74.64,0.1866,0.0875,6.934,4.928e-06,66576.51,0.2382,0.08904,0.08626,1818.77,2.676e-05,0.2781,0.1102,2.998e-06,0.05439,5.091e-06,75.01,0.8013,0.3656,2.689,0.1698,0.5812,1.2798,74.65,0.1866,0.08759,6.934,4.926e-06,66572.5,0.2377,0.08903,0.08629,1818.98,2.68e-05,0.2771,0.1102,2.996e-06,0.05443,5.09e-06,75.0,0.8016,0.3662,2.691,0.1698,0.581,1.2799,74.62,0.1865,0.0875,6.94,4.93e-06,66541.3,0.2376,0.089,0.0863,1817.98,2.67e-05,0.277,0.11,2.99e-06,0.05437,5.09e-06,74.97,0.8014,0.3662,2.688,0.169,0.5805,1.2789,74.911,0.18655,0.0877,6.945,5.036e-06,66584.31,0.2384,0.089035,0.08655,1819.44,2.698e-05,0.2806,0.1112,3.039e-06,0.05538,5.147e-06,75.0,0.80156,0.37145,2.7218,0.1746,0.584,1.2793,75.0533,0.186993,0.0873,6.9571,4.9387e-06,66582.3,0.2378,0.089201,0.08665,1820.48,2.671e-05,0.277,0.1104,2.999999e-06,0.0542,5.1e-06,75.0,0.8609,0.3651,2.6993,0.1698,0.581,1.28,74.569,0.1866,0.0875,6.936,4.931e-06,66576.8,0.2377,0.08902,0.0863,1819.26,2.676e-05,0.2771,0.1102,2.997e-06,0.05437,5.091e-06,75.0,0.8013,0.3663,2.6902,0.1697,0.5807,1.27954,74.85,0.1866,0.08763,6.943,4.927e-06,66573.37,0.2377,0.08905,0.0863,1819.28,2.681e-05,0.2769,0.11022,2.998e-06,0.05463,5.088e-06,75.02,0.8019,0.3663,2.7,0.1695,0.5817,1.2794,74.66,0.1864,0.08756,6.935,4.926e-06,66577.1,0.2378,0.08904,0.08627,1818.81,2.674e-05,0.2772,0.11018,2.997e-06,0.05438,5.09e-06,75.01,0.8014,0.3661,2.689,0.1699,0.5811,1.2796
2026-06-15 19:19:00,74.14,0.1855,0.087,6.899,4.88e-06,66414.9,0.2366,0.08872,0.0858,1813.52,2.657e-05,0.2745,0.109,2.98e-06,0.05415,5.06e-06,74.67,0.797,0.3646,2.674,0.1683,0.5804,1.2743,74.09,0.1853,0.087,6.897,4.883e-06,66417.6,0.2367,0.08872,0.08573,1813.22,2.667e-05,0.2753,0.109,2.986e-06,0.05412,5.06e-06,74.67,0.7972,0.3641,2.674,0.1682,0.5806,1.2741,74.1,0.1854,0.08699,6.895,4.884e-06,66420.3,0.2367,0.08871,0.08577,1813.58,2.665e-05,0.2744,0.109,2.986e-06,0.05413,5.058e-06,74.66,0.7969,0.3643,2.675,0.1683,0.5809,1.2747,74.1,0.1853,0.0869,6.9,4.88e-06,66392.95,0.2366,0.08868,0.0857,1812.8,2.66e-05,0.274,0.109,2.99e-06,0.05419,5.04e-06,74.63,0.7965,0.3643,2.674,0.169,0.5804,1.2738,74.276,0.18524,0.0871,6.895,5.036e-06,66416.87,0.2384,0.088726,0.08655,1813.66,2.698e-05,0.2806,0.1089,2.981e-06,0.05408,5.058e-06,74.67,0.79804,0.37145,2.6845,0.168,0.5809,1.2744,74.2138,0.185371,0.0868,6.8982,4.8979e-06,66412.82,0.2364,0.088911,0.08575,1813.91,2.655e-05,0.2735,0.109,2.988e-06,0.054,5.06e-06,74.6391,0.8496,0.3635,2.6744,0.1682,0.581,1.27457,74.116,0.1857,0.087,6.892,4.883e-06,66412.1,0.2366,0.08871,0.0857,1813.27,2.66e-05,0.275,0.109,2.985e-06,0.05413,5.057e-06,74.66,0.7968,0.3642,2.6751,0.1683,0.5807,1.27446,74.27,0.1855,0.087,6.892,4.894e-06,66410.25,0.2366,0.08873,0.08572,1812.92,2.66e-05,0.2764,0.10938,2.989e-06,0.05409,5.053e-06,74.67,0.7967,0.3645,2.683,0.1682,0.5817,1.2742,74.13,0.1854,0.087,6.894,4.884e-06,66425.2,0.2368,0.08872,0.08572,1813.59,2.657e-05,0.2744,0.10905,2.986e-06,0.05406,5.057e-06,74.67,0.7971,0.3646,2.672,0.1684,0.5805,1.2746
2026-06-15 19:20:00,74.29,0.1859,0.0873,6.918,4.9e-06,66503.82,0.2372,0.08891,0.0863,1816.14,2.66e-05,0.2752,0.1094,3e-06,0.0543,5.08e-06,74.85,0.8007,0.3661,2.68,0.169,0.5846,1.2785,74.24,0.1859,0.0869,6.908,4.904e-06,66506.68,0.2362,0.08886,0.08631,1815.53,2.657e-05,0.2749,0.1093,3.002e-06,0.05431,5.069e-06,74.86,0.8008,0.364,2.678,0.1689,0.5842,1.2779,74.22,0.1859,0.08727,6.917,4.897e-06,66511.2,0.2371,0.08884,0.08635,1815.78,2.658e-05,0.275,0.1094,2.999e-06,0.05429,5.07e-06,74.85,0.8005,0.3661,2.679,0.1691,0.5846,1.2784,74.23,0.1858,0.0873,6.91,4.89e-06,66474.23,0.237,0.08885,0.0863,1815.32,2.66e-05,0.275,0.11,3e-06,0.05426,5.07e-06,74.82,0.8004,0.3659,2.678,0.169,0.5834,1.2779,74.267,0.1859,0.0873,6.915,5.036e-06,66511.71,0.2384,0.088882,0.08655,1816.27,2.698e-05,0.2806,0.1089,2.981e-06,0.05408,5.058e-06,74.86,0.79996,0.36623,2.6845,0.168,0.5809,1.2786,74.2138,0.185804,0.087,6.9173,4.8883e-06,66493.67,0.2365,0.088819,0.08632,1816.27,2.658e-05,0.2741,0.1093,2.988e-06,0.0542,5.06e-06,74.7622,0.85,0.365,2.6794,0.1688,0.583,1.27457,74.268,0.1859,0.0873,6.916,4.893e-06,66512.4,0.2362,0.08888,0.0863,1815.98,2.658e-05,0.2752,0.1093,3e-06,0.05429,5.07e-06,74.85,0.8,0.3658,2.6804,0.169,0.5844,1.27806,74.27,0.1859,0.08719,6.915,4.897e-06,66494.14,0.2371,0.0889,0.08611,1815.93,2.662e-05,0.275,0.10917,3.001e-06,0.05423,5.069e-06,74.83,0.7996,0.3659,2.674,0.1688,0.5844,1.2782,74.26,0.1859,0.08728,6.915,4.896e-06,66506.9,0.2373,0.08887,0.08633,1816.12,2.664e-05,0.2753,0.1094,3.001e-06,0.05429,5.07e-06,74.85,0.801,0.366,2.679,0.1691,0.5845,1.2786
2026-06-15 19:21:00,74.24,0.1854,0.0872,6.91,4.89e-06,66481.94,0.2368,0.08879,0.0863,1814.99,2.655e-05,0.2748,0.1094,3e-06,0.05421,5.07e-06,74.77,0.7997,0.3654,2.678,0.1688,0.5856,1.2733,74.22,0.1854,0.0869,6.91,4.904e-06,66488.24,0.2365,0.08878,0.08616,1814.89,2.657e-05,0.2749,0.1093,2.998e-06,0.05417,5.071e-06,74.77,0.7999,0.364,2.676,0.1689,0.5852,1.2735,74.24,0.1854,0.0872,6.91,4.889e-06,66487.3,0.2368,0.08877,0.08631,1814.8,2.654e-05,0.2747,0.1094,2.994e-06,0.0542,5.067e-06,74.77,0.7997,0.3653,2.678,0.1689,0.5852,1.2729,74.21,0.1853,0.0873,6.91,4.89e-06,66453.35,0.2366,0.08872,0.0863,1814.08,2.66e-05,0.275,0.11,3e-06,0.05417,5.07e-06,74.73,0.7994,0.3658,2.677,0.169,0.5854,1.2727,74.247,0.18536,0.0873,6.91,5.036e-06,66484.84,0.2384,0.088766,0.08655,1815.04,2.698e-05,0.2806,0.1089,2.981e-06,0.05408,5.058e-06,74.78,0.79962,0.36623,2.6845,0.168,0.5809,1.2735,74.2138,0.185377,0.087,6.9097,4.8883e-06,66473.85,0.2364,0.088819,0.08633,1815.03,2.654e-05,0.2736,0.1095,2.993779e-06,0.0541,5.06e-06,74.6989,0.8524,0.3644,2.6784,0.1701,0.584,1.27175,74.221,0.1853,0.0872,6.906,4.888e-06,66486.6,0.237,0.08874,0.0863,1814.83,2.658e-05,0.2748,0.1094,2.998e-06,0.05419,5.069e-06,74.75,0.7993,0.3654,2.6789,0.1687,0.5851,1.27325,74.23,0.1854,0.08741,6.909,4.894e-06,66479.99,0.2367,0.08878,0.08624,1814.68,2.658e-05,0.275,0.10934,3.001e-06,0.05423,5.068e-06,74.77,0.7996,0.3654,2.676,0.1685,0.5852,1.2731,74.24,0.1854,0.08717,6.908,4.888e-06,66487.4,0.2372,0.08877,0.08628,1814.79,2.657e-05,0.2745,0.10945,2.998e-06,0.05416,5.067e-06,74.77,0.7996,0.3654,2.677,0.1689,0.5855,1.2735
2026-06-15 19:22:00,74.33,0.1859,0.0873,6.917,4.9e-06,66566.05,0.237,0.08894,0.0865,1818.57,2.66e-05,0.2755,0.1096,3e-06,0.05424,5.07e-06,74.91,0.8003,0.3659,2.683,0.1692,0.5875,1.2761,74.3,0.1859,0.0873,6.916,4.904e-06,66565.0,0.2371,0.08894,0.08645,1818.69,2.657e-05,0.2749,0.1093,3.002e-06,0.05424,5.073e-06,74.91,0.8003,0.364,2.684,0.1691,0.5873,1.2761,74.34,0.1858,0.08733,6.916,4.901e-06,66566.3,0.2371,0.08892,0.08648,1818.64,2.661e-05,0.2754,0.1096,3e-06,0.05424,5.072e-06,74.91,0.8,0.3658,2.682,0.1693,0.5877,1.276,74.32,0.1857,0.0873,6.91,4.89e-06,66535.09,0.2366,0.08888,0.0864,1817.9,2.66e-05,0.275,0.11,3.01e-06,0.05417,5.07e-06,74.87,0.7992,0.3657,2.684,0.169,0.5858,1.2754,74.346,0.18589,0.0873,6.916,5.036e-06,66562.88,0.2384,0.088915,0.08655,1818.82,2.698e-05,0.2806,0.1089,2.999e-06,0.05408,5.058e-06,74.91,0.80004,0.36623,2.6845,0.168,0.5878,1.2761,74.2138,0.185938,0.0871,6.9173,4.8883e-06,66574.85,0.2366,0.088819,0.08643,1818.66,2.658e-05,0.2741,0.1096,2.993779e-06,0.0541,5.07e-06,74.6989,0.85,0.3649,2.6834,0.1692,0.586,1.27426,74.302,0.1859,0.0874,6.915,4.904e-06,66559.1,0.237,0.08889,0.0865,1818.53,2.662e-05,0.2753,0.1096,3.002e-06,0.05422,5.071e-06,74.91,0.7999,0.3654,2.6833,0.1692,0.5881,1.27603,74.34,0.1859,0.08738,6.919,4.904e-06,66561.79,0.237,0.08897,0.08644,1818.39,2.661e-05,0.2755,0.10948,3.001e-06,0.0543,5.071e-06,74.89,0.8001,0.3657,2.682,0.169,0.5879,1.2756,74.36,0.1859,0.08732,6.914,4.901e-06,66572.4,0.237,0.08894,0.08646,1818.98,2.661e-05,0.2757,0.10962,3.002e-06,0.05425,5.071e-06,74.91,0.8002,0.366,2.683,0.1694,0.5875,1.2762
2026-06-15 19:23:00,74.44,0.1861,0.0874,6.92,4.9e-06,66576.0,0.2372,0.08899,0.0865,1819.52,2.663e-05,0.2759,0.1097,3e-06,0.05426,5.08e-06,74.94,0.8009,0.3665,2.684,0.1693,0.5872,1.2764,74.43,0.1861,0.0873,6.916,4.904e-06,66581.59,0.2371,0.08897,0.0864,1819.43,2.657e-05,0.2755,0.1093,3.003e-06,0.05424,5.072e-06,74.94,0.8009,0.3657,2.684,0.1691,0.5869,1.2762,74.44,0.1862,0.08741,6.916,4.899e-06,66583.7,0.2369,0.08897,0.08646,1819.52,2.659e-05,0.2756,0.1097,3.002e-06,0.05422,5.07e-06,74.94,0.8005,0.3665,2.685,0.1693,0.5868,1.2765,74.4,0.186,0.0873,6.91,4.9e-06,66553.88,0.2366,0.08893,0.0864,1818.7,2.66e-05,0.275,0.11,3e-06,0.05432,5.07e-06,74.9,0.8004,0.3663,2.683,0.169,0.5875,1.2759,74.346,0.18597,0.0873,6.907,5.036e-06,66579.06,0.2384,0.08898,0.08655,1819.71,2.698e-05,0.2806,0.1089,2.999e-06,0.05408,5.058e-06,74.91,0.80003,0.36623,2.6845,0.168,0.5863,1.2764,74.2138,0.185705,0.0872,6.9125,4.8883e-06,66556.11,0.2365,0.088819,0.08644,1819.87,2.661e-05,0.2745,0.1096,3e-06,0.0541,5.07e-06,74.6989,0.8517,0.3652,2.6835,0.1693,0.586,1.27426,74.389,0.1861,0.0873,6.916,4.898e-06,66580.2,0.237,0.08896,0.0864,1819.47,2.664e-05,0.2753,0.1096,3.002e-06,0.05425,5.073e-06,74.94,0.8006,0.3664,2.6848,0.1693,0.5867,1.27618,74.41,0.1862,0.0872,6.912,4.896e-06,66575.96,0.2372,0.08899,0.0864,1819.4,2.659e-05,0.2758,0.10948,2.999e-06,0.05423,5.074e-06,74.94,0.7998,0.3665,2.683,0.1691,0.587,1.2762,74.42,0.1861,0.08741,6.917,4.895e-06,66584.2,0.2372,0.08898,0.08646,1819.47,2.66e-05,0.2758,0.10968,3.002e-06,0.05424,5.075e-06,74.94,0.8007,0.3664,2.684,0.1693,0.5871,1.2765
2026-06-15 19:24:00,74.51,0.1862,0.0874,6.92,4.91e-06,66563.99,0.2372,0.08903,0.0866,1819.5,2.663e-05,0.276,0.1097,3.01e-06,0.05436,5.08e-06,74.99,0.8008,0.3663,2.685,0.1695,0.5874,1.2767,74.53,0.1861,0.0873,6.917,4.91e-06,66567.03,0.2372,0.08898,0.08653,1819.55,2.657e-05,0.2755,0.1096,3.001e-06,0.05431,5.077e-06,74.99,0.801,0.3661,2.684,0.1694,0.588,1.2763,74.53,0.1862,0.08745,6.919,4.908e-06,66570.9,0.2372,0.08902,0.08659,1819.5,2.663e-05,0.2759,0.1097,2.999e-06,0.05432,5.075e-06,74.99,0.8006,0.3664,2.683,0.1694,0.5883,1.2763,74.5,0.186,0.0874,6.92,4.91e-06,66530.67,0.2371,0.08896,0.0866,1818.59,2.66e-05,0.275,0.11,3e-06,0.05439,5.07e-06,74.94,0.8003,0.3662,2.681,0.169,0.5869,1.276,74.424,0.18612,0.0873,6.916,5.036e-06,66567.99,0.2384,0.088976,0.08655,1819.68,2.698e-05,0.2806,0.1098,2.999e-06,0.05408,5.058e-06,74.97,0.80003,0.36623,2.6845,0.168,0.5863,1.2767,74.2138,0.186044,0.0872,6.917,4.8883e-06,66585.53,0.2363,0.088819,0.08644,1819.82,2.66e-05,0.2745,0.1097,3e-06,0.0542,5.07e-06,74.6989,0.8504,0.3654,2.6845,0.1693,0.587,1.27426,74.52,0.186,0.0873,6.919,4.91e-06,66572.1,0.237,0.08901,0.0866,1819.38,2.664e-05,0.2753,0.1097,3.001e-06,0.05434,5.075e-06,74.98,0.8008,0.3661,2.6854,0.1694,0.587,1.27594,74.53,0.1862,0.08736,6.918,4.915e-06,66566.62,0.2372,0.08901,0.08651,1819.53,2.661e-05,0.2759,0.10963,3.001e-06,0.05435,5.077e-06,74.99,0.8008,0.3663,2.687,0.1693,0.5884,1.2767,74.54,0.1861,0.0874,6.918,4.911e-06,66569.9,0.2372,0.08902,0.08655,1819.48,2.662e-05,0.276,0.10976,3.002e-06,0.05434,5.078e-06,74.98,0.8009,0.366,2.684,0.1695,0.5873,1.2768
2026-06-15 19:25:00,74.56,0.1865,0.0875,6.923,4.91e-06,66587.99,0.2372,0.08905,0.0865,1820.04,2.664e-05,0.276,0.1099,3e-06,0.05438,5.08e-06,75.0,0.8013,0.3668,2.689,0.1697,0.5882,1.277,74.52,0.1864,0.0873,6.922,4.91e-06,66589.99,0.2372,0.08903,0.08649,1819.98,2.657e-05,0.2755,0.1097,3.004e-06,0.05437,5.077e-06,75.0,0.8014,0.3665,2.688,0.1695,0.5878,1.2769,74.58,0.1865,0.08742,6.919,4.915e-06,66590.5,0.2371,0.08903,0.0865,1819.98,2.665e-05,0.2759,0.1098,3.004e-06,0.05432,5.075e-06,75.01,0.8011,0.3664,2.689,0.1696,0.5883,1.277,74.52,0.1863,0.0874,6.92,4.91e-06,66556.96,0.2371,0.089,0.0865,1819.17,2.66e-05,0.275,0.11,3e-06,0.05439,5.07e-06,74.97,0.801,0.3666,2.688,0.169,0.5879,1.2765,74.424,0.18642,0.0873,6.916,5.036e-06,66592.11,0.2384,0.089042,0.08655,1820.31,2.698e-05,0.2806,0.1098,2.999e-06,0.05408,5.058e-06,75.01,0.80003,0.36623,2.6845,0.168,0.5863,1.277,74.2138,0.186044,0.0873,6.9233,4.8883e-06,66568.99,0.2363,0.088819,0.08596,1819.89,2.662e-05,0.2745,0.1098,3e-06,0.0542,5.07e-06,74.6989,0.8505,0.3658,2.6845,0.1696,0.587,1.27426,74.559,0.1864,0.0875,6.92,4.909e-06,66594.3,0.237,0.08903,0.0865,1820.02,2.662e-05,0.2762,0.1098,3.005e-06,0.05434,5.077e-06,75.0,0.8011,0.3665,2.6894,0.1697,0.5881,1.27699,74.57,0.1865,0.08753,6.921,4.917e-06,66590.0,0.2371,0.08903,0.08654,1820.09,2.662e-05,0.2759,0.10981,3.006e-06,0.05439,5.079e-06,74.99,0.8009,0.3667,2.687,0.1694,0.5874,1.2772,74.58,0.1864,0.08744,6.921,4.916e-06,66594.7,0.2372,0.08905,0.08653,1820.0,2.663e-05,0.276,0.10983,3.005e-06,0.05436,5.079e-06,75.01,0.8013,0.3667,2.688,0.1696,0.5881,1.2771
2026-06-15 19:34:00,74.55,0.1858,0.0876,6.933,4.93e-06,66681.11,0.2379,0.08915,0.0862,1824.83,2.67e-05,0.277,0.1102,2.99e-06,0.05427,5.08e-06,75.24,0.8027,0.3681,2.692,0.1702,0.5879,1.2731,74.56,0.1859,0.0874,6.932,4.926e-06,66679.0,0.2379,0.08914,0.08624,1824.88,2.657e-05,0.2753,0.1101,2.998e-06,0.05428,5.076e-06,75.24,0.8027,0.368,2.689,0.17,0.5883,1.273,74.55,0.186,0.08756,6.931,4.927e-06,66682.2,0.2378,0.08913,0.08625,1824.93,2.664e-05,0.2769,0.1102,2.996e-06,0.05427,5.074e-06,75.24,0.8026,0.3681,2.691,0.1703,0.5881,1.2731,74.52,0.1858,0.0874,6.92,4.92e-06,66639.83,0.2374,0.0891,0.0862,1824.14,2.66e-05,0.276,0.11,2.99e-06,0.0543,5.07e-06,75.2,0.8024,0.3678,2.689,0.17,0.5878,1.2724,74.641,0.18591,0.0875,6.928,5.036e-06,66671.12,0.2384,0.089142,0.08623,1825.28,2.698e-05,0.2806,0.1098,2.996e-06,0.05408,5.058e-06,75.25,0.80256,0.36623,2.6845,0.168,0.5889,1.2731,74.373,0.185918,0.0872,6.9326,4.9178e-06,66662.26,0.237,0.088907,0.08643,1825.11,2.667e-05,0.2753,0.1101,2.992426e-06,0.0541,5.07e-06,74.9137,0.8517,0.3673,2.6907,0.1701,0.587,1.27201,74.549,0.1859,0.0876,6.932,4.922e-06,66678.6,0.2377,0.0891,0.0862,1825.0,2.669e-05,0.2756,0.11,2.997e-06,0.05426,5.077e-06,75.21,0.8022,0.3678,2.6909,0.1701,0.5887,1.27312,74.56,0.1859,0.08752,6.926,4.929e-06,66678.53,0.2377,0.08915,0.08642,1824.78,2.669e-05,0.2769,0.11007,2.996e-06,0.05425,5.078e-06,75.22,0.8022,0.3679,2.692,0.17,0.589,1.2731,74.56,0.1859,0.08757,6.93,4.926e-06,66679.4,0.238,0.08912,0.0863,1825.03,2.669e-05,0.2769,0.11021,2.997e-06,0.05426,5.076e-06,75.23,0.8026,0.3679,2.689,0.1701,0.5877,1.2732
2026-06-15 19:36:00,74.49,0.1858,0.0874,6.926,4.91e-06,66673.25,0.2379,0.08907,0.0863,1825.78,2.669e-05,0.2764,0.1101,2.99e-06,0.05428,5.08e-06,75.24,0.8023,0.3678,2.688,0.1698,0.5847,1.2734,74.58,0.1858,0.0875,6.924,4.926e-06,66673.73,0.2379,0.08908,0.08625,1825.78,2.657e-05,0.2753,0.1101,2.994e-06,0.05427,5.076e-06,75.23,0.8025,0.368,2.688,0.1701,0.5838,1.2735,74.49,0.1859,0.08744,6.926,4.913e-06,66674.5,0.2377,0.08906,0.0863,1825.71,2.664e-05,0.2763,0.1101,2.994e-06,0.05427,5.074e-06,75.23,0.8023,0.3678,2.687,0.1699,0.5842,1.2736,74.44,0.1858,0.0874,6.92,4.91e-06,66639.39,0.2374,0.08901,0.0863,1824.9,2.67e-05,0.276,0.11,2.99e-06,0.0543,5.07e-06,75.2,0.8023,0.3678,2.684,0.17,0.5842,1.273,74.641,0.18585,0.0875,6.926,5.036e-06,66675.04,0.2384,0.089066,0.08624,1826.04,2.698e-05,0.2806,0.1098,2.996e-06,0.05408,5.058e-06,75.23,0.80246,0.36623,2.6845,0.168,0.5853,1.2733,74.373,0.185753,0.0873,6.9254,4.9178e-06,66660.87,0.237,0.089117,0.0863,1826.13,2.668e-05,0.2748,0.11,2.992426e-06,0.0541,5.07e-06,74.9137,0.8494,0.367,2.6916,0.1698,0.583,1.27169,74.5,0.1859,0.0876,6.929,4.919e-06,66676.7,0.2377,0.08906,0.0863,1825.68,2.666e-05,0.2768,0.1101,2.993e-06,0.05426,5.074e-06,75.24,0.8023,0.368,2.6881,0.1697,0.5844,1.27329,74.56,0.1859,0.0875,6.928,4.914e-06,66670.72,0.2378,0.08908,0.0864,1825.74,2.669e-05,0.2764,0.11011,2.992e-06,0.05425,5.077e-06,75.24,0.8025,0.3677,2.688,0.1696,0.5852,1.2733,74.52,0.1858,0.08745,6.924,4.912e-06,66674.5,0.238,0.08907,0.08628,1825.81,2.669e-05,0.2767,0.11004,2.992e-06,0.05427,5.076e-06,75.23,0.8023,0.3677,2.687,0.17,0.5844,1.2735
2026-06-15 19:37:00,74.46,0.1857,0.0874,6.921,4.91e-06,66607.99,0.2375,0.089,0.0863,1824.09,2.665e-05,0.2762,0.1099,2.99e-06,0.05423,5.07e-06,75.17,0.8021,0.3675,2.685,0.1695,0.5855,1.2712,74.42,0.1857,0.0874,6.919,4.926e-06,66611.0,0.2379,0.08899,0.08618,1824.09,2.657e-05,0.2753,0.1099,2.991e-06,0.05419,5.069e-06,75.17,0.8019,0.368,2.688,0.1695,0.5861,1.2711,74.45,0.1857,0.08736,6.917,4.91e-06,66612.8,0.2374,0.08898,0.08623,1824.22,2.668e-05,0.2761,0.1099,2.989e-06,0.0542,5.07e-06,75.18,0.8021,0.3676,2.685,0.1697,0.5862,1.2713,74.46,0.1857,0.0873,6.92,4.91e-06,66568.82,0.2374,0.08895,0.0862,1823.31,2.67e-05,0.276,0.11,2.99e-06,0.05418,5.07e-06,75.14,0.8016,0.3675,2.685,0.17,0.5856,1.2706,74.641,0.18573,0.0875,6.928,5.036e-06,66608.97,0.2384,0.088996,0.08624,1824.36,2.698e-05,0.2806,0.1098,2.996e-06,0.05408,5.058e-06,75.16,0.80264,0.36623,2.6845,0.168,0.5853,1.2711,74.373,0.185576,0.0871,6.9176,4.9178e-06,66598.96,0.2367,0.089117,0.08621,1824.55,2.663e-05,0.2747,0.11,2.992426e-06,0.054,5.07e-06,74.9137,0.8501,0.3667,2.6857,0.1693,0.585,1.27017,74.445,0.1857,0.0874,6.916,4.908e-06,66613.0,0.2376,0.08897,0.0863,1824.22,2.668e-05,0.2768,0.1099,2.99e-06,0.05419,5.071e-06,75.12,0.8016,0.368,2.6853,0.1695,0.5856,1.27139,74.45,0.1858,0.0874,6.928,4.912e-06,66607.85,0.2375,0.089,0.08625,1824.32,2.664e-05,0.2762,0.10984,2.989e-06,0.05416,5.073e-06,75.17,0.8018,0.3676,2.685,0.1693,0.5854,1.2711,74.46,0.1857,0.08738,6.918,4.91e-06,66613.5,0.2376,0.08899,0.08618,1824.15,2.669e-05,0.276,0.10991,2.992e-06,0.05422,5.075e-06,75.17,0.8021,0.3673,2.685,0.1696,0.5853,1.2712
2026-06-15 19:38:00,74.5,0.1862,0.0874,6.93,4.93e-06,66650.0,0.2378,0.08909,0.0863,1826.24,2.671e-05,0.2768,0.1101,2.99e-06,0.0543,5.07e-06,75.22,0.8026,0.3682,2.688,0.1699,0.5857,1.2724,74.5,0.1862,0.0874,6.926,4.923e-06,66649.99,0.2379,0.08905,0.08617,1826.13,2.668e-05,0.2753,0.1099,2.996e-06,0.05429,5.075e-06,75.21,0.8026,0.368,2.688,0.1695,0.5851,1.2723,74.5,0.1862,0.0875,6.928,4.923e-06,66653.2,0.2374,0.08906,0.08628,1826.17,2.668e-05,0.2767,0.11,2.995e-06,0.0543,5.072e-06,75.2,0.8025,0.3681,2.687,0.1699,0.5856,1.2725,74.48,0.1861,0.0875,6.93,4.92e-06,66617.19,0.2378,0.08903,0.0863,1825.41,2.67e-05,0.276,0.11,2.99e-06,0.05431,5.07e-06,75.17,0.8021,0.3681,2.688,0.17,0.585,1.2718,74.641,0.18621,0.0875,6.926,5.036e-06,66647.11,0.2384,0.08906,0.08624,1826.34,2.698e-05,0.2806,0.1098,2.996e-06,0.05408,5.058e-06,75.18,0.80264,0.36623,2.6845,0.168,0.5853,1.2725,74.373,0.185987,0.0872,6.9274,4.9256e-06,66634.83,0.237,0.088997,0.08621,1825.63,2.669e-05,0.2754,0.11,2.992426e-06,0.0541,5.07e-06,74.9137,0.8494,0.3674,2.6888,0.1698,0.585,1.27023,74.494,0.1862,0.0875,6.926,4.929e-06,66652.3,0.2376,0.08908,0.0863,1825.69,2.668e-05,0.2768,0.1099,2.996e-06,0.05428,5.071e-06,75.19,0.802,0.368,2.6888,0.1698,0.5856,1.27181,74.47,0.1862,0.08745,6.925,4.932e-06,66650.08,0.2378,0.0891,0.08623,1826.2,2.67e-05,0.2768,0.11005,2.993e-06,0.05427,5.077e-06,75.22,0.8025,0.3681,2.689,0.1697,0.5854,1.2723,74.5,0.1864,0.08751,6.924,4.928e-06,66654.7,0.2379,0.08908,0.08629,1826.22,2.669e-05,0.2766,0.11008,2.996e-06,0.05427,5.078e-06,75.2,0.8026,0.368,2.687,0.1697,0.5855,1.2725
2026-06-15 19:39:00,74.58,0.1862,0.0876,6.94,4.94e-06,66686.0,0.238,0.08912,0.0864,1827.77,2.674e-05,0.2772,0.1102,2.99e-06,0.05437,5.08e-06,75.33,0.8032,0.3686,2.694,0.1703,0.5856,1.2765,74.5,0.1862,0.0874,6.937,4.939e-06,66687.62,0.2379,0.08912,0.08643,1827.58,2.672e-05,0.2768,0.1099,2.999e-06,0.05435,5.081e-06,75.33,0.8033,0.368,2.692,0.1703,0.5856,1.2764,74.57,0.1862,0.0876,6.937,4.939e-06,66690.9,0.2379,0.08911,0.08645,1827.75,2.674e-05,0.2771,0.1102,2.998e-06,0.0543,5.072e-06,75.33,0.8032,0.3686,2.692,0.1703,0.5863,1.2765,74.54,0.1861,0.0875,6.93,4.93e-06,66655.23,0.2379,0.08906,0.0864,1827.16,2.67e-05,0.277,0.11,2.99e-06,0.05431,5.07e-06,75.29,0.8029,0.3684,2.691,0.17,0.5854,1.2757,74.641,0.1863,0.0875,6.926,5.036e-06,66681.17,0.2384,0.08906,0.08624,1827.96,2.698e-05,0.2806,0.1098,2.996e-06,0.05408,5.058e-06,75.33,0.80264,0.36623,2.6845,0.168,0.5852,1.2763,74.373,0.186191,0.0874,6.9392,4.9313e-06,66670.23,0.237,0.088997,0.0864,1827.62,2.672e-05,0.2758,0.1101,2.992426e-06,0.0542,5.08e-06,75.197,0.8496,0.3679,2.6938,0.1701,0.585,1.27486,74.61,0.1862,0.0876,6.936,4.938e-06,66688.0,0.2377,0.08911,0.0864,1827.55,2.671e-05,0.2766,0.1101,2.999e-06,0.05434,5.079e-06,75.33,0.8027,0.3681,2.6932,0.1703,0.5861,1.27639,74.55,0.1862,0.08765,6.937,4.936e-06,66683.66,0.238,0.08912,0.08643,1827.75,2.673e-05,0.2772,0.1101,2.996e-06,0.0543,5.083e-06,75.33,0.8032,0.3685,2.693,0.1701,0.5866,1.2762,74.58,0.1862,0.08758,6.935,4.938e-06,66693.8,0.2381,0.08913,0.08642,1827.83,2.669e-05,0.277,0.11025,2.998e-06,0.05435,5.081e-06,75.32,0.8033,0.3683,2.692,0.1702,0.5856,1.2767
2026-06-15 19:40:00,74.5,0.1865,0.0877,6.938,4.94e-06,66696.26,0.2381,0.0891,0.0865,1828.17,2.675e-05,0.2773,0.1101,2.99e-06,0.05437,5.08e-06,75.37,0.8031,0.3686,2.692,0.1704,0.5855,1.2773,74.49,0.1864,0.0874,6.938,4.939e-06,66693.59,0.2379,0.0891,0.08643,1828.05,2.675e-05,0.2774,0.1101,2.997e-06,0.05435,5.079e-06,75.37,0.8033,0.368,2.691,0.1703,0.5855,1.2772,74.5,0.1865,0.08763,6.938,4.937e-06,66693.9,0.2379,0.08912,0.08643,1828.28,2.674e-05,0.2772,0.1102,2.997e-06,0.0543,5.072e-06,75.36,0.8037,0.3685,2.692,0.1704,0.5855,1.2773,74.44,0.1863,0.0875,6.93,4.93e-06,66654.25,0.2378,0.08908,0.0864,1827.38,2.67e-05,0.277,0.11,2.99e-06,0.05431,5.07e-06,75.34,0.8028,0.3684,2.689,0.17,0.5854,1.2767,74.641,0.18626,0.0876,6.938,5.036e-06,66694.12,0.2384,0.089099,0.08634,1828.39,2.698e-05,0.2806,0.1098,2.996e-06,0.05408,5.058e-06,75.36,0.80264,0.36623,2.6845,0.168,0.5853,1.2777,74.373,0.186361,0.0874,6.9362,4.9313e-06,66691.72,0.2371,0.08908,0.0864,1828.57,2.672e-05,0.2758,0.1101,2.992426e-06,0.0542,5.07e-06,75.197,0.8494,0.3678,2.6927,0.1702,0.585,1.2752,74.497,0.1864,0.0876,6.937,4.937e-06,66696.5,0.2377,0.08913,0.0864,1827.9,2.671e-05,0.2766,0.1102,2.998e-06,0.05434,5.079e-06,75.37,0.8031,0.3681,2.6924,0.1704,0.586,1.27727,74.51,0.1864,0.08765,6.938,4.94e-06,66692.12,0.2381,0.08911,0.0864,1828.21,2.674e-05,0.2772,0.11011,2.997e-06,0.0543,5.079e-06,75.38,0.8032,0.3686,2.691,0.1701,0.5856,1.2772,74.52,0.1864,0.08765,6.935,4.94e-06,66695.9,0.2381,0.08913,0.08643,1828.18,2.669e-05,0.2772,0.11015,2.998e-06,0.05435,5.081e-06,75.36,0.8032,0.3685,2.691,0.1705,0.5854,1.2775
2026-06-15 20:02:00,74.67,0.1865,0.0873,6.907,4.94e-06,66624.02,0.2391,0.08914,0.0865,1823.72,2.677e-05,0.277,0.1102,2.99e-06,0.05426,5.08e-06,75.3,0.8047,0.3701,2.694,0.1699,0.5864,1.2776,74.47,0.1864,0.0871,6.907,4.928e-06,66622.19,0.239,0.08913,0.08646,1823.59,2.668e-05,0.277,0.1098,2.989e-06,0.05427,5.06e-06,75.31,0.805,0.3694,2.682,0.1695,0.5865,1.2776,74.68,0.1864,0.08734,6.905,4.94e-06,66624.9,0.2389,0.08913,0.08648,1823.73,2.661e-05,0.2768,0.1102,2.989e-06,0.05426,5.075e-06,75.3,0.8046,0.37,2.694,0.17,0.5866,1.2776,74.68,0.1863,0.0873,6.9,4.94e-06,66587.16,0.2393,0.08908,0.0865,1822.31,2.67e-05,0.277,0.111,2.99e-06,0.05428,5.07e-06,75.27,0.8046,0.37,2.692,0.17,0.586,1.2767,74.298,0.18641,0.0871,6.905,5.036e-06,66621.31,0.238,0.089109,0.08634,1823.67,2.698e-05,0.2759,0.1098,2.982e-06,0.05408,5.058e-06,75.31,0.80475,0.36623,2.6845,0.168,0.5838,1.2777,74.423,0.185865,0.0872,6.9063,4.9289e-06,66612.77,0.2378,0.089122,0.08598,1824.07,2.674e-05,0.2757,0.1102,2.986427e-06,0.054,5.06e-06,75.0951,0.8465,0.3691,2.6951,0.1695,0.585,1.27031,74.659,0.1863,0.0873,6.907,4.937e-06,66621.4,0.239,0.08913,0.0865,1823.78,2.67e-05,0.2756,0.11,2.989e-06,0.05425,5.074e-06,75.32,0.8049,0.3698,2.6937,0.1699,0.5865,1.27774,74.66,0.1865,0.08729,6.907,4.942e-06,66628.72,0.2391,0.08913,0.0864,1823.85,2.671e-05,0.2768,0.11004,2.985e-06,0.05414,5.07e-06,75.29,0.8049,0.3699,2.695,0.1697,0.5863,1.2775,74.68,0.1864,0.08735,6.904,4.939e-06,66617.0,0.2391,0.08912,0.08649,1823.6,2.676e-05,0.2769,0.11025,2.988e-06,0.05421,5.074e-06,75.34,0.8049,0.3698,2.693,0.1699,0.5865,1.2776
2026-06-15 20:03:00,74.65,0.1864,0.0873,6.905,4.94e-06,66616.01,0.2393,0.08913,0.0865,1824.2,2.675e-05,0.2769,0.1102,2.99e-06,0.05428,5.08e-06,75.34,0.8048,0.3702,2.693,0.1699,0.5863,1.2773,74.64,0.1865,0.0871,6.908,4.928e-06,66615.0,0.239,0.08913,0.08645,1824.06,2.674e-05,0.277,0.1102,2.988e-06,0.05433,5.075e-06,75.34,0.8049,0.3701,2.682,0.1695,0.5859,1.2773,74.66,0.1864,0.08736,6.907,4.936e-06,66613.7,0.2392,0.08915,0.08647,1824.07,2.677e-05,0.2768,0.1102,2.987e-06,0.05429,5.076e-06,75.35,0.8049,0.3701,2.692,0.17,0.5866,1.2774,74.61,0.1864,0.0873,6.9,4.94e-06,66581.15,0.2393,0.08909,0.0864,1823.0,2.67e-05,0.277,0.111,2.99e-06,0.05428,5.08e-06,75.31,0.8046,0.3702,2.692,0.17,0.586,1.2767,74.298,0.18655,0.0873,6.905,5.036e-06,66616.65,0.238,0.089126,0.08634,1823.99,2.698e-05,0.2759,0.1098,2.982e-06,0.05408,5.058e-06,75.35,0.80475,0.36623,2.6845,0.168,0.5856,1.2772,74.423,0.186322,0.0872,6.9083,4.9289e-06,66623.19,0.2381,0.089153,0.08638,1824.3,2.674e-05,0.2758,0.1101,2.986427e-06,0.054,5.06e-06,75.0951,0.8469,0.3693,2.6951,0.1697,0.585,1.27031,74.611,0.1865,0.0873,6.906,4.933e-06,66620.6,0.239,0.08914,0.0865,1824.25,2.672e-05,0.2756,0.11,2.989e-06,0.05427,5.075e-06,75.34,0.8048,0.3703,2.6934,0.1699,0.5861,1.27717,74.64,0.1865,0.08732,6.91,4.94e-06,66612.04,0.2393,0.08916,0.0865,1824.39,2.674e-05,0.277,0.11026,2.989e-06,0.05425,5.076e-06,75.34,0.8048,0.3701,2.693,0.1697,0.5867,1.2769,74.69,0.1865,0.08733,6.906,4.937e-06,66612.5,0.2392,0.08914,0.0865,1824.35,2.676e-05,0.2769,0.11017,2.99e-06,0.05429,5.076e-06,75.34,0.8049,0.37,2.692,0.1699,0.5864,1.2774
2026-06-15 20:04:00,74.58,0.1865,0.0874,6.91,4.94e-06,66582.0,0.2391,0.08917,0.0865,1823.57,2.677e-05,0.2769,0.1102,2.98e-06,0.05425,5.07e-06,75.33,0.8051,0.3703,2.693,0.1699,0.5881,1.2762,74.64,0.1864,0.0871,6.909,4.939e-06,66580.0,0.239,0.08918,0.08645,1823.54,2.678e-05,0.277,0.1102,2.988e-06,0.05426,5.077e-06,75.34,0.8047,0.3701,2.682,0.1695,0.5883,1.2762,74.64,0.1864,0.08729,6.909,4.943e-06,66577.9,0.2391,0.08917,0.08646,1823.63,2.677e-05,0.2767,0.1101,2.986e-06,0.05427,5.075e-06,75.35,0.8048,0.37,2.693,0.1708,0.5883,1.2762,74.53,0.1863,0.0873,6.91,4.94e-06,66543.35,0.2393,0.08915,0.0863,1822.51,2.67e-05,0.277,0.11,2.99e-06,0.05428,5.08e-06,75.28,0.8044,0.3702,2.692,0.17,0.5873,1.2755,74.298,0.18638,0.0873,6.911,5.036e-06,66582.23,0.238,0.089167,0.08634,1823.61,2.698e-05,0.2759,0.1098,2.982e-06,0.05408,5.058e-06,75.37,0.80475,0.36623,2.6845,0.168,0.5856,1.2762,74.423,0.186272,0.0872,6.9093,4.9289e-06,66590.06,0.2379,0.089153,0.08638,1824.06,2.676e-05,0.2757,0.11,2.986427e-06,0.054,5.07e-06,75.0951,0.8465,0.3694,2.6941,0.1699,0.587,1.27031,74.581,0.1865,0.0873,6.909,4.943e-06,66574.6,0.239,0.08915,0.0865,1823.68,2.678e-05,0.2756,0.11,2.989e-06,0.05424,5.076e-06,75.32,0.805,0.3703,2.6925,0.17,0.5882,1.27671,74.64,0.1864,0.08733,6.916,4.943e-06,66590.0,0.239,0.08917,0.0865,1823.64,2.676e-05,0.2768,0.11014,2.986e-06,0.05424,5.076e-06,75.35,0.8051,0.3703,2.693,0.1697,0.5878,1.2761,74.66,0.1865,0.08733,6.909,4.942e-06,66571.9,0.2391,0.08917,0.08648,1823.6,2.676e-05,0.2768,0.11014,2.988e-06,0.05426,5.077e-06,75.34,0.8047,0.3702,2.692,0.1701,0.5878,1.2763
2026-06-15 20:10:00,74.48,0.1859,0.0875,6.916,4.96e-06,66569.99,0.2396,0.08921,0.0864,1823.64,2.68e-05,0.2772,0.1101,2.99e-06,0.05431,5.08e-06,75.24,0.8046,0.371,2.695,0.1702,0.589,1.275,74.48,0.1859,0.0873,6.916,4.955e-06,66573.26,0.2396,0.08921,0.08635,1823.51,2.678e-05,0.2774,0.1101,2.992e-06,0.05432,5.082e-06,75.24,0.8048,0.3712,2.694,0.1699,0.5888,1.275,74.49,0.1859,0.08746,6.913,4.96e-06,66572.9,0.2395,0.08919,0.08643,1823.94,2.68e-05,0.2773,0.1101,2.991e-06,0.05428,5.084e-06,75.24,0.8047,0.371,2.695,0.1703,0.5891,1.2749,74.44,0.1858,0.0874,6.92,4.95e-06,66537.97,0.2395,0.08917,0.0864,1822.31,2.66e-05,0.277,0.11,2.99e-06,0.0543,5.08e-06,75.21,0.8043,0.3709,2.693,0.17,0.5886,1.2745,74.586,0.18587,0.0873,6.914,5.036e-06,66572.4,0.238,0.089207,0.08634,1823.45,2.698e-05,0.2771,0.1098,2.982e-06,0.05408,5.058e-06,75.26,0.80473,0.36623,2.6845,0.168,0.5886,1.275,74.423,0.18577,0.0872,6.915,4.9545e-06,66564.45,0.2386,0.089223,0.08635,1823.37,2.677e-05,0.2759,0.11,2.986507e-06,0.0541,5.08e-06,75.2055,0.8465,0.3702,2.6971,0.17,0.588,1.27031,74.477,0.1859,0.0874,6.915,4.958e-06,66573.6,0.2394,0.0892,0.0864,1823.53,2.681e-05,0.2767,0.1101,2.993e-06,0.05429,5.082e-06,75.25,0.8045,0.3713,2.6955,0.1702,0.5889,1.27508,74.47,0.1859,0.08741,6.915,4.958e-06,66569.09,0.2395,0.08921,0.08641,1823.6,2.68e-05,0.2773,0.11017,2.994e-06,0.05428,5.083e-06,75.23,0.8046,0.371,2.695,0.1698,0.5883,1.275,74.51,0.1858,0.08745,6.914,4.96e-06,66571.2,0.2396,0.08921,0.08639,1823.66,2.679e-05,0.2771,0.1101,2.992e-06,0.0543,5.084e-06,75.26,0.8047,0.3708,2.694,0.1701,0.5889,1.2752
2026-06-15 20:11:00,74.47,0.1858,0.0874,6.921,4.95e-06,66576.03,0.2397,0.0892,0.0864,1823.49,2.68e-05,0.2771,0.1101,2.99e-06,0.05431,5.09e-06,75.22,0.8043,0.3709,2.696,0.1701,0.5892,1.2757,74.48,0.1857,0.0873,6.92,4.955e-06,66578.64,0.2396,0.0892,0.08635,1823.51,2.678e-05,0.2774,0.1101,2.99e-06,0.05434,5.082e-06,75.23,0.8043,0.3712,2.695,0.1699,0.5891,1.2758,74.48,0.1859,0.08737,6.921,4.957e-06,66575.2,0.2396,0.08918,0.08637,1823.52,2.68e-05,0.2772,0.1101,2.99e-06,0.05431,5.085e-06,75.23,0.8045,0.371,2.696,0.1701,0.5894,1.2757,74.46,0.1856,0.0873,6.92,4.96e-06,66536.73,0.2395,0.08916,0.0863,1822.37,2.66e-05,0.277,0.11,2.99e-06,0.0543,5.08e-06,75.19,0.8041,0.3708,2.693,0.17,0.5891,1.275,74.507,0.18574,0.0873,6.914,4.958e-06,66572.46,0.238,0.089184,0.08634,1823.51,2.698e-05,0.2771,0.1098,2.982e-06,0.05408,5.058e-06,75.25,0.80473,0.36623,2.6845,0.168,0.5892,1.2758,74.423,0.18577,0.0872,6.9196,4.9545e-06,66575.52,0.2386,0.089223,0.08634,1823.84,2.677e-05,0.2758,0.11,2.986507e-06,0.0541,5.08e-06,75.2055,0.8465,0.3701,2.6961,0.17,0.588,1.27031,74.465,0.1858,0.0874,6.919,4.96e-06,66590.0,0.2396,0.08921,0.0864,1823.47,2.681e-05,0.2767,0.1101,2.99e-06,0.05429,5.083e-06,75.23,0.8045,0.3712,2.6956,0.1702,0.5893,1.27568,74.51,0.1858,0.08741,6.921,4.956e-06,66577.2,0.2396,0.0892,0.08641,1823.53,2.68e-05,0.2773,0.11011,2.991e-06,0.0543,5.084e-06,75.22,0.8045,0.3709,2.697,0.1699,0.5896,1.2756,74.48,0.1858,0.08738,6.919,4.96e-06,66572.5,0.2396,0.08918,0.08639,1823.32,2.679e-05,0.2771,0.11008,2.99e-06,0.0543,5.085e-06,75.23,0.8044,0.3708,2.695,0.1701,0.5891,1.2757
2026-06-15 20:12:00,74.44,0.1855,0.0873,6.918,4.95e-06,66570.0,0.2398,0.08915,0.0864,1823.2,2.678e-05,0.2771,0.11,2.99e-06,0.05431,5.09e-06,75.21,0.8051,0.3709,2.695,0.17,0.5897,1.2741,74.48,0.1854,0.0873,6.918,4.955e-06,66565.13,0.2396,0.08916,0.08626,1823.22,2.678e-05,0.2774,0.11,2.991e-06,0.05433,5.082e-06,75.21,0.8054,0.3712,2.693,0.1699,0.5904,1.2744,74.46,0.1855,0.08738,6.917,4.953e-06,66570.7,0.2397,0.08916,0.08635,1823.3,2.679e-05,0.277,0.11,2.989e-06,0.05431,5.082e-06,75.2,0.8052,0.371,2.694,0.1701,0.5899,1.2742,74.4,0.1855,0.0873,6.92,4.95e-06,66533.67,0.2395,0.0891,0.0863,1822.14,2.66e-05,0.277,0.11,2.99e-06,0.05432,5.08e-06,75.15,0.8044,0.3707,2.695,0.17,0.5896,1.2734,74.507,0.18548,0.0873,6.921,4.958e-06,66570.78,0.238,0.089178,0.08634,1823.5,2.698e-05,0.2771,0.1098,2.982e-06,0.05408,5.058e-06,75.22,0.80473,0.36623,2.6845,0.168,0.5891,1.2744,74.423,0.185691,0.0872,6.919,4.9545e-06,66577.1,0.2386,0.089223,0.08634,1823.77,2.676e-05,0.2756,0.1099,2.986507e-06,0.0541,5.07e-06,75.1501,0.8465,0.37,2.6942,0.1699,0.59,1.27031,74.462,0.1855,0.0874,6.918,4.952e-06,66570.2,0.2396,0.08917,0.0864,1823.21,2.678e-05,0.277,0.11,2.99e-06,0.05429,5.082e-06,75.2,0.8052,0.3709,2.6944,0.17,0.5898,1.27421,74.45,0.1855,0.08744,6.918,4.952e-06,66568.92,0.2398,0.08915,0.08639,1823.44,2.677e-05,0.277,0.11011,2.991e-06,0.0543,5.084e-06,75.2,0.8052,0.3707,2.695,0.1697,0.5895,1.2741,74.46,0.1855,0.08733,6.918,4.951e-06,66570.5,0.2396,0.08915,0.08636,1823.47,2.679e-05,0.277,0.10999,2.99e-06,0.05431,5.084e-06,75.2,0.8052,0.3708,2.694,0.1701,0.5899,1.2742
2026-06-15 20:13:00,74.51,0.1856,0.0874,6.924,4.96e-06,66590.0,0.2398,0.0892,0.0865,1824.4,2.679e-05,0.2775,0.1101,3e-06,0.05435,5.08e-06,75.26,0.8055,0.3716,2.697,0.1702,0.5906,1.2761,74.54,0.1857,0.0873,6.924,4.955e-06,66595.97,0.2397,0.08919,0.0864,1824.26,2.678e-05,0.2771,0.11,2.992e-06,0.05433,5.082e-06,75.26,0.8054,0.3712,2.695,0.1699,0.5905,1.2754,74.5,0.1855,0.08744,6.923,4.958e-06,66598.5,0.2396,0.08915,0.08648,1824.52,2.679e-05,0.2774,0.11,2.991e-06,0.05432,5.082e-06,75.26,0.8054,0.3715,2.697,0.1701,0.5906,1.2761,74.48,0.1854,0.0873,6.92,4.95e-06,66562.72,0.2395,0.08916,0.0865,1823.14,2.66e-05,0.277,0.11,2.99e-06,0.05433,5.08e-06,75.22,0.8053,0.3712,2.695,0.17,0.59,1.2754,74.507,0.18557,0.0873,6.921,4.958e-06,66596.9,0.238,0.089182,0.08634,1824.35,2.698e-05,0.2771,0.1098,2.982e-06,0.05408,5.058e-06,75.26,0.80473,0.36623,2.6845,0.168,0.5901,1.2758,74.423,0.185282,0.0873,6.921,4.9545e-06,66577.06,0.2387,0.089133,0.08633,1824.18,2.676e-05,0.276,0.11,2.986507e-06,0.0541,5.07e-06,75.2065,0.8465,0.3707,2.6972,0.1699,0.59,1.27031,74.543,0.1855,0.0874,6.922,4.952e-06,66592.8,0.2396,0.08916,0.0865,1824.21,2.677e-05,0.2774,0.11,2.992e-06,0.05433,5.082e-06,75.26,0.8048,0.3715,2.6969,0.1701,0.591,1.27566,74.46,0.1855,0.08741,6.918,4.962e-06,66593.93,0.2397,0.08919,0.0865,1824.32,2.679e-05,0.277,0.1101,2.992e-06,0.0543,5.084e-06,75.26,0.8056,0.3715,2.697,0.1699,0.5906,1.276,74.49,0.1855,0.08741,6.921,4.958e-06,66593.6,0.2396,0.08914,0.08648,1824.49,2.679e-05,0.2771,0.11009,2.989e-06,0.05434,5.085e-06,75.26,0.8055,0.3712,2.695,0.1701,0.5905,1.2762
2026-06-15 20:47:00,74.38,0.1836,0.0871,6.902,4.94e-06,66558.76,0.2392,0.08893,0.0865,1818.82,2.664e-05,0.2765,0.1096,2.98e-06,0.05413,5.06e-06,74.95,0.8029,0.3734,2.702,0.1691,0.5941,1.2698,74.31,0.1836,0.0869,6.902,4.942e-06,66559.99,0.2393,0.08892,0.0864,1818.7,2.668e-05,0.277,0.1097,2.977e-06,0.05412,5.059e-06,74.95,0.8028,0.3721,2.701,0.1689,0.5941,1.2697,74.38,0.1836,0.0871,6.901,4.936e-06,66559.8,0.2392,0.08892,0.0864,1818.86,2.666e-05,0.2763,0.1096,2.977e-06,0.05414,5.065e-06,74.95,0.8028,0.3734,2.702,0.1691,0.594,1.2698,74.22,0.1835,0.0871,6.9,4.94e-06,66532.41,0.2389,0.08887,0.0864,1817.93,2.66e-05,0.276,0.11,2.97e-06,0.05412,5.06e-06,74.91,0.8026,0.3732,2.701,0.169,0.5936,1.2692,74.384,0.1836,0.0871,6.903,4.94e-06,66559.93,0.2393,0.088927,0.08634,1818.87,2.698e-05,0.276,0.1097,2.982e-06,0.05408,5.057e-06,74.95,0.8025,0.3717,2.711,0.168,0.5915,1.2699,74.4437,0.183511,0.087,6.8979,4.9335e-06,66541.35,0.2385,0.088883,0.08624,1818.57,2.667e-05,0.275,0.1096,2.972711e-06,0.054,5.05e-06,74.7503,0.8385,0.3722,2.6996,0.1688,0.593,1.27076,74.353,0.1836,0.0871,6.902,4.938e-06,66565.0,0.2391,0.08891,0.0864,1818.76,2.663e-05,0.2762,0.1098,2.977e-06,0.05411,5.066e-06,74.95,0.8027,0.3733,2.7021,0.169,0.5938,1.2693,74.3,0.1836,0.08707,6.901,4.937e-06,66554.78,0.2393,0.08892,0.0864,1818.54,2.664e-05,0.2764,0.10963,2.978e-06,0.05407,5.062e-06,74.93,0.8029,0.3734,2.702,0.1688,0.5936,1.2698,74.37,0.1836,0.08708,6.899,4.937e-06,66559.8,0.2394,0.08892,0.0864,1818.8,2.662e-05,0.2763,0.10964,2.978e-06,0.0541,5.065e-06,74.95,0.8029,0.3732,2.701,0.1688,0.5942,1.2698
2026-06-15 20:48:00,74.24,0.1818,0.0871,6.893,4.94e-06,66528.0,0.2392,0.0888,0.0865,1816.78,2.659e-05,0.2759,0.1094,2.98e-06,0.05405,5.06e-06,74.87,0.8016,0.3717,2.698,0.1687,0.5935,1.2679,74.26,0.1818,0.0869,6.893,4.942e-06,66526.79,0.2393,0.08882,0.0865,1816.6,2.668e-05,0.2762,0.1097,2.975e-06,0.05412,5.06e-06,74.87,0.8016,0.3723,2.701,0.1689,0.5938,1.2677,74.3,0.1817,0.08714,6.894,4.934e-06,66525.9,0.2393,0.0888,0.08641,1816.67,2.661e-05,0.2761,0.1096,2.974e-06,0.05412,5.058e-06,74.86,0.8016,0.3717,2.698,0.1689,0.5937,1.2675,74.22,0.1817,0.0871,6.89,4.93e-06,66489.32,0.2389,0.08877,0.0865,1815.81,2.66e-05,0.276,0.11,2.97e-06,0.05412,5.06e-06,74.84,0.8014,0.3716,2.697,0.169,0.5932,1.2671,74.384,0.18172,0.0871,6.895,4.94e-06,66534.3,0.2393,0.088818,0.08634,1816.62,2.698e-05,0.2761,0.1097,2.982e-06,0.05408,5.057e-06,74.93,0.8025,0.3717,2.711,0.168,0.595,1.2679,74.4437,0.18158,0.087,6.8979,4.9335e-06,66545.47,0.2387,0.088891,0.0863,1816.64,2.662e-05,0.2747,0.1095,2.972711e-06,0.054,5.06e-06,74.7503,0.8399,0.3704,2.6989,0.1685,0.593,1.26827,74.22,0.1817,0.0871,6.892,4.935e-06,66530.7,0.2391,0.08884,0.0865,1816.84,2.663e-05,0.2762,0.1098,2.973e-06,0.05402,5.059e-06,74.87,0.8019,0.3736,2.6977,0.1687,0.5939,1.26747,74.39,0.1816,0.08713,6.893,4.94e-06,66521.9,0.2391,0.0888,0.08659,1816.59,2.663e-05,0.2764,0.10968,2.977e-06,0.05407,5.061e-06,74.86,0.8017,0.3715,2.7,0.1685,0.5956,1.2678,74.28,0.1817,0.08714,6.894,4.934e-06,66527.7,0.2393,0.08881,0.08644,1816.81,2.66e-05,0.2761,0.10947,2.972e-06,0.05406,5.059e-06,74.87,0.8018,0.3716,2.697,0.1688,0.5939,1.2678
2026-06-15 20:49:00,74.21,0.1811,0.087,6.887,4.93e-06,66512.31,0.2392,0.08883,0.0864,1816.33,2.658e-05,0.2756,0.1095,2.97e-06,0.05404,5.06e-06,74.85,0.8012,0.3703,2.697,0.1686,0.5919,1.2674,74.24,0.1811,0.0869,6.888,4.942e-06,66514.57,0.2391,0.08883,0.0864,1816.25,2.668e-05,0.2762,0.1095,2.972e-06,0.05407,5.062e-06,74.85,0.8013,0.3701,2.701,0.1689,0.5922,1.2674,74.22,0.1811,0.08699,6.886,4.931e-06,66514.6,0.2391,0.08879,0.08642,1816.28,2.659e-05,0.2756,0.1094,2.973e-06,0.05403,5.06e-06,74.85,0.8013,0.3702,2.697,0.1687,0.5925,1.2675,74.16,0.181,0.0871,6.88,4.93e-06,66485.42,0.2389,0.08877,0.0864,1815.42,2.67e-05,0.276,0.11,2.97e-06,0.05412,5.06e-06,74.82,0.8012,0.3701,2.696,0.169,0.5918,1.2668,74.223,0.18106,0.0871,6.888,4.94e-06,66517.19,0.2393,0.088824,0.08634,1816.41,2.698e-05,0.2757,0.1097,2.982e-06,0.05408,5.057e-06,74.84,0.80135,0.3717,2.711,0.168,0.592,1.2674,74.4437,0.181048,0.0869,6.8862,4.9335e-06,66512.3,0.2384,0.088891,0.0863,1816.04,2.662e-05,0.2747,0.1094,2.972711e-06,0.054,5.06e-06,74.6938,0.8399,0.3689,2.6976,0.1686,0.591,1.26827,74.209,0.1811,0.087,6.887,4.934e-06,66516.5,0.2391,0.08879,0.0864,1816.37,2.66e-05,0.2762,0.1098,2.973e-06,0.05402,5.06e-06,74.85,0.8011,0.3701,2.6981,0.1687,0.5925,1.26744,74.21,0.1811,0.087,6.887,4.933e-06,66510.23,0.2393,0.08883,0.08636,1816.26,2.66e-05,0.2758,0.10951,2.977e-06,0.054,5.062e-06,74.83,0.8012,0.37,2.699,0.1684,0.5931,1.2671,74.22,0.181,0.08703,6.885,4.931e-06,66518.4,0.2392,0.08882,0.0864,1816.28,2.658e-05,0.2758,0.10951,2.973e-06,0.05403,5.059e-06,74.85,0.8012,0.3701,2.697,0.1688,0.5919,1.2674
2026-06-15 20:50:00,74.26,0.181,0.087,6.884,4.93e-06,66520.9,0.2393,0.0888,0.0864,1815.95,2.657e-05,0.2757,0.1095,2.97e-06,0.05403,5.06e-06,74.82,0.801,0.3705,2.697,0.1687,0.5925,1.2672,74.27,0.1809,0.0869,6.884,4.942e-06,66520.06,0.2392,0.0888,0.08637,1815.88,2.668e-05,0.2762,0.1095,2.97e-06,0.05406,5.062e-06,74.83,0.801,0.3701,2.701,0.1685,0.5925,1.2671,74.27,0.181,0.08699,6.886,4.93e-06,66522.0,0.2391,0.08879,0.08643,1815.92,2.661e-05,0.2757,0.1094,2.97e-06,0.05403,5.059e-06,74.82,0.801,0.3702,2.697,0.1686,0.5928,1.2669,74.28,0.1808,0.0871,6.88,4.93e-06,66491.8,0.2389,0.08877,0.0864,1814.98,2.67e-05,0.276,0.11,2.97e-06,0.05412,5.06e-06,74.79,0.8006,0.3706,2.696,0.169,0.5922,1.2662,74.223,0.18102,0.0871,6.887,4.94e-06,66517.02,0.2393,0.08881,0.08634,1815.91,2.698e-05,0.2757,0.1097,2.982e-06,0.05408,5.057e-06,74.81,0.80135,0.3717,2.711,0.168,0.5929,1.2672,74.302,0.180847,0.0869,6.8836,4.9335e-06,66512.3,0.2386,0.088849,0.0863,1816.35,2.662e-05,0.2747,0.1094,2.972711e-06,0.054,5.06e-06,74.6938,0.8398,0.3691,2.6965,0.1686,0.592,1.26827,74.251,0.181,0.0871,6.883,4.935e-06,66522.5,0.2391,0.0888,0.0864,1815.85,2.66e-05,0.2762,0.1098,2.972e-06,0.05401,5.058e-06,74.83,0.8009,0.3705,2.6964,0.1686,0.5925,1.26703,74.25,0.181,0.08706,6.884,4.928e-06,66515.34,0.2393,0.08879,0.08646,1816.02,2.658e-05,0.2756,0.10948,2.972e-06,0.05404,5.057e-06,74.82,0.8013,0.3703,2.698,0.1683,0.5931,1.267,74.28,0.1809,0.08703,6.883,4.929e-06,66526.7,0.2393,0.0888,0.08642,1816.05,2.658e-05,0.2758,0.10948,2.971e-06,0.05407,5.058e-06,74.84,0.801,0.3704,2.697,0.1688,0.5926,1.2673
2026-06-15 20:51:00,74.28,0.1809,0.0871,6.885,4.93e-06,66520.01,0.2393,0.08876,0.0864,1815.77,2.659e-05,0.2758,0.1094,2.97e-06,0.05404,5.06e-06,74.79,0.8018,0.3707,2.699,0.1687,0.5943,1.2656,74.27,0.181,0.0869,6.884,4.942e-06,66517.0,0.2392,0.08877,0.08642,1815.78,2.668e-05,0.2762,0.1095,2.97e-06,0.05406,5.061e-06,74.78,0.8016,0.3701,2.701,0.1685,0.5945,1.2656,74.28,0.1809,0.08706,6.886,4.93e-06,66519.1,0.2391,0.08877,0.08643,1815.75,2.659e-05,0.2757,0.1095,2.972e-06,0.05404,5.06e-06,74.8,0.8015,0.3708,2.697,0.1688,0.5944,1.2657,74.24,0.1808,0.087,6.88,4.93e-06,66485.14,0.2389,0.08872,0.0864,1814.87,2.67e-05,0.276,0.11,2.97e-06,0.05402,5.06e-06,74.75,0.8013,0.3706,2.697,0.169,0.5938,1.2649,74.223,0.18089,0.0871,6.888,4.94e-06,66521.45,0.2393,0.088763,0.08634,1815.79,2.698e-05,0.2757,0.1097,2.982e-06,0.05408,5.057e-06,74.79,0.80135,0.3717,2.711,0.168,0.5929,1.2657,74.302,0.180761,0.0869,6.8862,4.9335e-06,66515.07,0.2386,0.088814,0.08623,1816.19,2.664e-05,0.2748,0.1095,2.972711e-06,0.054,5.06e-06,74.6579,0.8399,0.3694,2.6985,0.1687,0.592,1.26551,74.287,0.1809,0.0871,6.884,4.933e-06,66522.3,0.2392,0.08879,0.0864,1816.13,2.66e-05,0.2762,0.1095,2.971e-06,0.05404,5.058e-06,74.78,0.8017,0.371,2.6988,0.1686,0.5942,1.26575,74.3,0.1808,0.08709,6.886,4.931e-06,66513.75,0.2393,0.08876,0.08646,1815.92,2.658e-05,0.2757,0.10954,2.972e-06,0.05401,5.06e-06,74.78,0.8014,0.3705,2.699,0.1683,0.5936,1.2656,74.32,0.1809,0.08707,6.883,4.93e-06,66518.1,0.2393,0.08876,0.08644,1815.8,2.658e-05,0.2756,0.10953,2.97e-06,0.05406,5.059e-06,74.79,0.8015,0.3705,2.698,0.1688,0.5943,1.2658
2026-06-15 20:52:00,74.29,0.1804,0.0871,6.887,4.94e-06,66517.92,0.2393,0.08877,0.0864,1816.02,2.659e-05,0.2757,0.1095,2.97e-06,0.05406,5.06e-06,74.86,0.8017,0.3707,2.699,0.1687,0.5946,1.2656,74.27,0.1804,0.0869,6.886,4.942e-06,66521.57,0.2392,0.08876,0.08642,1815.95,2.668e-05,0.2762,0.1095,2.971e-06,0.05405,5.059e-06,74.86,0.8017,0.3701,2.696,0.1685,0.5947,1.2654,74.29,0.1804,0.08701,6.884,4.93e-06,66521.5,0.2392,0.08875,0.0864,1816.12,2.659e-05,0.2757,0.1095,2.971e-06,0.05404,5.058e-06,74.88,0.8018,0.3706,2.699,0.1687,0.5949,1.2655,74.24,0.1802,0.087,6.89,4.93e-06,66485.74,0.2389,0.08873,0.0864,1815.24,2.67e-05,0.276,0.11,2.97e-06,0.05402,5.06e-06,74.84,0.8018,0.3706,2.698,0.169,0.5942,1.2649,74.223,0.18036,0.0871,6.888,4.94e-06,66523.9,0.2393,0.088773,0.08634,1815.96,2.698e-05,0.2755,0.1097,2.982e-06,0.05408,5.057e-06,74.87,0.80194,0.3717,2.711,0.168,0.5929,1.2657,74.302,0.180347,0.0869,6.8855,4.9335e-06,66515.07,0.2385,0.088815,0.08615,1816.19,2.664e-05,0.2747,0.1095,2.972711e-06,0.054,5.06e-06,74.7194,0.8386,0.3693,2.6985,0.1686,0.594,1.26489,74.29,0.1804,0.087,6.884,4.93e-06,66522.2,0.2392,0.08876,0.0864,1816.13,2.66e-05,0.2762,0.1095,2.971e-06,0.05405,5.058e-06,74.86,0.8016,0.3708,2.6986,0.1687,0.5947,1.26581,74.29,0.1804,0.08704,6.887,4.931e-06,66515.32,0.2393,0.08876,0.08644,1816.02,2.657e-05,0.2757,0.1095,2.972e-06,0.05406,5.058e-06,74.85,0.8019,0.3707,2.7,0.1684,0.5943,1.2655,74.29,0.1804,0.087,6.885,4.928e-06,66525.0,0.2393,0.08876,0.08642,1816.0,2.658e-05,0.2756,0.1095,2.967e-06,0.05406,5.058e-06,74.86,0.8018,0.3704,2.698,0.1688,0.5946,1.2656
2026-06-15 22:26:00,73.11,0.1784,0.086,6.827,4.8e-06,66119.57,0.2383,0.08823,0.0848,1791.62,2.622e-05,0.272,0.1084,2.94e-06,0.05362,5.03e-06,73.81,0.7917,0.3662,2.749,0.1669,0.6027,1.2441,73.06,0.1783,0.0859,6.827,4.8e-06,66127.78,0.2377,0.0882,0.08463,1791.63,2.621e-05,0.272,0.1084,2.937e-06,0.05353,5.027e-06,73.81,0.7914,0.3656,2.748,0.1664,0.6027,1.244,73.14,0.1784,0.08605,6.828,4.802e-06,66130.5,0.2383,0.08824,0.08483,1791.48,2.622e-05,0.2718,0.1083,2.937e-06,0.05362,5.029e-06,73.83,0.7917,0.3659,2.748,0.1669,0.603,1.2442,73.08,0.178,0.086,6.82,4.8e-06,66082.07,0.2379,0.08816,0.0848,1790.3,2.62e-05,0.273,0.108,2.93e-06,0.05361,5.03e-06,73.77,0.7912,0.366,2.747,0.167,0.6022,1.2434,73.356,0.17825,0.086,6.825,4.853e-06,66112.71,0.2422,0.088237,0.08605,1791.68,2.698e-05,0.2715,0.108,2.964e-06,0.05408,5.041e-06,73.8,0.79036,0.37395,2.7984,0.168,0.6032,1.2439,73.2075,0.178142,0.0858,6.8221,4.8367e-06,66134.0,0.2375,0.088453,0.08483,1791.81,2.619e-05,0.2709,0.1084,2.93617e-06,0.0534,5.04e-06,73.7501,0.8392,0.365,2.7493,0.1667,0.603,1.24397,73.097,0.1782,0.086,6.82,4.802e-06,66117.5,0.2379,0.08819,0.0848,1791.11,2.628e-05,0.2718,0.1083,2.939e-06,0.05358,5.034e-06,73.79,0.7915,0.3659,2.749,0.167,0.6028,1.24344,73.09,0.1783,0.08605,6.826,4.799e-06,66118.19,0.2382,0.08824,0.08472,1791.17,2.621e-05,0.272,0.10831,2.938e-06,0.05354,5.035e-06,73.81,0.791,0.3661,2.745,0.1668,0.603,1.244,73.15,0.1783,0.0861,6.825,4.796e-06,66129.2,0.2384,0.08823,0.08483,1791.61,2.623e-05,0.272,0.10838,2.936e-06,0.05362,5.034e-06,73.81,0.7916,0.3661,2.748,0.1667,0.6026,1.2442
2026-06-15 22:27:00,73.22,0.1782,0.0862,6.833,4.82e-06,66194.01,0.2387,0.08827,0.0849,1794.34,2.625e-05,0.2723,0.1085,2.95e-06,0.05366,5.04e-06,73.92,0.7919,0.3669,2.746,0.1671,0.6024,1.2444,73.04,0.1782,0.0862,6.832,4.8e-06,66202.46,0.2377,0.0883,0.08489,1794.08,2.621e-05,0.2723,0.1084,2.941e-06,0.05356,5.03e-06,73.91,0.7923,0.3653,2.745,0.1665,0.6021,1.2444,73.26,0.1783,0.08624,6.833,4.818e-06,66198.9,0.2388,0.08829,0.08493,1794.24,2.622e-05,0.2723,0.1084,2.942e-06,0.05365,5.036e-06,73.94,0.7919,0.367,2.745,0.1669,0.6025,1.2446,73.22,0.1782,0.0862,6.83,4.81e-06,66151.97,0.2379,0.08824,0.0849,1793.26,2.62e-05,0.273,0.108,2.94e-06,0.05361,5.03e-06,73.87,0.7914,0.3668,2.744,0.167,0.6022,1.2434,73.217,0.17815,0.0862,6.827,4.853e-06,66207.3,0.2422,0.088287,0.08605,1793.94,2.698e-05,0.2715,0.108,2.964e-06,0.05408,5.041e-06,73.93,0.79036,0.37395,2.7443,0.167,0.6032,1.2446,73.2075,0.17828,0.086,6.8338,4.8023e-06,66206.13,0.2379,0.088222,0.08495,1794.56,2.631e-05,0.2711,0.1085,2.93617e-06,0.0534,5.04e-06,73.8,0.8395,0.3656,2.7465,0.1669,0.602,1.24397,73.243,0.1781,0.0862,6.831,4.85e-06,66193.5,0.2386,0.08827,0.0849,1794.25,2.626e-05,0.2718,0.1083,2.943e-06,0.05365,5.037e-06,73.92,0.7922,0.366,2.7464,0.167,0.6027,1.24447,73.24,0.1782,0.08588,6.834,4.82e-06,66192.57,0.2385,0.08828,0.0848,1794.17,2.618e-05,0.2722,0.10849,2.942e-06,0.05366,5.04e-06,73.93,0.7919,0.3668,2.744,0.1669,0.6023,1.2444,73.25,0.1782,0.08625,6.832,4.816e-06,66196.5,0.2388,0.08825,0.08493,1794.22,2.623e-05,0.2721,0.10854,2.94e-06,0.05367,5.037e-06,73.92,0.7922,0.3669,2.746,0.1671,0.6023,1.2445
2026-06-15 22:28:00,73.16,0.1779,0.0861,6.829,4.82e-06,66170.0,0.2384,0.08823,0.0848,1793.45,2.621e-05,0.2719,0.1083,2.94e-06,0.05357,5.03e-06,73.86,0.7913,0.3661,2.742,0.1668,0.6035,1.2432,73.21,0.1779,0.0862,6.834,4.825e-06,66174.73,0.2377,0.08823,0.08478,1793.43,2.621e-05,0.2723,0.1084,2.937e-06,0.05362,5.035e-06,73.85,0.7913,0.3653,2.74,0.1665,0.6032,1.2431,73.2,0.178,0.08609,6.829,4.817e-06,66180.7,0.2385,0.08822,0.08479,1793.33,2.625e-05,0.272,0.1083,2.94e-06,0.0536,5.035e-06,73.85,0.7911,0.3659,2.741,0.1668,0.6037,1.2432,73.12,0.1778,0.086,6.82,4.81e-06,66131.34,0.2379,0.08817,0.0847,1792.47,2.62e-05,0.273,0.108,2.94e-06,0.05361,5.03e-06,73.81,0.7907,0.3658,2.739,0.166,0.6021,1.2426,73.168,0.17791,0.0861,6.833,4.853e-06,66176.5,0.2422,0.088225,0.08605,1793.6,2.698e-05,0.2715,0.108,2.964e-06,0.05408,5.041e-06,73.85,0.79036,0.37395,2.7443,0.167,0.603,1.2432,73.2075,0.178033,0.0859,6.8306,4.8023e-06,66204.61,0.2378,0.088222,0.08487,1793.44,2.627e-05,0.2707,0.1084,2.93617e-06,0.0533,5.04e-06,73.8008,0.8385,0.3647,2.7414,0.1666,0.602,1.24397,73.159,0.1779,0.0861,6.825,4.813e-06,66166.9,0.2388,0.0882,0.0848,1793.34,2.626e-05,0.2718,0.1086,2.937e-06,0.05355,5.033e-06,73.85,0.7912,0.366,2.7411,0.167,0.603,1.24341,73.19,0.1779,0.08609,6.832,4.82e-06,66168.03,0.2383,0.08823,0.085,1793.08,2.625e-05,0.272,0.10829,2.939e-06,0.05366,5.036e-06,73.85,0.7914,0.366,2.741,0.1666,0.6041,1.243,73.17,0.1779,0.08612,6.827,4.813e-06,66176.6,0.2384,0.08824,0.08481,1793.42,2.631e-05,0.2726,0.1083,2.936e-06,0.05358,5.033e-06,73.83,0.791,0.366,2.739,0.1672,0.6036,1.2433
2026-06-15 22:29:00,73.15,0.1778,0.086,6.825,4.81e-06,66162.01,0.2382,0.08821,0.0849,1792.01,2.621e-05,0.2718,0.1082,2.94e-06,0.05359,5.04e-06,73.81,0.7914,0.3659,2.738,0.1667,0.6027,1.2428,73.12,0.1779,0.0861,6.825,4.822e-06,66165.55,0.2383,0.08823,0.08481,1791.93,2.621e-05,0.2723,0.1081,2.938e-06,0.05356,5.035e-06,73.81,0.7913,0.3653,2.736,0.1667,0.6028,1.2427,73.17,0.1779,0.08602,6.826,4.817e-06,66168.5,0.238,0.08823,0.08483,1791.87,2.623e-05,0.2718,0.1082,2.939e-06,0.05358,5.03e-06,73.82,0.7916,0.3659,2.737,0.1667,0.6027,1.2428,73.14,0.1777,0.0859,6.83,4.81e-06,66121.15,0.2379,0.08816,0.0848,1791.03,2.62e-05,0.273,0.108,2.94e-06,0.05361,5.03e-06,73.77,0.7913,0.3656,2.736,0.166,0.6028,1.242,73.177,0.17772,0.0861,6.824,4.853e-06,66162.04,0.2422,0.088226,0.08605,1792.07,2.698e-05,0.2715,0.108,2.964e-06,0.05408,5.041e-06,73.8,0.79166,0.37395,2.7443,0.167,0.603,1.2429,73.2075,0.177743,0.0858,6.8267,4.8023e-06,66185.82,0.2369,0.088222,0.08487,1792.97,2.626e-05,0.2706,0.1082,2.93617e-06,0.0533,5.04e-06,73.8158,0.8385,0.3647,2.7385,0.1666,0.603,1.24277,73.154,0.1778,0.0861,6.825,4.813e-06,66162.7,0.2388,0.0882,0.0848,1792.34,2.626e-05,0.2718,0.1082,2.937e-06,0.05357,5.031e-06,73.83,0.7914,0.366,2.738,0.1668,0.6036,1.24292,73.18,0.1779,0.08599,6.825,4.811e-06,66162.15,0.238,0.08824,0.0848,1791.93,2.622e-05,0.2717,0.10829,2.939e-06,0.0536,5.032e-06,73.83,0.7913,0.3658,2.738,0.1665,0.6034,1.2425,73.17,0.1778,0.08602,6.825,4.815e-06,66164.4,0.2383,0.08822,0.08484,1792.05,2.622e-05,0.2718,0.1082,2.936e-06,0.05359,5.03e-06,73.81,0.7915,0.3658,2.74,0.1672,0.6031,1.2428
2026-06-15 22:31:00,73.43,0.1772,0.0857,6.818,4.8e-06,66144.79,0.2366,0.08809,0.0845,1789.63,2.616e-05,0.2711,0.1078,2.93e-06,0.05352,5.02e-06,73.72,0.79,0.365,2.732,0.1665,0.6037,1.2406,73.44,0.1772,0.0857,6.813,4.801e-06,66146.0,0.2366,0.08808,0.0845,1789.63,2.615e-05,0.2711,0.1077,2.928e-06,0.05363,5.019e-06,73.72,0.7891,0.3652,2.731,0.1663,0.6037,1.2404,73.44,0.1772,0.08572,6.817,4.802e-06,66149.9,0.2367,0.0881,0.08454,1789.66,2.616e-05,0.2711,0.1078,2.929e-06,0.05351,5.017e-06,73.73,0.79,0.3647,2.733,0.1664,0.604,1.2406,73.66,0.1771,0.0857,6.82,4.79e-06,66105.69,0.2363,0.08806,0.0845,1788.35,2.62e-05,0.271,0.108,2.92e-06,0.05358,5.02e-06,73.67,0.7895,0.3646,2.728,0.166,0.6032,1.2399,73.617,0.17724,0.0858,6.817,4.853e-06,66147.99,0.2422,0.088094,0.08605,1789.71,2.698e-05,0.2715,0.108,2.964e-06,0.05408,5.041e-06,73.73,0.78955,0.37395,2.7443,0.167,0.603,1.2405,73.527,0.177271,0.0855,6.8127,4.8023e-06,66149.97,0.2357,0.088197,0.0846,1790.02,2.626e-05,0.2701,0.1078,2.93087e-06,0.0532,5.03e-06,73.667,0.8384,0.3638,2.7326,0.1671,0.603,1.24153,73.432,0.1771,0.0857,6.813,4.803e-06,66138.9,0.2366,0.08802,0.0845,1789.78,2.614e-05,0.2712,0.1077,2.928e-06,0.05351,5.02e-06,73.7,0.7897,0.3649,2.7325,0.1664,0.6029,1.24035,73.38,0.1772,0.0856,6.814,4.798e-06,66139.99,0.2366,0.08808,0.08444,1789.36,2.617e-05,0.2708,0.10778,2.929e-06,0.05354,5.019e-06,73.7,0.7891,0.3649,2.737,0.166,0.6036,1.2403,73.45,0.1773,0.08569,6.817,4.798e-06,66144.8,0.2367,0.08808,0.08454,1789.58,2.615e-05,0.271,0.10784,2.93e-06,0.05349,5.021e-06,73.72,0.79,0.365,2.731,0.1664,0.6039,1.2408
2026-06-15 22:32:00,73.5,0.1775,0.0857,6.818,4.8e-06,66121.43,0.2361,0.08805,0.0846,1788.49,2.617e-05,0.2713,0.1078,2.93e-06,0.05351,5.02e-06,73.67,0.7899,0.3654,2.737,0.1663,0.6036,1.2393,73.52,0.1774,0.0858,6.812,4.803e-06,66122.43,0.236,0.08804,0.08452,1788.39,2.615e-05,0.2711,0.1078,2.932e-06,0.05354,5.019e-06,73.67,0.7898,0.3652,2.73,0.1664,0.6034,1.2393,73.5,0.1774,0.0857,6.814,4.803e-06,66125.3,0.2362,0.08805,0.08459,1788.48,2.616e-05,0.2712,0.1078,2.93e-06,0.05354,5.017e-06,73.68,0.7894,0.3653,2.736,0.1665,0.6037,1.2394,73.46,0.1773,0.0857,6.81,4.8e-06,66082.0,0.2361,0.08799,0.0845,1787.49,2.62e-05,0.271,0.108,2.93e-06,0.05358,5.02e-06,73.63,0.7894,0.365,2.734,0.167,0.6032,1.2387,73.488,0.17741,0.0858,6.815,4.853e-06,66119.44,0.2361,0.088029,0.08605,1788.5,2.698e-05,0.2715,0.108,2.964e-06,0.05408,5.041e-06,73.67,0.78986,0.37395,2.7443,0.167,0.603,1.2397,73.598,0.177447,0.0851,6.8185,4.8023e-06,66130.14,0.2358,0.088197,0.08463,1788.97,2.623e-05,0.2703,0.1078,2.93087e-06,0.0532,5.02e-06,73.6,0.8395,0.3641,2.7356,0.1663,0.603,1.23856,73.535,0.1772,0.0858,6.816,4.801e-06,66122.2,0.236,0.08805,0.0846,1788.31,2.614e-05,0.2712,0.1078,2.93e-06,0.05348,5.021e-06,73.65,0.7898,0.365,2.7359,0.1664,0.6025,1.23953,73.47,0.1774,0.0856,6.818,4.803e-06,66121.23,0.2361,0.08805,0.08452,1788.21,2.618e-05,0.2712,0.10789,2.932e-06,0.05348,5.023e-06,73.66,0.7893,0.3652,2.732,0.1661,0.6036,1.2391,73.47,0.1774,0.0857,6.817,4.799e-06,66124.7,0.2361,0.08804,0.0846,1788.53,2.617e-05,0.2713,0.10776,2.931e-06,0.05348,5.021e-06,73.66,0.79,0.3654,2.736,0.1664,0.6038,1.2395
2026-06-15 22:33:00,73.82,0.1781,0.086,6.843,4.82e-06,66233.94,0.2372,0.08827,0.085,1794.91,2.626e-05,0.2725,0.1082,2.94e-06,0.05368,5.04e-06,73.9,0.7933,0.3663,2.759,0.1674,0.6079,1.2424,73.77,0.1781,0.0858,6.843,4.803e-06,66234.99,0.2368,0.08826,0.08499,1795.12,2.615e-05,0.2711,0.1082,2.939e-06,0.0536,5.032e-06,73.9,0.7934,0.3652,2.757,0.1672,0.6075,1.2426,73.82,0.1781,0.08606,6.843,4.825e-06,66241.1,0.2372,0.08829,0.085,1794.84,2.625e-05,0.2717,0.108,2.944e-06,0.05355,5.035e-06,73.9,0.7933,0.3661,2.758,0.1673,0.6078,1.2427,73.78,0.178,0.086,6.83,4.82e-06,66194.0,0.2368,0.08821,0.085,1793.87,2.62e-05,0.273,0.109,2.94e-06,0.05358,5.03e-06,73.85,0.7928,0.366,2.757,0.167,0.6072,1.2417,73.636,0.1781,0.0858,6.84,4.853e-06,66222.18,0.2361,0.08827,0.08605,1794.79,2.698e-05,0.2715,0.108,2.964e-06,0.05408,5.041e-06,73.91,0.793,0.37395,2.7443,0.167,0.607,1.2425,73.598,0.178008,0.0851,6.8415,4.8023e-06,66232.46,0.2367,0.088238,0.085,1795.43,2.632e-05,0.2711,0.1082,2.93087e-06,0.0534,5.02e-06,73.7974,0.8385,0.3649,2.757,0.1673,0.607,1.23856,73.827,0.1781,0.086,6.841,4.827e-06,66235.0,0.236,0.08824,0.085,1794.71,2.619e-05,0.2718,0.1079,2.942e-06,0.05368,5.033e-06,73.9,0.7927,0.3656,2.7586,0.1674,0.6078,1.2428,73.57,0.1781,0.0856,6.835,4.817e-06,66222.35,0.2373,0.08826,0.08496,1794.96,2.623e-05,0.2718,0.10806,2.945e-06,0.05366,5.033e-06,73.89,0.793,0.3662,2.748,0.1672,0.6074,1.2425,73.87,0.1781,0.08603,6.842,4.825e-06,66231.4,0.2372,0.08826,0.085,1794.8,2.622e-05,0.2722,0.10824,2.945e-06,0.05367,5.034e-06,73.9,0.7931,0.3662,2.758,0.1674,0.6076,1.2426
2026-06-15 22:34:00,73.79,0.1782,0.0861,6.849,4.83e-06,66243.68,0.2371,0.08829,0.0851,1795.09,2.63e-05,0.2728,0.1084,2.94e-06,0.05375,5.04e-06,73.91,0.7929,0.3667,2.763,0.1674,0.6085,1.2433,73.85,0.1783,0.0861,6.849,4.825e-06,66248.0,0.2368,0.0883,0.08506,1795.1,2.615e-05,0.2711,0.1084,2.946e-06,0.05376,5.037e-06,73.91,0.7932,0.3652,2.764,0.1674,0.6075,1.2436,73.81,0.1784,0.08609,6.85,4.831e-06,66250.5,0.2372,0.08828,0.08507,1795.06,2.625e-05,0.2728,0.1084,2.946e-06,0.05369,5.036e-06,73.91,0.7932,0.3668,2.762,0.1675,0.6083,1.2433,73.8,0.1781,0.086,6.85,4.83e-06,66200.38,0.2368,0.08822,0.085,1794.16,2.62e-05,0.273,0.109,2.94e-06,0.05364,5.03e-06,73.88,0.7928,0.3665,2.762,0.167,0.6078,1.2425,73.817,0.17818,0.0858,6.84,4.853e-06,66244.29,0.2361,0.088274,0.08605,1794.85,2.698e-05,0.2715,0.108,2.964e-06,0.05408,5.041e-06,73.93,0.79316,0.37395,2.7443,0.167,0.6085,1.2433,73.598,0.178231,0.0859,6.8518,4.8023e-06,66287.46,0.2366,0.088403,0.08503,1795.63,2.636e-05,0.2716,0.1084,2.948275e-06,0.0534,5.02e-06,73.7974,0.8413,0.3654,2.7667,0.1673,0.608,1.23856,73.782,0.1783,0.0861,6.849,4.832e-06,66245.0,0.236,0.08829,0.0851,1795.66,2.619e-05,0.2723,0.1084,2.946e-06,0.05372,5.037e-06,73.91,0.7931,0.3668,2.7637,0.1675,0.6079,1.24387,73.87,0.1783,0.08602,6.835,4.83e-06,66247.37,0.2371,0.0883,0.08507,1795.34,2.628e-05,0.273,0.10831,2.946e-06,0.05374,5.039e-06,73.92,0.7931,0.3665,2.765,0.1673,0.6084,1.2432,73.84,0.1783,0.08611,6.849,4.83e-06,66247.3,0.2372,0.08827,0.08511,1794.94,2.622e-05,0.2728,0.10842,2.945e-06,0.05375,5.037e-06,73.92,0.7929,0.3667,2.763,0.1676,0.6082,1.2434
2026-06-15 22:35:00,73.79,0.1784,0.0861,6.854,4.83e-06,66291.99,0.2377,0.08834,0.0851,1796.88,2.631e-05,0.273,0.1085,2.94e-06,0.05376,5.04e-06,73.96,0.7935,0.3669,2.774,0.1677,0.6097,1.245,73.78,0.1785,0.086,6.852,4.825e-06,66294.71,0.2375,0.08835,0.085,1796.93,2.628e-05,0.2711,0.1085,2.945e-06,0.05379,5.037e-06,73.97,0.7934,0.3652,2.773,0.1674,0.6094,1.245,73.77,0.1784,0.08616,6.854,4.832e-06,66296.2,0.2376,0.08832,0.08507,1796.92,2.632e-05,0.2728,0.1085,2.946e-06,0.05376,5.037e-06,73.98,0.7936,0.3666,2.773,0.1675,0.6096,1.2451,73.65,0.1784,0.0861,6.85,4.83e-06,66248.24,0.2378,0.08825,0.085,1795.77,2.62e-05,0.273,0.109,2.94e-06,0.05364,5.04e-06,73.92,0.7932,0.3666,2.771,0.167,0.6095,1.2443,73.797,0.17844,0.0861,6.84,4.853e-06,66291.95,0.2361,0.088332,0.08605,1797.01,2.698e-05,0.2715,0.108,2.964e-06,0.05408,5.041e-06,73.98,0.79356,0.37395,2.7443,0.167,0.6089,1.245,73.598,0.178474,0.0859,6.8536,4.8023e-06,66306.33,0.2366,0.088403,0.08493,1797.4,2.64e-05,0.2717,0.1085,2.948275e-06,0.0535,5.02e-06,73.8121,0.8381,0.3656,2.7747,0.1675,0.609,1.24278,73.812,0.1784,0.0862,6.854,4.83e-06,66290.8,0.2376,0.0883,0.0851,1797.03,2.63e-05,0.2723,0.1085,2.946e-06,0.05377,5.038e-06,73.97,0.7938,0.3667,2.7727,0.1676,0.6098,1.24506,73.77,0.1784,0.08613,6.853,4.836e-06,66291.93,0.2376,0.08835,0.08513,1796.94,2.629e-05,0.2729,0.10851,2.944e-06,0.05376,5.038e-06,73.96,0.7939,0.3669,2.775,0.1674,0.6095,1.2449,73.83,0.1784,0.08614,6.853,4.83e-06,66294.0,0.2376,0.08832,0.08509,1796.78,2.631e-05,0.2729,0.10851,2.945e-06,0.05377,5.037e-06,73.97,0.7935,0.3668,2.774,0.1673,0.6097,1.245
2026-06-15 22:43:00,73.36,0.1786,0.086,6.842,4.82e-06,66281.99,0.2369,0.08816,0.0847,1793.6,2.622e-05,0.2722,0.1081,2.93e-06,0.05363,5.04e-06,73.92,0.792,0.3664,2.757,0.1671,0.6066,1.2426,73.38,0.1786,0.0859,6.842,4.821e-06,66281.81,0.2368,0.08816,0.08469,1793.66,2.63e-05,0.2724,0.108,2.934e-06,0.05363,5.039e-06,73.92,0.792,0.3669,2.757,0.1674,0.6061,1.2426,73.4,0.1786,0.08594,6.843,4.818e-06,66287.9,0.2368,0.08815,0.08472,1793.57,2.632e-05,0.272,0.1081,2.934e-06,0.05369,5.032e-06,73.92,0.7919,0.3664,2.756,0.1671,0.6065,1.2425,73.32,0.1785,0.0858,6.83,4.81e-06,66243.91,0.2367,0.08807,0.0846,1792.6,2.63e-05,0.272,0.108,2.93e-06,0.05357,5.03e-06,73.87,0.7917,0.3662,2.756,0.167,0.6064,1.2419,73.438,0.17863,0.0862,6.838,4.853e-06,66275.74,0.2361,0.088165,0.08503,1793.48,2.698e-05,0.2715,0.108,2.964e-06,0.05408,5.041e-06,73.91,0.79196,0.37395,2.76,0.167,0.6064,1.2425,73.598,0.17867,0.0858,6.8418,4.8023e-06,66317.49,0.236,0.088353,0.08471,1793.84,2.626e-05,0.2709,0.1079,2.937931e-06,0.0533,5.03e-06,73.8677,0.8378,0.3652,2.7574,0.1671,0.606,1.24556,73.376,0.1786,0.086,6.838,4.817e-06,66285.0,0.2373,0.08814,0.0847,1793.77,2.63e-05,0.2727,0.1081,2.934e-06,0.05362,5.031e-06,73.92,0.792,0.367,2.7572,0.1671,0.6066,1.24261,73.43,0.1786,0.0859,6.838,4.823e-06,66282.63,0.2369,0.08815,0.08478,1793.64,2.622e-05,0.2722,0.10811,2.933e-06,0.05361,5.034e-06,73.91,0.7918,0.3666,2.759,0.1668,0.6062,1.2426,73.39,0.1786,0.08593,6.842,4.817e-06,66289.4,0.2369,0.08815,0.08472,1793.71,2.626e-05,0.2724,0.1081,2.933e-06,0.05362,5.034e-06,73.91,0.792,0.3664,2.758,0.1679,0.6067,1.2425
2026-06-15 22:44:00,73.4,0.1785,0.086,6.84,4.82e-06,66296.13,0.237,0.08809,0.0847,1793.61,2.623e-05,0.2722,0.1081,2.93e-06,0.05364,5.03e-06,73.91,0.792,0.3664,2.765,0.1671,0.6081,1.2423,73.36,0.1785,0.0859,6.842,4.818e-06,66300.08,0.2367,0.08809,0.08471,1793.71,2.63e-05,0.2724,0.108,2.935e-06,0.05359,5.032e-06,73.91,0.7919,0.3669,2.762,0.1674,0.6072,1.2426,73.43,0.1786,0.08596,6.842,4.817e-06,66301.7,0.2371,0.08807,0.08474,1793.62,2.632e-05,0.272,0.1081,2.936e-06,0.05369,5.032e-06,73.91,0.792,0.3663,2.763,0.1672,0.608,1.2425,73.35,0.1785,0.0858,6.83,4.81e-06,66249.38,0.2367,0.08802,0.0847,1792.41,2.63e-05,0.272,0.108,2.93e-06,0.05357,5.03e-06,73.87,0.7917,0.3661,2.763,0.167,0.6077,1.2416,73.37,0.17852,0.0862,6.838,4.853e-06,66297.66,0.2361,0.08803,0.08503,1793.61,2.698e-05,0.2715,0.108,2.964e-06,0.05408,5.041e-06,73.91,0.79196,0.37395,2.7626,0.167,0.608,1.2425,73.2876,0.178536,0.0858,6.8386,4.8023e-06,66299.02,0.236,0.088233,0.08472,1793.67,2.626e-05,0.2711,0.1081,2.937931e-06,0.0533,5.03e-06,73.8677,0.8378,0.3652,2.7656,0.167,0.607,1.24556,73.401,0.1784,0.086,6.839,4.817e-06,66294.1,0.2373,0.08806,0.0847,1793.74,2.63e-05,0.2727,0.1081,2.935e-06,0.05359,5.03e-06,73.92,0.7921,0.3664,2.7639,0.1671,0.6077,1.2428,73.43,0.1785,0.08593,6.843,4.818e-06,66299.55,0.2371,0.08808,0.08478,1793.64,2.622e-05,0.2719,0.10811,2.932e-06,0.05363,5.033e-06,73.93,0.7917,0.3663,2.763,0.1669,0.6062,1.2425,73.41,0.1786,0.08593,6.841,4.816e-06,66295.7,0.2371,0.08807,0.08474,1793.68,2.626e-05,0.2724,0.10804,2.933e-06,0.05361,5.032e-06,73.91,0.7918,0.3664,2.764,0.1679,0.6081,1.2423
2026-06-15 22:45:00,73.34,0.1786,0.0858,6.833,4.82e-06,66269.59,0.2368,0.08809,0.0846,1791.7,2.619e-05,0.2717,0.1079,2.94e-06,0.05357,5.03e-06,73.82,0.7902,0.3659,2.759,0.167,0.6066,1.2411,73.45,0.1786,0.0858,6.833,4.818e-06,66269.07,0.2367,0.08808,0.08457,1791.51,2.63e-05,0.2724,0.1081,2.931e-06,0.05364,5.032e-06,73.82,0.7903,0.3669,2.758,0.1674,0.6061,1.241,73.35,0.1786,0.08579,6.834,4.813e-06,66273.4,0.2368,0.08806,0.08457,1791.54,2.632e-05,0.2717,0.1081,2.932e-06,0.05358,5.029e-06,73.82,0.7901,0.3658,2.758,0.167,0.6063,1.2409,73.28,0.1786,0.0858,6.83,4.81e-06,66226.71,0.2365,0.08801,0.0846,1790.57,2.62e-05,0.272,0.108,2.93e-06,0.05357,5.03e-06,73.78,0.7896,0.366,2.757,0.167,0.6058,1.2403,73.37,0.17858,0.0862,6.838,4.853e-06,66258.93,0.2361,0.088079,0.08503,1791.73,2.698e-05,0.2715,0.108,2.964e-06,0.05408,5.041e-06,73.83,0.79046,0.37395,2.7626,0.167,0.6077,1.2412,73.2876,0.178623,0.0858,6.8336,4.8023e-06,66318.6,0.2364,0.088222,0.08455,1792.02,2.622e-05,0.2706,0.1079,2.937931e-06,0.0533,5.03e-06,73.8314,0.8378,0.3646,2.7606,0.167,0.605,1.24556,73.297,0.1786,0.0859,6.834,4.817e-06,66262.5,0.2373,0.08814,0.0846,1791.9,2.62e-05,0.2727,0.1081,2.931e-06,0.05356,5.029e-06,73.83,0.7902,0.3664,2.7587,0.1671,0.6064,1.24079,73.35,0.1786,0.08588,6.833,4.818e-06,66263.72,0.2367,0.08807,0.0848,1791.33,2.621e-05,0.2719,0.10809,2.935e-06,0.05359,5.03e-06,73.83,0.7907,0.3656,2.763,0.1667,0.6086,1.2404,73.34,0.1786,0.0858,6.833,4.811e-06,66277.2,0.2368,0.08808,0.08457,1791.57,2.626e-05,0.2717,0.10799,2.931e-06,0.0536,5.029e-06,73.81,0.79,0.3658,2.759,0.1673,0.6065,1.2407
2026-06-15 22:46:00,73.39,0.1786,0.0858,6.834,4.82e-06,66284.39,0.2369,0.08808,0.0846,1792.56,2.62e-05,0.272,0.108,2.93e-06,0.05359,5.03e-06,73.86,0.7903,0.3661,2.764,0.1671,0.6063,1.2409,73.45,0.1786,0.0858,6.835,4.818e-06,66288.0,0.2371,0.08809,0.08449,1792.5,2.623e-05,0.2724,0.1081,2.935e-06,0.05362,5.032e-06,73.86,0.7904,0.3669,2.766,0.1674,0.607,1.2414,73.42,0.1787,0.08588,6.836,4.815e-06,66288.1,0.2369,0.08813,0.08454,1792.62,2.632e-05,0.2721,0.1081,2.934e-06,0.05358,5.029e-06,73.87,0.7904,0.3661,2.763,0.167,0.6064,1.241,73.36,0.1785,0.0858,6.83,4.8e-06,66243.99,0.2365,0.08804,0.0845,1791.57,2.62e-05,0.272,0.108,2.93e-06,0.05345,5.02e-06,73.81,0.7902,0.3659,2.763,0.167,0.6066,1.2403,73.37,0.17864,0.0859,6.838,4.853e-06,66286.6,0.2361,0.088095,0.08503,1792.5,2.698e-05,0.2715,0.108,2.964e-06,0.05408,5.041e-06,73.87,0.79046,0.37395,2.7626,0.167,0.6077,1.2413,73.2876,0.17871,0.0857,6.8366,4.8023e-06,66326.63,0.2364,0.088222,0.08455,1793.43,2.626e-05,0.271,0.108,2.937931e-06,0.0533,5.03e-06,73.817,0.8378,0.3649,2.7666,0.1672,0.606,1.24556,73.394,0.1787,0.0859,6.833,4.82e-06,66292.8,0.2373,0.08807,0.0846,1792.93,2.62e-05,0.2727,0.1081,2.936e-06,0.0536,5.033e-06,73.87,0.7904,0.3664,2.7645,0.1672,0.6069,1.24193,73.46,0.1786,0.0859,6.837,4.818e-06,66290.48,0.237,0.0881,0.08469,1792.86,2.623e-05,0.2722,0.10818,2.936e-06,0.05363,5.033e-06,73.88,0.7905,0.3661,2.763,0.1668,0.6073,1.241,73.42,0.1786,0.08588,6.834,4.813e-06,66282.2,0.237,0.0881,0.08454,1792.46,2.626e-05,0.2717,0.10802,2.932e-06,0.05361,5.03e-06,73.86,0.7903,0.366,2.764,0.1675,0.6069,1.2413
2026-06-15 22:48:00,73.37,0.1784,0.0857,6.836,4.82e-06,66265.38,0.2363,0.08808,0.0844,1791.42,2.619e-05,0.2717,0.1079,2.94e-06,0.05357,5.03e-06,73.88,0.79,0.3658,2.76,0.167,0.6033,1.2402,73.32,0.1786,0.0857,6.837,4.818e-06,66272.65,0.2362,0.08812,0.08446,1791.43,2.62e-05,0.2713,0.1078,2.932e-06,0.05358,5.028e-06,73.88,0.7898,0.3653,2.754,0.1668,0.6031,1.2402,73.36,0.1785,0.08578,6.837,4.817e-06,66272.8,0.2364,0.08808,0.08443,1791.34,2.618e-05,0.2716,0.1079,2.933e-06,0.05354,5.029e-06,73.88,0.7899,0.3656,2.759,0.167,0.6031,1.2402,73.3,0.1783,0.0857,6.83,4.81e-06,66223.95,0.2359,0.08799,0.0844,1790.3,2.61e-05,0.272,0.108,2.93e-06,0.05353,5.02e-06,73.82,0.7894,0.3654,2.758,0.167,0.6026,1.2396,73.286,0.17847,0.0857,6.836,4.853e-06,66271.02,0.2363,0.088072,0.08503,1791.29,2.698e-05,0.2715,0.108,2.964e-06,0.05408,5.041e-06,73.86,0.79026,0.37395,2.7626,0.167,0.6019,1.2401,73.2876,0.17839,0.0855,6.8357,4.8023e-06,66282.24,0.2357,0.088129,0.08442,1792.0,2.628e-05,0.2704,0.1078,2.933333e-06,0.0532,5.03e-06,73.7746,0.8378,0.3646,2.7607,0.1668,0.602,1.24556,73.349,0.1785,0.0858,6.834,4.811e-06,66271.9,0.2363,0.08809,0.0845,1791.51,2.62e-05,0.2713,0.1078,2.928e-06,0.05356,5.03e-06,73.88,0.7901,0.3654,2.7594,0.1671,0.6023,1.24013,73.33,0.1784,0.08578,6.831,4.816e-06,66272.52,0.2363,0.08808,0.08438,1791.13,2.62e-05,0.2716,0.10789,2.928e-06,0.05355,5.03e-06,73.87,0.79,0.3657,2.761,0.1668,0.6019,1.2401,73.39,0.1785,0.08574,6.836,4.815e-06,66266.4,0.2363,0.08807,0.08443,1791.44,2.619e-05,0.2716,0.10789,2.932e-06,0.05356,5.029e-06,73.88,0.7899,0.3657,2.758,0.1669,0.6032,1.2403
2026-06-15 22:49:00,73.2,0.1782,0.0855,6.823,4.81e-06,66210.0,0.2362,0.0879,0.0842,1788.95,2.614e-05,0.2711,0.1077,2.92e-06,0.0535,5.03e-06,73.73,0.7884,0.3646,2.751,0.1665,0.5917,1.2383,73.2,0.1784,0.0853,6.824,4.818e-06,66210.12,0.2359,0.08793,0.08416,1789.03,2.62e-05,0.2713,0.1077,2.922e-06,0.05352,5.025e-06,73.74,0.7884,0.3653,2.749,0.1663,0.5918,1.2383,73.21,0.1784,0.08553,6.824,4.808e-06,66217.3,0.2359,0.08791,0.08419,1788.87,2.615e-05,0.2709,0.1077,2.925e-06,0.05352,5.024e-06,73.75,0.7881,0.3645,2.75,0.1665,0.5914,1.2384,73.16,0.1782,0.0855,6.82,4.8e-06,66164.62,0.2362,0.08783,0.0842,1787.65,2.61e-05,0.272,0.108,2.92e-06,0.05346,5.02e-06,73.68,0.7881,0.3645,2.75,0.167,0.5914,1.2377,73.286,0.17831,0.0855,6.824,4.853e-06,66208.65,0.2363,0.087892,0.08503,1789.1,2.698e-05,0.2715,0.108,2.964e-06,0.05408,5.041e-06,73.75,0.78849,0.37395,2.7626,0.167,0.5909,1.2381,73.2876,0.178242,0.0852,6.8237,4.8023e-06,66218.43,0.2362,0.088051,0.08423,1789.46,2.614e-05,0.2697,0.1076,2.927586e-06,0.0531,5.02e-06,73.6855,0.8383,0.3635,2.7527,0.1664,0.591,1.23778,73.238,0.1784,0.0855,6.826,4.804e-06,66208.5,0.2363,0.08789,0.0842,1789.03,2.62e-05,0.2709,0.1077,2.923e-06,0.05348,5.025e-06,73.71,0.788,0.3646,2.7517,0.1666,0.5917,1.2384,73.2,0.1782,0.08574,6.826,4.812e-06,66207.82,0.236,0.08792,0.08419,1789.06,2.612e-05,0.2711,0.1076,2.922e-06,0.05353,5.022e-06,73.74,0.7879,0.3644,2.749,0.1662,0.5915,1.238,73.22,0.1783,0.0855,6.822,4.804e-06,66213.3,0.2362,0.08792,0.08418,1789.04,2.614e-05,0.271,0.10768,2.922e-06,0.05352,5.024e-06,73.72,0.7883,0.365,2.751,0.1664,0.5917,1.2386
2026-06-15 22:50:00,73.49,0.1783,0.0856,6.829,4.81e-06,66270.84,0.2364,0.08798,0.0843,1793.08,2.617e-05,0.2715,0.1078,2.92e-06,0.05356,5.03e-06,73.84,0.7895,0.3654,2.76,0.1667,0.5938,1.24,73.48,0.1782,0.0853,6.829,4.818e-06,66273.99,0.2359,0.08799,0.08428,1793.03,2.62e-05,0.2713,0.1077,2.927e-06,0.05353,5.025e-06,73.85,0.7896,0.3653,2.757,0.1663,0.5934,1.2399,73.49,0.1783,0.08562,6.829,4.805e-06,66279.3,0.2362,0.08798,0.08435,1792.84,2.615e-05,0.2713,0.1077,2.923e-06,0.05351,5.023e-06,73.85,0.7895,0.3653,2.758,0.1667,0.5937,1.2399,73.45,0.1783,0.0855,6.82,4.81e-06,66229.51,0.2362,0.08791,0.0843,1791.8,2.61e-05,0.272,0.108,2.92e-06,0.05352,5.02e-06,73.81,0.789,0.3649,2.757,0.167,0.5935,1.2393,73.37,0.17813,0.0856,6.824,4.853e-06,66277.55,0.2363,0.087965,0.08503,1792.82,2.698e-05,0.2715,0.108,2.964e-06,0.05408,5.041e-06,73.85,0.78946,0.37395,2.7626,0.167,0.5935,1.24,73.411,0.178312,0.0853,6.826,4.8023e-06,66276.22,0.2359,0.088051,0.08442,1793.19,2.617e-05,0.27,0.1075,2.927586e-06,0.0532,5.02e-06,73.807,0.838,0.3641,2.7588,0.1666,0.593,1.23782,73.504,0.1782,0.0856,6.82,4.813e-06,66277.8,0.2362,0.08786,0.0843,1792.52,2.62e-05,0.2709,0.1078,2.927e-06,0.05355,5.028e-06,73.84,0.789,0.3646,2.7582,0.1668,0.5934,1.23998,73.21,0.1784,0.08558,6.826,4.813e-06,66260.0,0.2363,0.08798,0.08423,1793.22,2.613e-05,0.2716,0.10761,2.925e-06,0.05356,5.022e-06,73.85,0.7885,0.3653,2.756,0.1665,0.5932,1.2399,73.54,0.1783,0.08562,6.828,4.81e-06,66277.1,0.2364,0.08799,0.08436,1792.92,2.614e-05,0.2715,0.10777,2.926e-06,0.05353,5.026e-06,73.85,0.7894,0.3652,2.758,0.1664,0.5936,1.24
2026-06-15 22:51:00,73.49,0.1785,0.0858,6.832,4.82e-06,66252.0,0.2369,0.08799,0.0845,1791.58,2.62e-05,0.2719,0.1079,2.93e-06,0.05358,5.04e-06,73.8,0.7902,0.3659,2.763,0.167,0.593,1.2385,73.46,0.1786,0.0853,6.832,4.818e-06,66251.63,0.2368,0.08801,0.08441,1791.38,2.62e-05,0.2713,0.108,2.928e-06,0.05361,5.029e-06,73.8,0.7901,0.3653,2.763,0.1663,0.5934,1.2385,73.51,0.1786,0.08575,6.832,4.82e-06,66256.2,0.2368,0.088,0.08443,1791.58,2.615e-05,0.2717,0.108,2.929e-06,0.05359,5.027e-06,73.81,0.79,0.3659,2.763,0.167,0.5933,1.2385,73.42,0.1785,0.0857,6.83,4.82e-06,66206.82,0.2368,0.08792,0.0844,1790.3,2.61e-05,0.272,0.108,2.92e-06,0.05352,5.03e-06,73.75,0.7898,0.3657,2.761,0.167,0.5922,1.2379,73.37,0.17862,0.0857,6.829,4.853e-06,66272.4,0.2363,0.087975,0.08503,1791.32,2.698e-05,0.2715,0.108,2.929e-06,0.05408,5.041e-06,73.8,0.78936,0.37395,2.7626,0.167,0.5935,1.2386,73.411,0.178495,0.0855,6.8326,4.8023e-06,66272.34,0.2359,0.088108,0.08452,1791.59,2.621e-05,0.2705,0.1079,2.927586e-06,0.0532,5.02e-06,73.714,0.8377,0.3647,2.7638,0.1668,0.593,1.23782,73.498,0.1785,0.0857,6.832,4.819e-06,66256.1,0.2362,0.08799,0.0845,1791.37,2.62e-05,0.2714,0.1078,2.928e-06,0.05357,5.034e-06,73.8,0.7898,0.3646,2.7624,0.167,0.5933,1.23867,73.49,0.1785,0.08569,6.827,4.823e-06,66250.01,0.2369,0.08798,0.08444,1791.24,2.62e-05,0.2718,0.10799,2.93e-06,0.05356,5.031e-06,73.8,0.7901,0.3659,2.764,0.1668,0.5933,1.2386,73.5,0.1785,0.08574,6.831,4.819e-06,66250.9,0.2371,0.08798,0.08447,1791.4,2.614e-05,0.2717,0.10796,2.927e-06,0.05359,5.032e-06,73.8,0.7901,0.3659,2.762,0.1668,0.5932,1.2386
2026-06-15 22:52:00,73.5,0.1787,0.0857,6.838,4.82e-06,66256.0,0.237,0.08807,0.0846,1792.25,2.621e-05,0.2719,0.1081,2.93e-06,0.05364,5.03e-06,73.82,0.79,0.3665,2.771,0.1671,0.5915,1.2395,73.46,0.1786,0.0853,6.836,4.818e-06,66249.86,0.2371,0.08806,0.08452,1792.04,2.62e-05,0.2713,0.1081,2.93e-06,0.05361,5.029e-06,73.82,0.7901,0.3653,2.768,0.1663,0.5915,1.2395,73.47,0.1787,0.08577,6.835,4.822e-06,66260.9,0.237,0.08805,0.08452,1792.06,2.615e-05,0.2719,0.1081,2.931e-06,0.05359,5.035e-06,73.81,0.7901,0.3665,2.769,0.1669,0.5918,1.2396,73.44,0.1786,0.0858,6.83,4.82e-06,66215.89,0.2368,0.08797,0.0845,1791.08,2.63e-05,0.272,0.108,2.93e-06,0.05352,5.03e-06,73.79,0.7897,0.3663,2.771,0.167,0.5914,1.2389,73.37,0.17868,0.0857,6.829,4.853e-06,66248.63,0.2363,0.088075,0.08503,1791.84,2.698e-05,0.2715,0.108,2.929e-06,0.05408,5.041e-06,73.81,0.78936,0.37395,2.7626,0.167,0.5925,1.2396,73.411,0.178639,0.0855,6.8376,4.8023e-06,66272.34,0.2364,0.088108,0.08453,1792.34,2.621e-05,0.2706,0.108,2.927586e-06,0.0533,5.02e-06,73.7583,0.8377,0.3652,2.7689,0.167,0.591,1.23782,73.492,0.1785,0.0858,6.838,4.82e-06,66254.2,0.2362,0.08804,0.0845,1791.74,2.62e-05,0.2714,0.1078,2.93e-06,0.05361,5.034e-06,73.79,0.7901,0.3646,2.7711,0.1671,0.592,1.23949,73.48,0.1787,0.08576,6.837,4.822e-06,66248.87,0.2369,0.08805,0.08444,1791.81,2.622e-05,0.272,0.10799,2.928e-06,0.05366,5.034e-06,73.83,0.7901,0.3666,2.77,0.1669,0.5925,1.2396,73.47,0.1787,0.08577,6.836,4.821e-06,66261.0,0.237,0.08806,0.08453,1792.24,2.614e-05,0.2717,0.10809,2.93e-06,0.05364,5.034e-06,73.82,0.7901,0.3665,2.769,0.1668,0.5914,1.2396
2026-06-15 22:53:00,73.48,0.1787,0.0859,6.836,4.82e-06,66226.01,0.2371,0.08804,0.0846,1791.04,2.622e-05,0.272,0.1081,2.93e-06,0.05365,5.04e-06,73.78,0.7901,0.3665,2.772,0.1671,0.5925,1.2393,73.46,0.1788,0.0853,6.838,4.818e-06,66224.0,0.2371,0.08804,0.08452,1790.9,2.62e-05,0.2722,0.1082,2.93e-06,0.05364,5.029e-06,73.78,0.7901,0.3653,2.772,0.1671,0.5925,1.2394,73.51,0.1788,0.0858,6.837,4.822e-06,66224.1,0.2371,0.08806,0.08459,1790.87,2.615e-05,0.2719,0.1082,2.93e-06,0.05359,5.034e-06,73.77,0.7901,0.3665,2.772,0.1671,0.5924,1.2393,73.4,0.1786,0.0858,6.83,4.81e-06,66177.56,0.2371,0.08798,0.0845,1789.71,2.63e-05,0.272,0.108,2.93e-06,0.05362,5.03e-06,73.72,0.7895,0.3664,2.771,0.167,0.5924,1.2386,73.497,0.17872,0.0858,6.836,4.853e-06,66226.0,0.2363,0.088029,0.08503,1790.9,2.698e-05,0.2715,0.108,2.929e-06,0.05408,5.041e-06,73.81,0.79014,0.37395,2.7744,0.167,0.5927,1.2394,73.411,0.178639,0.0856,6.8376,4.8e-06,66246.42,0.2365,0.088108,0.08471,1791.65,2.622e-05,0.2705,0.1079,2.927586e-06,0.0533,5.03e-06,73.7583,0.8377,0.3652,2.7768,0.167,0.593,1.23814,73.516,0.1787,0.0858,6.837,4.822e-06,66230.4,0.2362,0.08804,0.0846,1790.95,2.623e-05,0.2714,0.1078,2.93e-06,0.05363,5.035e-06,73.78,0.7899,0.3664,2.7739,0.1672,0.5926,1.23979,73.47,0.1786,0.08588,6.838,4.828e-06,66220.01,0.2371,0.08804,0.0846,1791.07,2.622e-05,0.272,0.10819,2.932e-06,0.05368,5.035e-06,73.78,0.7902,0.3665,2.777,0.1668,0.5929,1.2393,73.48,0.1787,0.08582,6.837,4.822e-06,66221.9,0.2373,0.08804,0.08459,1790.96,2.614e-05,0.272,0.10818,2.93e-06,0.05363,5.034e-06,73.76,0.7901,0.3665,2.772,0.1672,0.5924,1.2392
2026-06-15 23:00:00,73.46,0.1783,0.0858,6.835,4.81e-06,66206.26,0.2369,0.08807,0.0846,1790.43,2.619e-05,0.272,0.1083,2.92e-06,0.05373,5.03e-06,73.79,0.7902,0.3666,2.793,0.167,0.5934,1.2406,73.46,0.1783,0.0857,6.833,4.82e-06,66209.44,0.2368,0.08806,0.08451,1790.52,2.62e-05,0.2722,0.1083,2.927e-06,0.05378,5.035e-06,73.79,0.7901,0.3663,2.794,0.1671,0.5928,1.2406,73.41,0.1782,0.08581,6.835,4.813e-06,66210.4,0.2368,0.08806,0.08456,1790.38,2.615e-05,0.2719,0.1083,2.927e-06,0.05374,5.037e-06,73.8,0.7901,0.3665,2.793,0.1671,0.5934,1.2405,73.39,0.1781,0.0857,6.82,4.81e-06,66159.42,0.2368,0.08801,0.0845,1789.2,2.61e-05,0.272,0.108,2.93e-06,0.05373,5.03e-06,73.74,0.7897,0.3664,2.793,0.167,0.5934,1.2399,73.439,0.17828,0.0858,6.827,4.807e-06,66206.12,0.2363,0.088056,0.08503,1790.37,2.698e-05,0.2715,0.1083,2.929e-06,0.05367,5.041e-06,73.8,0.79026,0.37395,2.7926,0.167,0.5929,1.2406,73.411,0.178321,0.0856,6.8296,4.8133e-06,66229.14,0.2366,0.088046,0.08453,1790.95,2.618e-05,0.2705,0.1082,2.928742e-06,0.0533,5.03e-06,73.7525,0.8375,0.3654,2.7931,0.1668,0.593,1.23736,73.433,0.1783,0.0858,6.83,4.814e-06,66208.9,0.237,0.08802,0.0846,1790.66,2.62e-05,0.2714,0.1082,2.928e-06,0.05371,5.036e-06,73.8,0.7899,0.3669,2.7918,0.167,0.5942,1.24063,73.5,0.1783,0.08574,6.832,4.816e-06,66208.92,0.2368,0.08806,0.08456,1790.55,2.621e-05,0.2719,0.10819,2.93e-06,0.05373,5.033e-06,73.8,0.7902,0.3667,2.79,0.1668,0.5923,1.2403,73.48,0.1782,0.0858,6.834,4.814e-06,66209.6,0.2372,0.08805,0.08455,1790.21,2.622e-05,0.2721,0.10825,2.927e-06,0.05373,5.033e-06,73.79,0.7902,0.3666,2.795,0.167,0.5937,1.2405
2026-06-15 23:01:00,73.37,0.178,0.0858,6.829,4.81e-06,66186.9,0.2368,0.08802,0.0844,1789.46,2.617e-05,0.2717,0.108,2.92e-06,0.05371,5.03e-06,73.72,0.7898,0.3663,2.788,0.1667,0.593,1.2396,73.46,0.1781,0.0857,6.829,4.808e-06,66185.1,0.2368,0.08802,0.08443,1789.36,2.618e-05,0.2722,0.1083,2.924e-06,0.05378,5.035e-06,73.73,0.7897,0.3663,2.787,0.1669,0.5933,1.2398,73.37,0.1781,0.08572,6.829,4.808e-06,66191.8,0.2368,0.08801,0.08439,1789.34,2.621e-05,0.2716,0.1081,2.924e-06,0.05374,5.037e-06,73.74,0.7899,0.3664,2.788,0.1667,0.5932,1.2396,73.32,0.178,0.0857,6.83,4.8e-06,66144.14,0.2368,0.08799,0.0844,1788.29,2.61e-05,0.272,0.108,2.93e-06,0.05373,5.02e-06,73.68,0.7894,0.3664,2.786,0.167,0.5931,1.2387,73.439,0.17808,0.0858,6.83,4.807e-06,66193.75,0.2363,0.088016,0.08503,1789.27,2.698e-05,0.2715,0.1083,2.929e-06,0.05367,5.041e-06,73.73,0.78996,0.37395,2.7926,0.167,0.593,1.2395,73.411,0.178154,0.0855,6.8286,4.7959e-06,66204.85,0.2359,0.088046,0.08442,1789.77,2.616e-05,0.2702,0.108,2.928742e-06,0.0533,5.03e-06,73.6885,0.8375,0.3651,2.7898,0.1666,0.593,1.23736,73.386,0.1781,0.0858,6.831,4.807e-06,66187.1,0.237,0.08802,0.0844,1789.39,2.62e-05,0.2714,0.1082,2.924e-06,0.0537,5.031e-06,73.73,0.7896,0.3669,2.7872,0.1668,0.5934,1.23971,73.43,0.1781,0.08578,6.83,4.809e-06,66186.75,0.2369,0.08804,0.08439,1789.36,2.617e-05,0.2716,0.10827,2.924e-06,0.05367,5.032e-06,73.72,0.7902,0.3662,2.788,0.1666,0.5924,1.2393,73.38,0.178,0.08578,6.828,4.806e-06,66192.0,0.237,0.08802,0.08435,1789.17,2.618e-05,0.2721,0.10807,2.924e-06,0.05373,5.032e-06,73.71,0.7898,0.3664,2.789,0.1667,0.593,1.2399
2026-06-15 23:02:00,73.61,0.178,0.0857,6.828,4.8e-06,66198.0,0.2369,0.08802,0.0844,1788.79,2.616e-05,0.2716,0.1079,2.92e-06,0.05374,5.03e-06,73.72,0.7904,0.3663,2.788,0.1667,0.5934,1.2392,73.62,0.178,0.0857,6.829,4.808e-06,66198.0,0.2368,0.08806,0.08439,1788.85,2.618e-05,0.2716,0.1081,2.923e-06,0.05378,5.035e-06,73.72,0.7904,0.3663,2.786,0.1669,0.5933,1.2392,73.57,0.178,0.08566,6.83,4.805e-06,66201.3,0.2368,0.08801,0.08444,1788.87,2.618e-05,0.2715,0.108,2.923e-06,0.05375,5.03e-06,73.72,0.7903,0.3662,2.788,0.1669,0.5931,1.2392,73.53,0.1779,0.0856,6.83,4.8e-06,66154.04,0.2368,0.08798,0.0844,1787.8,2.61e-05,0.272,0.108,2.93e-06,0.05373,5.02e-06,73.67,0.7901,0.3661,2.786,0.167,0.593,1.2385,73.506,0.17798,0.0858,6.83,4.807e-06,66192.64,0.2363,0.088024,0.08503,1788.94,2.698e-05,0.2715,0.1083,2.929e-06,0.05367,5.041e-06,73.73,0.78996,0.37395,2.7926,0.167,0.5935,1.2392,73.598,0.178154,0.0855,6.8276,4.7959e-06,66232.59,0.2358,0.088046,0.08443,1790.22,2.615e-05,0.2701,0.1079,2.928742e-06,0.0533,5.03e-06,73.7472,0.8375,0.3648,2.7888,0.1666,0.593,1.23736,73.607,0.1779,0.0857,6.827,4.805e-06,66203.4,0.237,0.08798,0.0844,1788.84,2.619e-05,0.2714,0.108,2.924e-06,0.05371,5.03e-06,73.73,0.7907,0.3664,2.7873,0.1667,0.5936,1.23909,73.56,0.1779,0.0859,6.83,4.805e-06,66193.82,0.2368,0.08802,0.08447,1788.7,2.616e-05,0.2717,0.10811,2.924e-06,0.05376,5.029e-06,73.71,0.7906,0.3664,2.791,0.1665,0.5933,1.239,73.62,0.178,0.08568,6.826,4.807e-06,66207.0,0.237,0.08801,0.08441,1788.81,2.615e-05,0.2721,0.10795,2.923e-06,0.05375,5.03e-06,73.73,0.7904,0.3663,2.789,0.1667,0.5933,1.2393
2026-06-15 23:03:00,73.52,0.1778,0.0856,6.825,4.8e-06,66187.05,0.2369,0.08803,0.0843,1788.31,2.615e-05,0.2715,0.1079,2.92e-06,0.05375,5.03e-06,73.7,0.7902,0.3661,2.788,0.1667,0.595,1.2382,73.62,0.1779,0.0857,6.825,4.808e-06,66191.52,0.2368,0.08804,0.08439,1788.32,2.618e-05,0.2716,0.1078,2.922e-06,0.05378,5.035e-06,73.7,0.7905,0.3663,2.787,0.1667,0.5948,1.2385,73.51,0.1779,0.08559,6.825,4.804e-06,66193.5,0.2369,0.08803,0.08436,1788.37,2.618e-05,0.2715,0.1078,2.922e-06,0.05375,5.03e-06,73.7,0.7905,0.3661,2.788,0.1668,0.5947,1.2383,73.45,0.1778,0.0856,6.83,4.8e-06,66147.8,0.2368,0.08797,0.0843,1787.06,2.62e-05,0.272,0.108,2.93e-06,0.05373,5.02e-06,73.64,0.7896,0.3662,2.786,0.167,0.5944,1.2374,73.506,0.17786,0.0856,6.83,4.807e-06,66185.28,0.2363,0.088014,0.08503,1788.29,2.698e-05,0.2715,0.1078,2.929e-06,0.05367,5.041e-06,73.71,0.78996,0.37395,2.7926,0.167,0.5949,1.2382,73.598,0.177877,0.0855,6.8236,4.7959e-06,66207.32,0.2349,0.088046,0.08443,1789.0,2.615e-05,0.2701,0.1078,2.928742e-06,0.0534,5.03e-06,73.7472,0.8375,0.3649,2.7889,0.1666,0.594,1.23736,73.496,0.1779,0.0857,6.825,4.804e-06,66188.3,0.237,0.08801,0.0844,1788.21,2.619e-05,0.2714,0.1078,2.923e-06,0.05372,5.03e-06,73.7,0.7902,0.3664,2.7872,0.1667,0.5949,1.23854,73.54,0.1779,0.0856,6.829,4.807e-06,66190.18,0.2369,0.08804,0.08443,1788.34,2.615e-05,0.2715,0.10804,2.924e-06,0.05375,5.03e-06,73.69,0.7903,0.366,2.789,0.1665,0.5946,1.2382,73.58,0.1779,0.08559,6.825,4.805e-06,66196.8,0.237,0.08802,0.08435,1788.45,2.615e-05,0.2716,0.10782,2.921e-06,0.05376,5.029e-06,73.71,0.7902,0.366,2.789,0.1667,0.5949,1.2383
2026-06-15 23:04:00,73.54,0.1782,0.0857,6.832,4.81e-06,66214.3,0.2368,0.08811,0.0845,1789.78,2.619e-05,0.2719,0.1081,2.93e-06,0.05381,5.03e-06,73.79,0.7913,0.3668,2.779,0.1671,0.5969,1.239,73.62,0.1782,0.0857,6.834,4.808e-06,66212.9,0.2367,0.08811,0.08438,1789.66,2.618e-05,0.2716,0.1081,2.926e-06,0.05379,5.035e-06,73.79,0.7912,0.3663,2.778,0.1667,0.597,1.2388,73.53,0.1782,0.08571,6.832,4.81e-06,66220.5,0.2368,0.08812,0.08449,1789.72,2.618e-05,0.2719,0.1081,2.925e-06,0.05381,5.032e-06,73.78,0.7912,0.3667,2.78,0.1669,0.5968,1.2387,73.48,0.1782,0.0856,6.83,4.81e-06,66174.32,0.2368,0.08805,0.0845,1788.6,2.62e-05,0.272,0.108,2.93e-06,0.05379,5.04e-06,73.72,0.7906,0.3666,2.778,0.167,0.5964,1.2381,73.506,0.17816,0.0857,6.827,4.811e-06,66210.49,0.2363,0.088139,0.08503,1789.77,2.698e-05,0.2715,0.1078,2.929e-06,0.05367,5.041e-06,73.78,0.78996,0.37395,2.7926,0.167,0.5967,1.2389,73.598,0.178169,0.0855,6.8316,4.7959e-06,66223.66,0.2357,0.088143,0.08443,1789.43,2.618e-05,0.2705,0.108,2.928742e-06,0.0534,5.03e-06,73.7472,0.8375,0.3656,2.7899,0.1666,0.596,1.23685,73.529,0.1782,0.0857,6.831,4.809e-06,66214.4,0.237,0.0881,0.0845,1789.39,2.619e-05,0.2714,0.1078,2.926e-06,0.05381,5.033e-06,73.79,0.791,0.3664,2.7803,0.1671,0.5967,1.23878,73.57,0.1782,0.0856,6.83,4.807e-06,66217.25,0.2368,0.0881,0.08453,1789.6,2.618e-05,0.272,0.10803,2.924e-06,0.05382,5.034e-06,73.78,0.7905,0.3668,2.789,0.1668,0.5971,1.239,73.53,0.1781,0.08571,6.831,4.808e-06,66221.1,0.2367,0.08811,0.08449,1789.58,2.615e-05,0.2721,0.10801,2.926e-06,0.05383,5.034e-06,73.79,0.791,0.3668,2.78,0.1667,0.5977,1.239
2026-06-15 23:07:00,73.62,0.1783,0.0859,6.833,4.81e-06,66225.99,0.237,0.08815,0.0845,1788.45,2.624e-05,0.2722,0.1081,2.92e-06,0.05388,5.04e-06,73.77,0.7915,0.3665,2.773,0.1671,0.5966,1.2392,73.68,0.1782,0.0858,6.832,4.808e-06,66228.45,0.2369,0.08814,0.08429,1788.52,2.622e-05,0.2723,0.1081,2.927e-06,0.05389,5.036e-06,73.77,0.7918,0.3668,2.771,0.1671,0.5968,1.2394,73.61,0.1783,0.08581,6.832,4.811e-06,66228.6,0.237,0.08812,0.08445,1788.22,2.625e-05,0.2722,0.1081,2.927e-06,0.05391,5.036e-06,73.77,0.7915,0.3665,2.773,0.167,0.5961,1.2391,73.61,0.1782,0.0859,6.83,4.81e-06,66180.29,0.2365,0.0881,0.0844,1787.2,2.62e-05,0.272,0.108,2.93e-06,0.05385,5.04e-06,73.73,0.7911,0.366,2.772,0.167,0.5963,1.2385,73.6,0.17822,0.0858,6.839,4.811e-06,66225.55,0.237,0.088166,0.08503,1788.17,2.698e-05,0.2715,0.1078,2.929e-06,0.05367,5.041e-06,73.78,0.79143,0.37395,2.7926,0.167,0.5988,1.239,73.598,0.178276,0.0857,6.8286,4.7959e-06,66232.36,0.2359,0.088253,0.08464,1788.24,2.624e-05,0.2705,0.1081,2.928742e-06,0.0535,5.04e-06,73.8158,0.8375,0.3653,2.782,0.1669,0.596,1.23837,73.62,0.1782,0.0859,6.828,4.814e-06,66225.3,0.2368,0.08809,0.0845,1788.68,2.622e-05,0.2723,0.1081,2.928e-06,0.05387,5.04e-06,73.77,0.7908,0.3664,2.7723,0.1671,0.5962,1.23899,73.6,0.1783,0.08584,6.833,4.808e-06,66228.02,0.2371,0.08816,0.08455,1788.43,2.625e-05,0.2723,0.10821,2.928e-06,0.05381,5.04e-06,73.76,0.7918,0.3665,2.784,0.1669,0.5975,1.2393,73.65,0.1783,0.0858,6.832,4.81e-06,66230.0,0.2371,0.08815,0.08449,1788.17,2.623e-05,0.2726,0.10807,2.926e-06,0.0539,5.04e-06,73.77,0.7915,0.3664,2.773,0.167,0.5966,1.2395
2026-06-15 23:08:00,73.65,0.1783,0.0859,6.831,4.81e-06,66245.95,0.2369,0.08813,0.0844,1789.47,2.624e-05,0.2721,0.1081,2.92e-06,0.05387,5.04e-06,73.8,0.7914,0.3661,2.775,0.1671,0.5983,1.2398,73.63,0.1783,0.0858,6.83,4.808e-06,66248.04,0.2368,0.08813,0.08447,1789.48,2.622e-05,0.2723,0.1081,2.927e-06,0.05389,5.039e-06,73.81,0.7914,0.3664,2.772,0.1671,0.5981,1.2394,73.64,0.1783,0.08586,6.83,4.811e-06,66247.9,0.237,0.08811,0.08445,1789.46,2.625e-05,0.2721,0.1081,2.927e-06,0.05387,5.036e-06,73.81,0.7913,0.3663,2.775,0.1671,0.5979,1.2397,73.64,0.1781,0.0858,6.83,4.81e-06,66206.01,0.2365,0.08809,0.0845,1788.27,2.62e-05,0.272,0.108,2.93e-06,0.05385,5.04e-06,73.75,0.7911,0.366,2.774,0.167,0.5974,1.2391,73.6,0.17823,0.0858,6.839,4.814e-06,66249.16,0.237,0.08811,0.08503,1789.49,2.698e-05,0.2715,0.1078,2.929e-06,0.05367,5.041e-06,73.78,0.79143,0.37395,2.7926,0.167,0.5982,1.2396,73.598,0.178232,0.0856,6.8289,4.8026e-06,66253.25,0.2358,0.088413,0.08443,1789.26,2.624e-05,0.2705,0.1081,2.928742e-06,0.0535,5.04e-06,73.8158,0.8375,0.3649,2.776,0.1669,0.597,1.23887,73.657,0.1782,0.0859,6.828,4.816e-06,66247.7,0.2368,0.0881,0.0845,1789.34,2.622e-05,0.2722,0.1081,2.925e-06,0.05387,5.041e-06,73.8,0.7913,0.3663,2.7748,0.1671,0.5982,1.23956,73.64,0.1783,0.08593,6.83,4.807e-06,66245.94,0.2368,0.08812,0.0845,1789.38,2.624e-05,0.2721,0.10816,2.927e-06,0.0539,5.041e-06,73.8,0.7914,0.366,2.772,0.1668,0.5987,1.2398,73.67,0.1782,0.0858,6.83,4.811e-06,66251.5,0.2369,0.08814,0.08444,1789.39,2.624e-05,0.2722,0.10818,2.927e-06,0.05389,5.039e-06,73.8,0.7914,0.3661,2.774,0.167,0.5983,1.2397
2026-06-15 23:18:00,73.7,0.1783,0.0858,6.834,4.8e-06,66211.14,0.2367,0.08807,0.0844,1787.51,2.617e-05,0.2721,0.1081,2.92e-06,0.05388,5.05e-06,73.78,0.791,0.3667,2.78,0.1671,0.595,1.2398,73.81,0.1783,0.0859,6.834,4.815e-06,66211.27,0.2367,0.08806,0.08441,1787.44,2.622e-05,0.2724,0.1081,2.928e-06,0.0539,5.042e-06,73.78,0.791,0.3668,2.783,0.1672,0.595,1.2397,73.71,0.1783,0.08575,6.834,4.802e-06,66212.7,0.2369,0.08806,0.08443,1787.49,2.624e-05,0.272,0.1081,2.928e-06,0.05394,5.042e-06,73.78,0.791,0.3669,2.781,0.1673,0.5951,1.2397,73.66,0.1782,0.0857,6.83,4.8e-06,66170.0,0.2365,0.088,0.0844,1786.41,2.61e-05,0.272,0.108,2.92e-06,0.05388,5.04e-06,73.73,0.7905,0.3665,2.778,0.167,0.5948,1.2391,73.72,0.17828,0.0859,6.834,4.819e-06,66207.11,0.237,0.088085,0.08503,1787.41,2.698e-05,0.2715,0.1078,2.929e-06,0.05367,5.045e-06,73.78,0.79265,0.37395,2.7926,0.167,0.594,1.2394,73.598,0.178297,0.0855,6.8336,4.8026e-06,66216.87,0.2364,0.088413,0.08443,1787.82,2.617e-05,0.2709,0.109,2.926992e-06,0.0535,5.05e-06,73.742,0.8305,0.3655,2.7825,0.1671,0.594,1.24051,73.709,0.1784,0.0858,6.833,4.804e-06,66212.0,0.2367,0.08806,0.0844,1787.47,2.62e-05,0.2722,0.1081,2.928e-06,0.05387,5.043e-06,73.78,0.791,0.3671,2.7808,0.1672,0.5952,1.23956,73.7,0.1783,0.0859,6.83,4.804e-06,66210.1,0.2367,0.08805,0.08448,1787.58,2.621e-05,0.2722,0.10822,2.93e-06,0.05391,5.048e-06,73.79,0.791,0.3667,2.783,0.1669,0.5937,1.2397,73.73,0.1783,0.08588,6.833,4.802e-06,66211.0,0.237,0.08808,0.08443,1787.4,2.618e-05,0.2724,0.10806,2.927e-06,0.05392,5.042e-06,73.78,0.7912,0.3667,2.781,0.1673,0.595,1.2397
2026-06-15 23:19:00,73.7,0.1784,0.0857,6.832,4.8e-06,66193.41,0.2366,0.08804,0.0844,1788.36,2.616e-05,0.2719,0.1081,2.92e-06,0.05389,5.05e-06,73.76,0.7912,0.3664,2.78,0.1671,0.5947,1.2387,73.67,0.1784,0.0859,6.833,4.815e-06,66193.31,0.2366,0.08802,0.08438,1788.3,2.622e-05,0.272,0.1081,2.926e-06,0.0539,5.036e-06,73.76,0.7912,0.3663,2.778,0.1672,0.5945,1.2389,73.68,0.1784,0.08566,6.831,4.798e-06,66199.3,0.2366,0.08804,0.08444,1788.25,2.624e-05,0.2718,0.1081,2.926e-06,0.05385,5.041e-06,73.77,0.7908,0.3663,2.781,0.1672,0.5948,1.2389,73.67,0.1783,0.0857,6.83,4.8e-06,66152.71,0.2365,0.08797,0.0844,1787.0,2.61e-05,0.272,0.108,2.92e-06,0.05387,5.04e-06,73.72,0.7907,0.366,2.779,0.167,0.5942,1.2379,73.727,0.17845,0.0859,6.835,4.819e-06,66197.32,0.237,0.087989,0.08503,1788.26,2.698e-05,0.2715,0.1078,2.929e-06,0.05367,5.045e-06,73.77,0.79126,0.37395,2.7926,0.167,0.5941,1.239,73.598,0.178257,0.0855,6.8316,4.8026e-06,66205.27,0.2356,0.088413,0.08443,1788.44,2.617e-05,0.2709,0.1079,2.926992e-06,0.0535,5.05e-06,73.742,0.8318,0.365,2.7826,0.1669,0.594,1.24051,73.688,0.1783,0.0857,6.83,4.799e-06,66195.0,0.2367,0.08799,0.0844,1788.37,2.62e-05,0.2722,0.108,2.927e-06,0.05388,5.04e-06,73.75,0.791,0.3671,2.7807,0.1671,0.5947,1.23893,73.64,0.1783,0.08581,6.834,4.802e-06,66191.6,0.2367,0.08804,0.0844,1788.1,2.616e-05,0.2718,0.10813,2.928e-06,0.0539,5.048e-06,73.76,0.7907,0.3664,2.78,0.1667,0.5948,1.2385,73.73,0.1784,0.0857,6.833,4.798e-06,66195.0,0.2364,0.08803,0.08442,1788.43,2.618e-05,0.2718,0.10811,2.929e-06,0.05388,5.041e-06,73.77,0.791,0.3664,2.78,0.1671,0.5948,1.2392
2026-06-15 23:20:00,73.67,0.1784,0.0857,6.832,4.8e-06,66189.89,0.2365,0.08804,0.0844,1788.6,2.616e-05,0.2718,0.1081,2.92e-06,0.05388,5.04e-06,73.74,0.791,0.3661,2.777,0.1671,0.5942,1.2381,73.63,0.1783,0.0859,6.828,4.815e-06,66192.87,0.2366,0.08804,0.08444,1788.4,2.622e-05,0.2719,0.1081,2.926e-06,0.05389,5.036e-06,73.75,0.7909,0.3658,2.774,0.1671,0.5948,1.2382,73.64,0.1784,0.08565,6.829,4.8e-06,66194.6,0.2365,0.08802,0.08441,1788.36,2.624e-05,0.2717,0.1081,2.927e-06,0.05386,5.035e-06,73.74,0.791,0.366,2.777,0.1672,0.5931,1.2383,73.58,0.1782,0.0856,6.83,4.8e-06,66143.26,0.2365,0.08797,0.0844,1787.14,2.61e-05,0.272,0.108,2.92e-06,0.05386,5.04e-06,73.7,0.7909,0.3658,2.775,0.167,0.5942,1.2373,73.727,0.17839,0.0859,6.835,4.819e-06,66186.99,0.237,0.088042,0.08503,1788.47,2.698e-05,0.2715,0.1078,2.929e-06,0.05367,5.045e-06,73.75,0.79126,0.37395,2.7926,0.167,0.5933,1.2382,73.598,0.178297,0.0855,6.8316,4.8026e-06,66224.49,0.2364,0.088158,0.08431,1789.0,2.621e-05,0.2709,0.108,2.926992e-06,0.0535,5.05e-06,73.6653,0.8317,0.3649,2.7785,0.1669,0.594,1.24051,73.691,0.1782,0.0857,6.83,4.8e-06,66183.6,0.2366,0.08801,0.0844,1788.57,2.62e-05,0.2722,0.1081,2.927e-06,0.05383,5.035e-06,73.72,0.7908,0.3671,2.7767,0.167,0.5938,1.23832,73.63,0.1783,0.0857,6.832,4.788e-06,66189.46,0.2364,0.08803,0.0844,1788.55,2.617e-05,0.2716,0.108,2.928e-06,0.05389,5.047e-06,73.74,0.7908,0.3661,2.777,0.1668,0.5941,1.238,73.68,0.1784,0.08565,6.833,4.794e-06,66192.0,0.2364,0.08803,0.08438,1788.49,2.618e-05,0.272,0.1081,2.928e-06,0.05384,5.036e-06,73.75,0.791,0.3661,2.776,0.167,0.5942,1.2384
2026-06-15 23:21:00,73.57,0.1783,0.0857,6.831,4.8e-06,66187.7,0.2367,0.08803,0.0844,1788.13,2.617e-05,0.272,0.1081,2.92e-06,0.05388,5.03e-06,73.74,0.791,0.3659,2.782,0.167,0.5948,1.2373,73.54,0.1784,0.0857,6.832,4.815e-06,66188.9,0.2366,0.08802,0.08439,1788.0,2.622e-05,0.2722,0.1081,2.928e-06,0.05389,5.036e-06,73.74,0.7911,0.3658,2.776,0.1669,0.5942,1.2373,73.57,0.1784,0.08565,6.831,4.801e-06,66191.5,0.2367,0.08801,0.08438,1788.03,2.619e-05,0.2721,0.1081,2.929e-06,0.05386,5.038e-06,73.74,0.791,0.3659,2.782,0.167,0.5945,1.2372,73.51,0.1782,0.0856,6.83,4.8e-06,66146.01,0.2363,0.08795,0.0844,1786.82,2.61e-05,0.272,0.108,2.92e-06,0.05384,5.04e-06,73.69,0.7906,0.3658,2.778,0.167,0.5942,1.2365,73.727,0.1784,0.0859,6.835,4.819e-06,66185.94,0.237,0.088025,0.08503,1788.01,2.698e-05,0.2715,0.1078,2.929e-06,0.05367,5.045e-06,73.76,0.79126,0.37395,2.7926,0.167,0.5941,1.2371,73.598,0.178492,0.0854,6.8295,4.8026e-06,66224.49,0.2367,0.088272,0.08431,1788.43,2.617e-05,0.2709,0.108,2.926992e-06,0.0535,5.05e-06,73.6653,0.8304,0.3647,2.7835,0.1669,0.593,1.24051,73.571,0.1784,0.0857,6.833,4.8e-06,66190.3,0.2365,0.08799,0.0844,1788.05,2.62e-05,0.2722,0.1081,2.927e-06,0.05386,5.037e-06,73.74,0.7908,0.3661,2.7812,0.1671,0.5944,1.2372,73.63,0.1783,0.08573,6.83,4.804e-06,66188.36,0.2368,0.08803,0.0844,1788.05,2.616e-05,0.2719,0.10812,2.928e-06,0.05386,5.049e-06,73.73,0.7911,0.3658,2.782,0.1667,0.5941,1.2372,73.58,0.1785,0.08569,6.831,4.804e-06,66189.1,0.2364,0.08803,0.08438,1788.01,2.619e-05,0.2721,0.1081,2.928e-06,0.05388,5.037e-06,73.73,0.7911,0.3658,2.782,0.167,0.5947,1.2373
2026-06-15 23:28:00,73.62,0.1786,0.0859,6.838,4.81e-06,66254.01,0.2375,0.08816,0.0846,1790.55,2.623e-05,0.2727,0.1081,2.93e-06,0.05393,5.04e-06,73.93,0.7922,0.3669,2.786,0.1673,0.5908,1.2394,73.67,0.1786,0.0859,6.839,4.815e-06,66253.34,0.2368,0.08822,0.08457,1790.54,2.622e-05,0.2727,0.1081,2.934e-06,0.05392,5.047e-06,73.93,0.792,0.3657,2.791,0.1673,0.5909,1.2394,73.62,0.1786,0.0859,6.837,4.812e-06,66252.3,0.2372,0.08816,0.08456,1790.32,2.623e-05,0.2726,0.1081,2.937e-06,0.05394,5.05e-06,73.92,0.7919,0.3669,2.786,0.1674,0.5913,1.2395,73.56,0.1784,0.0857,6.83,4.81e-06,66206.82,0.2368,0.08807,0.0846,1789.3,2.62e-05,0.272,0.108,2.93e-06,0.05393,5.04e-06,73.89,0.7912,0.3665,2.785,0.167,0.5908,1.2388,73.617,0.17866,0.0859,6.839,4.819e-06,66252.58,0.237,0.088182,0.08503,1790.53,2.698e-05,0.2715,0.1078,2.929e-06,0.05367,5.045e-06,73.92,0.79233,0.37395,2.77,0.167,0.5924,1.2394,73.598,0.178557,0.0855,6.8365,4.8044e-06,66296.06,0.2356,0.088103,0.08463,1791.0,2.622e-05,0.2713,0.108,2.926992e-06,0.0536,5.04e-06,73.9,0.8278,0.3658,2.7886,0.1671,0.592,1.23608,73.624,0.1786,0.0859,6.838,4.81e-06,66254.5,0.2376,0.08821,0.0846,1790.38,2.614e-05,0.2725,0.108,2.934e-06,0.05393,5.05e-06,73.92,0.7923,0.3661,2.7863,0.1674,0.5912,1.23958,73.71,0.1786,0.08583,6.838,4.811e-06,66250.0,0.2374,0.08816,0.08466,1790.46,2.622e-05,0.2726,0.10801,2.935e-06,0.05394,5.053e-06,73.93,0.7915,0.3668,2.789,0.167,0.5908,1.2394,73.64,0.1786,0.08593,6.839,4.815e-06,66257.5,0.2374,0.08816,0.08457,1790.45,2.628e-05,0.2725,0.10808,2.934e-06,0.05396,5.049e-06,73.93,0.7919,0.3669,2.787,0.1674,0.5908,1.2394
2026-06-15 23:29:00,73.57,0.1785,0.0858,6.833,4.81e-06,66226.07,0.2373,0.08812,0.0845,1789.66,2.621e-05,0.2725,0.108,2.94e-06,0.05388,5.05e-06,73.89,0.7913,0.3665,2.785,0.1672,0.5899,1.2386,73.67,0.1785,0.0857,6.834,4.815e-06,66225.01,0.2368,0.08811,0.08444,1789.64,2.622e-05,0.2726,0.108,2.932e-06,0.05389,5.047e-06,73.88,0.7912,0.3666,2.783,0.1671,0.59,1.2386,73.58,0.1785,0.08579,6.834,4.807e-06,66237.1,0.2372,0.08812,0.08446,1789.57,2.623e-05,0.2725,0.108,2.937e-06,0.05394,5.047e-06,73.88,0.7919,0.3665,2.785,0.1672,0.5899,1.2386,73.54,0.1783,0.0857,6.83,4.81e-06,66191.46,0.2368,0.08806,0.0844,1788.63,2.62e-05,0.272,0.108,2.93e-06,0.05384,5.04e-06,73.84,0.7908,0.3661,2.784,0.167,0.5894,1.2378,73.617,0.17843,0.0859,6.833,4.819e-06,66226.92,0.237,0.088182,0.08503,1789.54,2.698e-05,0.2715,0.1078,2.929e-06,0.05367,5.045e-06,73.88,0.79233,0.37395,2.77,0.167,0.5924,1.2385,73.598,0.178595,0.0855,6.8315,4.8044e-06,66258.28,0.2361,0.088146,0.08453,1789.93,2.621e-05,0.271,0.1079,2.926992e-06,0.0535,5.04e-06,73.9,0.8278,0.3654,2.7876,0.167,0.592,1.23608,73.593,0.1785,0.0859,6.838,4.81e-06,66225.9,0.2376,0.08809,0.0845,1789.43,2.614e-05,0.2725,0.108,2.934e-06,0.05389,5.05e-06,73.86,0.7918,0.3669,2.7856,0.1672,0.5899,1.23874,73.59,0.1784,0.08589,6.835,4.807e-06,66230.0,0.2373,0.08813,0.08455,1789.73,2.622e-05,0.2726,0.1081,2.934e-06,0.05391,5.054e-06,73.88,0.7914,0.3665,2.784,0.1669,0.5903,1.2385,73.61,0.1785,0.08581,6.834,4.815e-06,66229.4,0.2374,0.08811,0.08449,1789.66,2.623e-05,0.2725,0.10801,2.932e-06,0.05387,5.047e-06,73.87,0.7911,0.3666,2.786,0.1674,0.5899,1.2387
2026-06-15 23:30:00,73.55,0.1784,0.0857,6.829,4.81e-06,66217.93,0.2374,0.08808,0.0844,1789.07,2.621e-05,0.2724,0.108,2.93e-06,0.05388,5.05e-06,73.84,0.791,0.3665,2.779,0.167,0.5906,1.2382,73.67,0.1785,0.0857,6.829,4.815e-06,66218.31,0.2368,0.08806,0.08445,1788.82,2.622e-05,0.2725,0.108,2.932e-06,0.0539,5.044e-06,73.84,0.791,0.3666,2.778,0.1672,0.5904,1.2383,73.55,0.1784,0.08574,6.829,4.806e-06,66221.1,0.2374,0.08807,0.08444,1788.82,2.623e-05,0.2723,0.108,2.932e-06,0.05394,5.047e-06,73.85,0.7907,0.3663,2.78,0.1671,0.5905,1.2383,73.56,0.1783,0.0857,6.82,4.81e-06,66177.61,0.2368,0.08802,0.0844,1787.85,2.62e-05,0.272,0.108,2.93e-06,0.05384,5.04e-06,73.8,0.7908,0.3662,2.781,0.167,0.5898,1.2376,73.607,0.17841,0.0859,6.828,4.819e-06,66221.01,0.237,0.088078,0.08503,1788.64,2.698e-05,0.2715,0.1078,2.929e-06,0.05367,5.045e-06,73.84,0.79233,0.37395,2.77,0.167,0.5904,1.2384,73.598,0.178595,0.0855,6.8275,4.8044e-06,66232.61,0.2359,0.088146,0.08443,1789.05,2.62e-05,0.2709,0.1079,2.926992e-06,0.0535,5.04e-06,73.9,0.8278,0.3653,2.7816,0.1669,0.592,1.23608,73.548,0.1784,0.0858,6.827,4.81e-06,66218.4,0.2376,0.08805,0.0844,1788.97,2.614e-05,0.2725,0.108,2.934e-06,0.05386,5.046e-06,73.84,0.791,0.3669,2.7799,0.1671,0.5903,1.23825,73.55,0.1784,0.08577,6.833,4.803e-06,66216.13,0.2373,0.08808,0.08447,1788.99,2.621e-05,0.2724,0.108,2.932e-06,0.05388,5.051e-06,73.85,0.7908,0.3663,2.779,0.1668,0.5899,1.2383,73.6,0.1783,0.08576,6.83,4.808e-06,66219.8,0.2374,0.08808,0.08437,1789.01,2.623e-05,0.2725,0.108,2.931e-06,0.05387,5.046e-06,73.84,0.7906,0.3665,2.781,0.1672,0.5905,1.2384
2026-06-15 23:31:00,73.48,0.1782,0.0857,6.824,4.8e-06,66197.99,0.2374,0.08799,0.0844,1788.04,2.62e-05,0.2722,0.1079,2.93e-06,0.05387,5.05e-06,73.78,0.7903,0.3663,2.781,0.1669,0.5897,1.2362,73.67,0.1782,0.0857,6.824,4.81e-06,66195.41,0.2368,0.08799,0.08438,1787.94,2.622e-05,0.2725,0.108,2.933e-06,0.05388,5.044e-06,73.78,0.7903,0.3666,2.78,0.167,0.5899,1.2362,73.48,0.1782,0.08572,6.824,4.802e-06,66199.6,0.2374,0.08798,0.08436,1787.86,2.623e-05,0.272,0.1079,2.931e-06,0.05389,5.049e-06,73.77,0.7904,0.3662,2.781,0.1669,0.59,1.2364,73.48,0.1781,0.0857,6.82,4.8e-06,66155.37,0.2368,0.08793,0.0844,1786.84,2.62e-05,0.272,0.108,2.93e-06,0.05384,5.04e-06,73.72,0.79,0.3662,2.78,0.167,0.5897,1.2355,73.607,0.17823,0.0858,6.823,4.819e-06,66193.56,0.237,0.088005,0.08503,1787.76,2.698e-05,0.2715,0.1078,2.929e-06,0.05367,5.045e-06,73.79,0.79233,0.37395,2.7806,0.167,0.5904,1.2364,73.598,0.178231,0.0855,6.8254,4.8044e-06,66232.6,0.2368,0.088146,0.08433,1787.93,2.62e-05,0.2706,0.1079,2.926992e-06,0.0535,5.04e-06,73.9,0.8278,0.3649,2.7826,0.1669,0.591,1.23608,73.503,0.1782,0.0859,6.826,4.81e-06,66199.1,0.2376,0.08797,0.0844,1787.95,2.614e-05,0.2725,0.108,2.931e-06,0.05387,5.044e-06,73.77,0.7903,0.3669,2.7812,0.1669,0.5896,1.23638,73.46,0.1781,0.08576,6.823,4.798e-06,66195.24,0.2373,0.08799,0.08441,1787.97,2.621e-05,0.2724,0.10792,2.933e-06,0.05386,5.046e-06,73.77,0.7904,0.3664,2.782,0.1667,0.5901,1.2361,73.49,0.1782,0.08576,6.825,4.808e-06,66198.5,0.2375,0.088,0.08435,1787.96,2.621e-05,0.2725,0.10796,2.931e-06,0.05382,5.046e-06,73.76,0.7903,0.3662,2.78,0.1672,0.5899,1.2362
2026-06-15 23:32:00,73.55,0.1781,0.0857,6.829,4.8e-06,66210.0,0.2374,0.08799,0.0845,1788.25,2.621e-05,0.2723,0.108,2.93e-06,0.05391,5.05e-06,73.78,0.791,0.3665,2.786,0.167,0.5915,1.2373,73.67,0.1781,0.0857,6.824,4.81e-06,66209.06,0.2368,0.088,0.08445,1788.26,2.622e-05,0.2725,0.108,2.932e-06,0.05389,5.044e-06,73.77,0.791,0.3666,2.784,0.167,0.5912,1.2372,73.57,0.1781,0.08571,6.829,4.801e-06,66213.1,0.2374,0.08798,0.08445,1788.18,2.623e-05,0.2722,0.108,2.931e-06,0.05391,5.049e-06,73.78,0.7908,0.3664,2.787,0.167,0.5912,1.2372,73.5,0.178,0.0857,6.82,4.8e-06,66165.95,0.2368,0.08791,0.0845,1786.9,2.62e-05,0.272,0.108,2.93e-06,0.05384,5.04e-06,73.74,0.7904,0.3666,2.784,0.167,0.5912,1.2364,73.607,0.17806,0.0858,6.823,4.819e-06,66195.07,0.237,0.087976,0.08503,1788.23,2.698e-05,0.2715,0.1078,2.929e-06,0.05367,5.045e-06,73.77,0.79233,0.37395,2.7806,0.167,0.5899,1.2363,73.598,0.178231,0.0855,6.8223,4.8044e-06,66235.32,0.2362,0.088146,0.08443,1788.39,2.623e-05,0.2708,0.1079,2.926992e-06,0.0535,5.04e-06,73.9,0.8278,0.3652,2.7886,0.1669,0.591,1.23582,73.552,0.1782,0.0858,6.825,4.804e-06,66204.5,0.2376,0.08796,0.0845,1788.03,2.614e-05,0.2725,0.108,2.931e-06,0.05389,5.045e-06,73.77,0.7904,0.3669,2.7867,0.167,0.5909,1.23679,73.52,0.178,0.08578,6.823,4.795e-06,66200.0,0.2373,0.08798,0.08449,1788.11,2.621e-05,0.2724,0.10802,2.932e-06,0.05392,5.05e-06,73.77,0.7908,0.3666,2.786,0.1668,0.5911,1.2372,73.56,0.178,0.0857,6.829,4.801e-06,66210.1,0.2374,0.088,0.08447,1788.2,2.621e-05,0.2725,0.10799,2.932e-06,0.0539,5.045e-06,73.78,0.7907,0.3664,2.787,0.1671,0.5915,1.2369
2026-06-15 23:33:00,73.62,0.1782,0.0858,6.831,4.8e-06,66235.62,0.2376,0.08802,0.0845,1789.07,2.623e-05,0.2726,0.1081,2.94e-06,0.05393,5.05e-06,73.83,0.7916,0.367,2.791,0.1672,0.5909,1.2371,73.64,0.1781,0.0857,6.831,4.81e-06,66235.12,0.2368,0.08803,0.08453,1789.3,2.621e-05,0.2725,0.1081,2.934e-06,0.05396,5.046e-06,73.83,0.7915,0.3666,2.784,0.167,0.5912,1.2374,73.63,0.1781,0.08581,6.831,4.801e-06,66235.3,0.2374,0.08803,0.08453,1788.87,2.623e-05,0.2725,0.1081,2.937e-06,0.05391,5.047e-06,73.83,0.7917,0.3671,2.791,0.1671,0.5908,1.2375,73.58,0.178,0.0857,6.83,4.8e-06,66189.26,0.2368,0.08795,0.0844,1787.81,2.62e-05,0.272,0.107,2.93e-06,0.05384,5.04e-06,73.78,0.7914,0.3666,2.79,0.167,0.5906,1.2365,73.617,0.17813,0.0858,6.83,4.819e-06,66238.0,0.237,0.08803,0.08503,1788.85,2.698e-05,0.2715,0.1078,2.929e-06,0.05367,5.045e-06,73.83,0.79233,0.37395,2.7806,0.167,0.5919,1.2371,73.598,0.178195,0.0855,6.8299,4.8044e-06,66249.1,0.2365,0.088146,0.08456,1788.39,2.623e-05,0.2712,0.108,2.926992e-06,0.0536,5.04e-06,73.9,0.8278,0.3658,2.7917,0.1671,0.591,1.23582,73.604,0.1782,0.0858,6.829,4.804e-06,66241.2,0.2376,0.08796,0.0845,1789.22,2.624e-05,0.2725,0.1081,2.934e-06,0.05389,5.048e-06,73.83,0.7915,0.3669,2.7903,0.1673,0.5921,1.23775,73.62,0.1782,0.08584,6.831,4.805e-06,66234.43,0.2377,0.08802,0.08456,1788.93,2.622e-05,0.2726,0.10807,2.935e-06,0.05396,5.05e-06,73.82,0.7914,0.3669,2.789,0.167,0.592,1.2374,73.64,0.1782,0.0858,6.83,4.807e-06,66233.4,0.2376,0.08803,0.08455,1789.03,2.624e-05,0.2725,0.10806,2.935e-06,0.05394,5.049e-06,73.83,0.7914,0.367,2.791,0.1671,0.591,1.2372
2026-06-15 23:37:00,73.42,0.1779,0.0857,6.818,4.8e-06,66181.2,0.2372,0.08796,0.0844,1786.91,2.621e-05,0.272,0.1079,2.93e-06,0.05396,5.05e-06,73.79,0.7904,0.3667,2.777,0.167,0.5861,1.2359,73.39,0.1779,0.0857,6.818,4.796e-06,66184.43,0.2371,0.08796,0.08439,1786.83,2.617e-05,0.2725,0.1078,2.931e-06,0.05384,5.04e-06,73.78,0.7904,0.3658,2.775,0.1667,0.5859,1.2361,73.44,0.1779,0.08566,6.818,4.805e-06,66190.3,0.2372,0.08795,0.08446,1786.96,2.623e-05,0.2719,0.1078,2.931e-06,0.05399,5.047e-06,73.79,0.7904,0.3666,2.778,0.167,0.586,1.2358,73.39,0.1778,0.0857,6.82,4.8e-06,66144.92,0.2374,0.0879,0.0844,1785.8,2.62e-05,0.272,0.107,2.93e-06,0.05399,5.04e-06,73.72,0.7902,0.3664,2.777,0.168,0.5868,1.235,73.397,0.17793,0.0856,6.817,4.819e-06,66179.99,0.237,0.087956,0.08503,1786.96,2.698e-05,0.2715,0.1078,2.929e-06,0.05367,5.045e-06,73.76,0.78965,0.37395,2.7806,0.167,0.5852,1.2359,73.598,0.177985,0.0853,6.8166,4.8044e-06,66198.87,0.2356,0.088146,0.08442,1787.3,2.62e-05,0.2706,0.1078,2.926992e-06,0.0535,5.04e-06,73.6475,0.8278,0.3653,2.7794,0.1666,0.588,1.23498,73.416,0.1779,0.0857,6.817,4.797e-06,66182.2,0.2371,0.08794,0.0845,1786.86,2.62e-05,0.2725,0.1078,2.931e-06,0.05395,5.044e-06,73.78,0.7903,0.3657,2.7762,0.1669,0.5861,1.23618,73.32,0.178,0.08571,6.818,4.804e-06,66179.58,0.2371,0.08796,0.08436,1786.98,2.622e-05,0.272,0.10775,2.928e-06,0.05393,5.051e-06,73.79,0.7891,0.3668,2.779,0.1668,0.5851,1.2358,73.45,0.1779,0.0857,6.818,4.806e-06,66185.6,0.2372,0.08796,0.08448,1786.96,2.621e-05,0.2719,0.10783,2.932e-06,0.05396,5.045e-06,73.78,0.7903,0.3667,2.777,0.1671,0.5861,1.2359
2026-06-15 23:38:00,73.46,0.178,0.0859,6.824,4.81e-06,66225.5,0.2374,0.08803,0.0846,1788.48,2.624e-05,0.2724,0.108,2.94e-06,0.05397,5.06e-06,73.83,0.7911,0.3676,2.781,0.1672,0.5861,1.2365,73.39,0.178,0.0857,6.824,4.796e-06,66228.09,0.2374,0.08805,0.08462,1788.62,2.617e-05,0.2724,0.1078,2.933e-06,0.05399,5.049e-06,73.83,0.7912,0.3658,2.779,0.167,0.5864,1.2367,73.51,0.178,0.08582,6.825,4.808e-06,66226.9,0.2372,0.08804,0.08463,1788.44,2.623e-05,0.2723,0.108,2.935e-06,0.05398,5.05e-06,73.85,0.7911,0.3675,2.781,0.1672,0.5863,1.2365,73.48,0.1779,0.0857,6.82,4.8e-06,66181.68,0.2374,0.08798,0.0846,1787.29,2.62e-05,0.272,0.107,2.93e-06,0.05395,5.04e-06,73.79,0.7907,0.3675,2.78,0.168,0.5858,1.2358,73.507,0.17805,0.0856,6.817,4.819e-06,66224.16,0.237,0.088024,0.08503,1788.56,2.698e-05,0.2715,0.1078,2.929e-06,0.05367,5.045e-06,73.82,0.78965,0.37395,2.7806,0.167,0.5868,1.2365,73.598,0.178137,0.0856,6.823,4.8044e-06,66244.85,0.2369,0.088146,0.08461,1788.65,2.624e-05,0.2711,0.1079,2.926992e-06,0.0536,5.05e-06,73.6475,0.8278,0.3663,2.7845,0.1671,0.588,1.23498,73.459,0.178,0.0859,6.822,4.81e-06,66228.1,0.2375,0.08802,0.0846,1788.4,2.62e-05,0.2725,0.1078,2.935e-06,0.05398,5.048e-06,73.84,0.7909,0.3657,2.7811,0.1673,0.5866,1.23661,73.49,0.1779,0.08581,6.821,4.814e-06,66219.99,0.2374,0.08803,0.08447,1788.44,2.625e-05,0.2725,0.10793,2.934e-06,0.05393,5.054e-06,73.85,0.7911,0.3674,2.783,0.1671,0.586,1.2366,73.5,0.178,0.08584,6.824,4.809e-06,66228.1,0.2374,0.08804,0.08463,1788.5,2.621e-05,0.2725,0.10803,2.934e-06,0.05397,5.05e-06,73.83,0.791,0.3676,2.782,0.1674,0.5862,1.2366
2026-06-15 23:39:00,73.44,0.178,0.0859,6.823,4.81e-06,66208.01,0.2374,0.08802,0.0846,1788.22,2.621e-05,0.2724,0.108,2.94e-06,0.05394,5.04e-06,73.81,0.791,0.3673,2.784,0.1673,0.5855,1.2362,73.48,0.178,0.0859,6.824,4.796e-06,66211.0,0.2374,0.08803,0.0846,1788.2,2.619e-05,0.2724,0.108,2.935e-06,0.05399,5.049e-06,73.82,0.791,0.3677,2.783,0.167,0.5859,1.2365,73.51,0.1781,0.08593,6.823,4.811e-06,66210.9,0.2374,0.08801,0.08463,1788.14,2.623e-05,0.2724,0.108,2.934e-06,0.05399,5.049e-06,73.82,0.7912,0.3673,2.784,0.1672,0.5856,1.2363,73.4,0.1778,0.0858,6.82,4.8e-06,66164.21,0.2374,0.08797,0.0846,1786.95,2.62e-05,0.272,0.108,2.93e-06,0.05395,5.04e-06,73.77,0.7907,0.3673,2.783,0.168,0.5853,1.2354,73.497,0.17808,0.0856,6.817,4.819e-06,66218.12,0.237,0.088064,0.08503,1788.38,2.698e-05,0.2715,0.1078,2.929e-06,0.05367,5.045e-06,73.86,0.78965,0.37395,2.7827,0.167,0.5853,1.2362,73.598,0.178122,0.0856,6.8226,4.8044e-06,66258.36,0.2364,0.088146,0.08461,1788.23,2.62e-05,0.271,0.1076,2.926992e-06,0.0536,5.05e-06,73.6475,0.8278,0.3662,2.7873,0.1673,0.588,1.23498,73.44,0.178,0.0859,6.823,4.81e-06,66207.0,0.2375,0.08803,0.0846,1788.09,2.62e-05,0.2725,0.1078,2.933e-06,0.05393,5.047e-06,73.87,0.7913,0.3679,2.7831,0.1673,0.5853,1.23635,73.48,0.178,0.08594,6.826,4.809e-06,66210.0,0.2374,0.08801,0.08466,1788.45,2.621e-05,0.2723,0.10801,2.937e-06,0.05398,5.05e-06,73.85,0.7916,0.3672,2.787,0.1671,0.5855,1.2364,73.46,0.178,0.08588,6.824,4.811e-06,66211.3,0.2374,0.08802,0.08459,1788.02,2.62e-05,0.2725,0.10802,2.933e-06,0.05398,5.048e-06,73.81,0.7909,0.3674,2.785,0.1674,0.5856,1.2362
2026-06-15 23:40:00,73.44,0.1779,0.0859,6.822,4.81e-06,66190.01,0.2373,0.08802,0.0846,1787.5,2.62e-05,0.2721,0.108,2.93e-06,0.05396,5.05e-06,73.8,0.7908,0.3674,2.786,0.1672,0.5857,1.2354,73.39,0.178,0.0859,6.821,4.796e-06,66189.36,0.2374,0.08802,0.0846,1787.43,2.619e-05,0.2724,0.108,2.933e-06,0.05399,5.049e-06,73.8,0.7907,0.3677,2.785,0.167,0.585,1.2354,73.46,0.1779,0.08578,6.822,4.807e-06,66191.2,0.2374,0.08802,0.08464,1787.43,2.623e-05,0.2721,0.108,2.933e-06,0.05399,5.046e-06,73.82,0.7908,0.3673,2.787,0.1672,0.586,1.2352,73.42,0.1778,0.0858,6.82,4.81e-06,66144.78,0.2374,0.08797,0.0846,1786.26,2.62e-05,0.273,0.108,2.93e-06,0.05395,5.04e-06,73.74,0.7903,0.3672,2.783,0.168,0.5852,1.2347,73.497,0.17791,0.0856,6.817,4.819e-06,66185.21,0.237,0.087995,0.08503,1787.45,2.698e-05,0.2715,0.1078,2.929e-06,0.05367,5.045e-06,73.81,0.79084,0.37395,2.7827,0.167,0.5853,1.2354,73.598,0.177863,0.0856,6.8203,4.8044e-06,66222.28,0.2364,0.088146,0.08461,1788.18,2.62e-05,0.2707,0.1079,2.926992e-06,0.0536,5.05e-06,73.6475,0.8278,0.3662,2.7873,0.1671,0.588,1.23498,73.438,0.1779,0.0859,6.823,4.81e-06,66192.1,0.2375,0.088,0.0846,1787.33,2.62e-05,0.2725,0.1078,2.933e-06,0.05395,5.046e-06,73.82,0.7908,0.3679,2.7856,0.1672,0.5855,1.23502,73.48,0.1779,0.0859,6.823,4.805e-06,66185.65,0.2373,0.08802,0.08458,1787.54,2.62e-05,0.2721,0.10799,2.932e-06,0.0539,5.048e-06,73.8,0.7907,0.3674,2.786,0.167,0.5856,1.2355,73.47,0.1779,0.0858,6.822,4.806e-06,66192.5,0.2374,0.08803,0.08462,1787.51,2.62e-05,0.2725,0.10799,2.934e-06,0.05394,5.046e-06,73.79,0.7907,0.3674,2.786,0.1674,0.5857,1.2354
2026-06-15 23:41:00,73.48,0.1779,0.0859,6.825,4.81e-06,66207.3,0.2375,0.08804,0.0847,1788.09,2.621e-05,0.2724,0.108,2.94e-06,0.05397,5.05e-06,73.82,0.7916,0.368,2.791,0.1673,0.5871,1.2353,73.39,0.1779,0.0859,6.825,4.796e-06,66205.0,0.2374,0.08804,0.0846,1788.04,2.619e-05,0.2723,0.108,2.936e-06,0.05399,5.049e-06,73.83,0.7915,0.3677,2.788,0.1673,0.5869,1.2353,73.48,0.1779,0.08589,6.825,4.809e-06,66207.8,0.2374,0.08803,0.08465,1788.04,2.623e-05,0.2723,0.108,2.933e-06,0.05397,5.047e-06,73.82,0.7914,0.3674,2.791,0.1672,0.5869,1.2353,73.44,0.178,0.0859,6.82,4.81e-06,66165.43,0.2374,0.08798,0.0846,1786.95,2.62e-05,0.273,0.108,2.93e-06,0.05395,5.04e-06,73.79,0.7911,0.3676,2.79,0.168,0.5866,1.2346,73.497,0.17796,0.0856,6.823,4.819e-06,66204.0,0.237,0.088035,0.08503,1787.91,2.698e-05,0.2715,0.1078,2.929e-06,0.05367,5.045e-06,73.83,0.79084,0.37395,2.7827,0.167,0.5851,1.2354,73.598,0.177863,0.0857,6.8217,4.8045e-06,66228.73,0.2362,0.088146,0.08457,1788.18,2.621e-05,0.2708,0.1077,2.926992e-06,0.0536,5.05e-06,73.6475,0.8278,0.3664,2.7922,0.1672,0.587,1.23498,73.49,0.1779,0.0859,6.825,4.81e-06,66202.1,0.2375,0.08802,0.0846,1787.94,2.62e-05,0.2721,0.1078,2.935e-06,0.05395,5.046e-06,73.84,0.7912,0.3679,2.7911,0.1673,0.5858,1.23533,73.45,0.1779,0.08586,6.822,4.812e-06,66204.08,0.2375,0.08805,0.08463,1788.02,2.621e-05,0.2722,0.10797,2.934e-06,0.05391,5.051e-06,73.82,0.7912,0.3681,2.799,0.1671,0.5851,1.2355,73.47,0.1779,0.08589,6.825,4.809e-06,66209.4,0.2373,0.08805,0.08464,1788.16,2.62e-05,0.2725,0.10807,2.936e-06,0.05395,5.048e-06,73.82,0.7915,0.3681,2.792,0.1674,0.587,1.2352
2026-06-15 23:42:00,73.5,0.1783,0.086,6.829,4.81e-06,66219.82,0.2378,0.08806,0.0847,1788.76,2.622e-05,0.2726,0.1081,2.94e-06,0.05399,5.05e-06,73.87,0.7918,0.368,2.799,0.1674,0.5889,1.2363,73.47,0.1783,0.0859,6.828,4.796e-06,66223.31,0.2374,0.08806,0.08473,1788.75,2.619e-05,0.2723,0.108,2.936e-06,0.054,5.048e-06,73.87,0.7918,0.3677,2.797,0.1673,0.5887,1.2361,73.5,0.1784,0.08592,6.825,4.813e-06,66225.1,0.2377,0.08802,0.08472,1788.69,2.623e-05,0.2725,0.1081,2.936e-06,0.05396,5.048e-06,73.89,0.7916,0.3677,2.8,0.1675,0.5887,1.2363,73.46,0.1782,0.0859,6.83,4.81e-06,66179.57,0.2379,0.08801,0.0847,1787.5,2.62e-05,0.273,0.108,2.93e-06,0.05395,5.04e-06,73.83,0.7913,0.3678,2.797,0.168,0.5884,1.2356,73.497,0.17831,0.0856,6.823,4.819e-06,66209.77,0.237,0.088049,0.08503,1788.78,2.698e-05,0.2715,0.1078,2.929e-06,0.05367,5.045e-06,73.86,0.79153,0.37395,2.7827,0.1673,0.5851,1.2358,73.598,0.178141,0.0857,6.8217,4.8045e-06,66228.71,0.2366,0.088146,0.08457,1788.68,2.621e-05,0.271,0.108,2.926992e-06,0.0536,5.05e-06,73.785,0.8277,0.3666,2.7976,0.1672,0.588,1.23498,73.484,0.1783,0.0859,6.829,4.81e-06,66217.2,0.2377,0.08802,0.0847,1788.29,2.621e-05,0.2721,0.1078,2.935e-06,0.05397,5.049e-06,73.84,0.7915,0.3678,2.7997,0.1675,0.5884,1.23561,73.49,0.1783,0.08589,6.825,4.815e-06,66210.0,0.2378,0.08807,0.08469,1788.55,2.621e-05,0.2724,0.10807,2.937e-06,0.05394,5.053e-06,73.88,0.7917,0.368,2.795,0.1672,0.5882,1.2364,73.52,0.1783,0.08594,6.828,4.811e-06,66227.1,0.2373,0.08806,0.08473,1788.79,2.62e-05,0.2725,0.10809,2.937e-06,0.05395,5.048e-06,73.87,0.7916,0.368,2.799,0.1674,0.5889,1.2362
2026-06-15 23:51:00,73.73,0.1787,0.0863,6.843,4.82e-06,66330.01,0.2388,0.08815,0.0855,1794.44,2.633e-05,0.2737,0.1085,2.95e-06,0.05408,5.07e-06,73.98,0.7936,0.3699,2.836,0.168,0.5901,1.2385,73.82,0.1787,0.0861,6.844,4.818e-06,66328.04,0.2383,0.08815,0.08548,1794.41,2.629e-05,0.2736,0.1086,2.947e-06,0.0541,5.06e-06,73.98,0.7937,0.3699,2.835,0.1679,0.5899,1.2388,73.77,0.1786,0.08631,6.842,4.821e-06,66326.5,0.2387,0.08817,0.08549,1794.21,2.631e-05,0.2736,0.1085,2.949e-06,0.05411,5.065e-06,73.99,0.7935,0.3699,2.835,0.168,0.5898,1.2386,73.72,0.1786,0.0862,6.84,4.81e-06,66280.9,0.2387,0.0881,0.0854,1793.21,2.63e-05,0.273,0.108,2.95e-06,0.05407,5.05e-06,73.93,0.7931,0.3696,2.835,0.168,0.5904,1.2377,73.787,0.17872,0.0862,6.847,4.819e-06,66324.2,0.237,0.088142,0.08521,1794.72,2.698e-05,0.2715,0.1082,2.94e-06,0.0541,5.045e-06,74.0,0.79246,0.37395,2.8157,0.1673,0.5898,1.2386,73.598,0.17868,0.086,6.8415,4.8045e-06,66348.08,0.2365,0.088372,0.08529,1794.86,2.633e-05,0.2721,0.1084,2.94601e-06,0.0537,5.06e-06,73.9247,0.8278,0.3686,2.8381,0.168,0.59,1.23422,73.732,0.1787,0.0863,6.841,4.821e-06,66333.8,0.2388,0.08814,0.0855,1794.45,2.632e-05,0.2733,0.1086,2.946e-06,0.05407,5.062e-06,74.01,0.7936,0.3704,2.8357,0.168,0.5895,1.23843,73.89,0.1786,0.08626,6.843,4.82e-06,66325.67,0.2387,0.08814,0.08547,1794.43,2.635e-05,0.2736,0.10858,2.947e-06,0.05413,5.062e-06,73.98,0.7939,0.3698,2.835,0.1678,0.59,1.2384,73.77,0.1788,0.08628,6.842,4.824e-06,66331.6,0.2387,0.08815,0.08548,1794.4,2.632e-05,0.2736,0.10847,2.946e-06,0.05408,5.064e-06,73.98,0.7936,0.37,2.839,0.1682,0.5901,1.2384
2026-06-16 00:07:00,73.96,0.1789,0.0864,6.854,4.82e-06,66372.35,0.2406,0.08822,0.0855,1797.45,2.642e-05,0.2747,0.1086,2.96e-06,0.05415,5.06e-06,74.06,0.7947,0.3725,2.861,0.168,0.59,1.2391,73.95,0.1789,0.0861,6.854,4.822e-06,66374.04,0.2407,0.08822,0.0855,1797.5,2.64e-05,0.274,0.1084,2.952e-06,0.05415,5.058e-06,74.06,0.7945,0.372,2.86,0.1676,0.5902,1.239,73.95,0.179,0.08644,6.853,4.819e-06,66373.1,0.2407,0.08823,0.08547,1797.34,2.639e-05,0.2744,0.1086,2.952e-06,0.05415,5.056e-06,74.08,0.7946,0.3726,2.86,0.168,0.5904,1.2391,73.91,0.1787,0.0863,6.85,4.82e-06,66324.86,0.2407,0.08816,0.0855,1796.51,2.65e-05,0.274,0.109,2.95e-06,0.05411,5.05e-06,74.01,0.7939,0.3721,2.86,0.168,0.5897,1.2386,73.881,0.1789,0.0863,6.85,4.818e-06,66375.55,0.2389,0.088224,0.08521,1797.38,2.698e-05,0.2715,0.1082,2.949e-06,0.0541,5.045e-06,74.07,0.79374,0.37395,2.8607,0.1677,0.589,1.2389,73.7575,0.178709,0.0861,6.8545,4.8133e-06,66378.36,0.2397,0.088177,0.08536,1798.02,2.642e-05,0.2731,0.1086,2.947457e-06,0.0538,5.06e-06,73.8862,0.8268,0.3712,2.8597,0.1677,0.589,1.23937,73.95,0.1789,0.0864,6.854,4.811e-06,66375.5,0.2408,0.08821,0.0855,1797.47,2.64e-05,0.2742,0.1084,2.952e-06,0.05416,5.058e-06,74.07,0.794,0.3708,2.8616,0.168,0.59,1.23893,73.78,0.1788,0.0863,6.851,4.813e-06,66373.31,0.2406,0.0882,0.08535,1797.78,2.641e-05,0.2741,0.10852,2.951e-06,0.05413,5.052e-06,74.08,0.7944,0.3724,2.857,0.1678,0.5899,1.2399,73.98,0.1789,0.08641,6.854,4.817e-06,66370.0,0.2406,0.08823,0.08547,1797.34,2.64e-05,0.2744,0.10858,2.952e-06,0.05416,5.055e-06,74.06,0.7944,0.3726,2.863,0.168,0.5904,1.2391
2026-06-16 00:08:00,73.97,0.1789,0.0865,6.855,4.82e-06,66368.84,0.2411,0.08823,0.0856,1797.44,2.644e-05,0.2749,0.1088,2.96e-06,0.05419,5.06e-06,74.07,0.7949,0.3732,2.867,0.1682,0.5913,1.2393,73.98,0.1789,0.0864,6.856,4.822e-06,66365.0,0.241,0.08824,0.08565,1797.36,2.64e-05,0.274,0.1087,2.954e-06,0.0542,5.058e-06,74.07,0.7949,0.3733,2.868,0.1676,0.5906,1.2393,73.96,0.1789,0.0865,6.853,4.819e-06,66366.3,0.2409,0.08822,0.08563,1797.4,2.639e-05,0.2748,0.1088,2.953e-06,0.0542,5.058e-06,74.09,0.7947,0.3734,2.866,0.168,0.5911,1.2394,73.93,0.1787,0.0865,6.85,4.82e-06,66321.68,0.2411,0.08819,0.0856,1796.43,2.65e-05,0.274,0.109,2.96e-06,0.05411,5.05e-06,74.02,0.7942,0.3734,2.866,0.168,0.5907,1.2385,73.881,0.17885,0.0864,6.855,4.818e-06,66362.11,0.2389,0.088244,0.08521,1797.42,2.698e-05,0.2715,0.1082,2.949e-06,0.0541,5.045e-06,74.08,0.79374,0.37395,2.8607,0.1677,0.5903,1.2393,73.8476,0.178846,0.0863,6.8565,4.8133e-06,66380.83,0.2408,0.088177,0.08546,1797.64,2.644e-05,0.2734,0.1087,2.948275e-06,0.0538,5.05e-06,74.0,0.8274,0.3719,2.8705,0.1679,0.591,1.23937,73.98,0.1788,0.0864,6.856,4.819e-06,66363.3,0.2408,0.08822,0.0856,1797.61,2.644e-05,0.2745,0.1084,2.954e-06,0.05419,5.061e-06,74.07,0.7947,0.3729,2.868,0.1681,0.5909,1.23925,73.95,0.1789,0.08642,6.856,4.819e-06,66365.64,0.2409,0.08822,0.08553,1797.68,2.643e-05,0.275,0.10852,2.949e-06,0.0541,5.057e-06,74.08,0.7948,0.3732,2.872,0.1681,0.591,1.2397,73.98,0.1788,0.08658,6.855,4.819e-06,66366.9,0.2409,0.08825,0.08566,1797.53,2.644e-05,0.2748,0.10876,2.954e-06,0.0542,5.06e-06,74.07,0.7947,0.3734,2.867,0.1683,0.5915,1.2392
2026-06-16 00:13:00,74.02,0.1792,0.0866,6.862,4.81e-06,66391.97,0.243,0.08827,0.0858,1797.01,2.646e-05,0.2752,0.1091,2.95e-06,0.05421,5.05e-06,74.11,0.7947,0.3784,2.883,0.1683,0.5918,1.2398,74.04,0.1792,0.0865,6.862,4.822e-06,66388.68,0.2427,0.08827,0.08577,1796.99,2.645e-05,0.275,0.1091,2.954e-06,0.05423,5.061e-06,74.1,0.7947,0.3782,2.884,0.1682,0.5917,1.2399,74.01,0.1792,0.08654,6.861,4.821e-06,66389.1,0.243,0.08828,0.08576,1796.96,2.643e-05,0.2751,0.1091,2.955e-06,0.0542,5.057e-06,74.1,0.7946,0.3786,2.882,0.1683,0.5922,1.2397,74.03,0.179,0.0864,6.86,4.82e-06,66343.14,0.243,0.08823,0.0857,1795.8,2.64e-05,0.275,0.109,2.96e-06,0.0542,5.06e-06,74.06,0.7943,0.3783,2.882,0.168,0.5916,1.2394,74.067,0.17915,0.0865,6.859,4.818e-06,66388.45,0.2389,0.088275,0.08521,1797.02,2.698e-05,0.2715,0.1082,2.949e-06,0.0541,5.045e-06,74.11,0.79374,0.3775,2.8847,0.1677,0.5921,1.2397,73.8545,0.179179,0.0863,6.8585,4.8133e-06,66404.83,0.2424,0.088546,0.08545,1797.56,2.645e-05,0.2737,0.109,2.948275e-06,0.0539,5.05e-06,74.0,0.8268,0.377,2.8853,0.1682,0.591,1.23937,74.02,0.1792,0.0866,6.861,4.822e-06,66388.3,0.243,0.08825,0.0858,1797.02,2.647e-05,0.2745,0.1091,2.955e-06,0.05421,5.06e-06,74.11,0.7948,0.3784,2.8827,0.1683,0.5914,1.23969,74.05,0.1792,0.08653,6.861,4.818e-06,66388.89,0.2431,0.08826,0.08587,1797.02,2.646e-05,0.275,0.10913,2.956e-06,0.05422,5.06e-06,74.11,0.7948,0.3782,2.883,0.1682,0.5928,1.2397,74.05,0.1792,0.08656,6.862,4.822e-06,66391.0,0.2431,0.08829,0.08585,1796.98,2.645e-05,0.2752,0.10908,2.955e-06,0.05423,5.06e-06,74.09,0.7947,0.3785,2.885,0.1685,0.592,1.2396
2026-06-16 00:14:00,74.08,0.1791,0.0866,6.862,4.82e-06,66391.97,0.2433,0.08826,0.0858,1797.2,2.646e-05,0.2752,0.1091,2.95e-06,0.05422,5.06e-06,74.11,0.795,0.3791,2.885,0.1684,0.5912,1.2407,74.04,0.1792,0.0865,6.867,4.822e-06,66389.61,0.2432,0.08826,0.08576,1797.24,2.645e-05,0.275,0.1091,2.954e-06,0.05423,5.061e-06,74.11,0.795,0.3791,2.884,0.1683,0.5915,1.2405,74.08,0.1791,0.08654,6.862,4.821e-06,66391.1,0.2434,0.08826,0.08578,1797.16,2.643e-05,0.2751,0.1091,2.956e-06,0.0542,5.057e-06,74.11,0.795,0.379,2.884,0.1683,0.5917,1.2405,74.03,0.1789,0.0864,6.86,4.82e-06,66348.57,0.2431,0.08823,0.0857,1796.03,2.64e-05,0.275,0.109,2.96e-06,0.0542,5.06e-06,74.06,0.7946,0.3784,2.884,0.168,0.5915,1.2402,74.087,0.17913,0.0865,6.866,4.832e-06,66386.63,0.2389,0.088253,0.08521,1797.14,2.698e-05,0.2715,0.1082,2.949e-06,0.0541,5.045e-06,74.12,0.79374,0.3775,2.8847,0.1677,0.5919,1.2405,73.8545,0.179179,0.0863,6.8615,4.8133e-06,66404.82,0.2424,0.088544,0.08555,1797.65,2.645e-05,0.2738,0.109,2.948275e-06,0.0539,5.05e-06,74.0,0.8268,0.3775,2.8833,0.1682,0.591,1.23937,74.07,0.1792,0.0866,6.864,4.822e-06,66388.2,0.2433,0.08825,0.0858,1797.17,2.647e-05,0.2745,0.1091,2.955e-06,0.0542,5.06e-06,74.12,0.7948,0.3791,2.8844,0.1683,0.5915,1.24036,74.06,0.1791,0.08657,6.865,4.82e-06,66389.52,0.2434,0.08826,0.08575,1797.25,2.646e-05,0.2752,0.10909,2.955e-06,0.05418,5.059e-06,74.11,0.7949,0.3789,2.884,0.1682,0.5919,1.241,74.09,0.1792,0.08656,6.866,4.822e-06,66396.5,0.2431,0.08827,0.08575,1797.2,2.645e-05,0.2752,0.10908,2.955e-06,0.05423,5.061e-06,74.1,0.7949,0.3788,2.885,0.1685,0.5914,1.2404
2026-06-16 00:18:00,73.91,0.1782,0.0864,6.848,4.81e-06,66381.45,0.2432,0.08808,0.0854,1796.4,2.641e-05,0.2743,0.1086,2.96e-06,0.05421,5.06e-06,74.05,0.7939,0.3736,2.878,0.168,0.5912,1.2406,73.91,0.1782,0.0864,6.847,4.818e-06,66381.68,0.2431,0.08809,0.08541,1796.25,2.645e-05,0.275,0.1086,2.951e-06,0.05422,5.058e-06,74.06,0.794,0.3736,2.876,0.1681,0.5911,1.2404,73.89,0.1783,0.08626,6.846,4.815e-06,66381.7,0.2432,0.0881,0.08537,1796.27,2.65e-05,0.2742,0.1086,2.952e-06,0.05421,5.053e-06,74.05,0.794,0.3737,2.877,0.1681,0.5913,1.2407,73.88,0.1782,0.0863,6.85,4.8e-06,66338.49,0.2431,0.08805,0.0854,1794.91,2.64e-05,0.275,0.109,2.95e-06,0.05426,5.05e-06,74.01,0.7939,0.3733,2.877,0.168,0.5908,1.2397,74.127,0.17829,0.0865,6.846,4.832e-06,66383.8,0.2389,0.08812,0.08521,1796.13,2.698e-05,0.2715,0.1086,2.949e-06,0.0541,5.045e-06,74.05,0.79374,0.3775,2.8847,0.1677,0.591,1.2405,73.8545,0.178344,0.0861,6.8474,4.7913e-06,66386.67,0.2421,0.088144,0.08516,1796.9,2.641e-05,0.2726,0.1086,2.948275e-06,0.0539,5.05e-06,73.9958,0.8268,0.3722,2.8791,0.1679,0.591,1.23821,73.88,0.1782,0.0863,6.846,4.81e-06,66381.0,0.2433,0.08808,0.0854,1796.41,2.64e-05,0.2743,0.1088,2.951e-06,0.05421,5.064e-06,74.05,0.7939,0.3737,2.8776,0.1681,0.5909,1.24048,73.96,0.1783,0.08636,6.85,4.807e-06,66378.96,0.2433,0.08809,0.08537,1796.39,2.642e-05,0.2742,0.10865,2.951e-06,0.0542,5.053e-06,74.05,0.7939,0.3734,2.878,0.168,0.5909,1.2407,73.93,0.1782,0.08632,6.848,4.813e-06,66380.6,0.2432,0.08808,0.08535,1796.26,2.645e-05,0.2742,0.10864,2.953e-06,0.05421,5.055e-06,74.04,0.7938,0.3736,2.879,0.1685,0.5915,1.2404
2026-06-16 00:19:00,73.97,0.1784,0.0864,6.853,4.81e-06,66386.0,0.2448,0.08812,0.0855,1796.48,2.643e-05,0.2747,0.1088,2.96e-06,0.05429,5.06e-06,74.09,0.7948,0.3746,2.889,0.1683,0.5924,1.2406,73.91,0.1784,0.0864,6.852,4.818e-06,66387.56,0.2448,0.08814,0.0855,1796.43,2.645e-05,0.275,0.1086,2.951e-06,0.05428,5.058e-06,74.08,0.7948,0.3736,2.889,0.1681,0.5924,1.2405,73.97,0.1784,0.08641,6.852,4.815e-06,66385.9,0.2448,0.08814,0.08557,1796.37,2.645e-05,0.2746,0.1088,2.952e-06,0.05426,5.053e-06,74.09,0.7949,0.3745,2.89,0.1681,0.5924,1.241,73.88,0.1782,0.0863,6.85,4.8e-06,66341.98,0.2444,0.08808,0.0855,1795.14,2.64e-05,0.275,0.109,2.95e-06,0.05426,5.05e-06,74.03,0.7941,0.3741,2.889,0.168,0.592,1.2399,74.127,0.17834,0.0864,6.846,4.832e-06,66382.95,0.2389,0.088136,0.08521,1796.37,2.698e-05,0.2715,0.1086,2.949e-06,0.0541,5.045e-06,74.07,0.79374,0.3775,2.8847,0.1677,0.5924,1.2405,73.8545,0.1785,0.0861,6.8514,4.8037e-06,66404.53,0.2427,0.088144,0.08526,1796.9,2.643e-05,0.2731,0.1089,2.948275e-06,0.054,5.05e-06,73.9958,0.8267,0.3729,2.8891,0.1681,0.592,1.23821,73.964,0.1784,0.0864,6.85,4.81e-06,66380.4,0.2446,0.08809,0.0855,1796.47,2.64e-05,0.2743,0.1088,2.951e-06,0.05428,5.064e-06,74.08,0.7948,0.3745,2.8901,0.1683,0.5927,1.24044,73.93,0.1783,0.08636,6.851,4.814e-06,66379.77,0.245,0.08813,0.08557,1796.48,2.643e-05,0.2748,0.10862,2.954e-06,0.05424,5.058e-06,74.09,0.7939,0.3744,2.887,0.1683,0.5927,1.2409,73.96,0.1784,0.08642,6.853,4.813e-06,66385.3,0.245,0.08814,0.08556,1796.44,2.645e-05,0.2745,0.10883,2.953e-06,0.05428,5.055e-06,74.08,0.7948,0.3745,2.891,0.1685,0.5927,1.2404
2026-06-16 00:21:00,73.8,0.1781,0.0864,6.849,4.81e-06,66340.28,0.2443,0.08805,0.0856,1794.72,2.638e-05,0.2742,0.1087,2.94e-06,0.05423,5.06e-06,74.03,0.7939,0.3745,2.891,0.168,0.5914,1.2396,73.79,0.1781,0.0864,6.846,4.818e-06,66340.55,0.2439,0.08807,0.0856,1794.86,2.64e-05,0.275,0.1086,2.947e-06,0.0543,5.058e-06,74.03,0.7939,0.3756,2.891,0.1681,0.5914,1.2396,73.84,0.1781,0.0863,6.847,4.804e-06,66338.0,0.2439,0.08807,0.08557,1794.74,2.645e-05,0.2741,0.1088,2.949e-06,0.05423,5.053e-06,74.04,0.7938,0.3745,2.891,0.1681,0.5913,1.2397,73.74,0.178,0.0862,6.84,4.79e-06,66294.84,0.2443,0.08801,0.0855,1793.51,2.63e-05,0.274,0.109,2.95e-06,0.05425,5.05e-06,73.98,0.7931,0.3739,2.889,0.168,0.591,1.239,73.787,0.17802,0.0864,6.847,4.832e-06,66336.02,0.2447,0.088055,0.08521,1794.69,2.698e-05,0.2715,0.1086,2.949e-06,0.0541,5.045e-06,74.03,0.79374,0.3775,2.8847,0.1677,0.591,1.2395,73.8545,0.178171,0.0862,6.8513,4.8044e-06,66360.07,0.243,0.088144,0.08537,1795.34,2.64e-05,0.2726,0.1086,2.94972e-06,0.0539,5.05e-06,73.9958,0.8268,0.3731,2.8919,0.1679,0.591,1.23821,73.85,0.1781,0.0864,6.847,4.81e-06,66337.8,0.2441,0.08806,0.0856,1794.71,2.642e-05,0.2743,0.1087,2.948e-06,0.05423,5.054e-06,74.04,0.7941,0.375,2.891,0.1681,0.5913,1.23954,73.78,0.1781,0.08631,6.842,4.804e-06,66337.67,0.2441,0.08805,0.08552,1794.72,2.64e-05,0.2741,0.10881,2.948e-06,0.05421,5.052e-06,74.03,0.7942,0.3743,2.89,0.1679,0.5918,1.2396,73.85,0.1781,0.08636,6.847,4.803e-06,66342.6,0.2441,0.08807,0.08563,1794.82,2.645e-05,0.2742,0.10865,2.949e-06,0.05424,5.055e-06,74.03,0.7939,0.3746,2.892,0.1684,0.5917,1.2396
2026-06-16 00:26:00,73.8,0.178,0.0862,6.846,4.8e-06,66296.11,0.2438,0.08806,0.0855,1794.2,2.633e-05,0.2737,0.1085,2.95e-06,0.05408,5.05e-06,73.99,0.7931,0.3746,2.902,0.1679,0.5939,1.2387,73.67,0.178,0.0864,6.845,4.796e-06,66299.3,0.2434,0.08807,0.08551,1794.12,2.631e-05,0.2735,0.1084,2.948e-06,0.05407,5.042e-06,74.0,0.7929,0.3739,2.898,0.1678,0.5939,1.2386,73.8,0.178,0.08623,6.845,4.796e-06,66304.3,0.2437,0.08807,0.08556,1793.97,2.633e-05,0.2737,0.1085,2.948e-06,0.05407,5.044e-06,74.01,0.7931,0.3743,2.901,0.1677,0.5938,1.2386,73.76,0.178,0.0862,6.84,4.79e-06,66261.3,0.2437,0.08802,0.0855,1792.96,2.64e-05,0.274,0.108,2.95e-06,0.05407,5.04e-06,73.95,0.7924,0.3742,2.9,0.168,0.5935,1.238,73.787,0.178,0.0862,6.844,4.832e-06,66302.74,0.2434,0.088074,0.08521,1794.11,2.698e-05,0.2715,0.1086,2.949e-06,0.0541,5.045e-06,74.01,0.79374,0.3775,2.8917,0.1677,0.5926,1.2386,73.8545,0.178043,0.086,6.8412,4.784e-06,66303.0,0.2428,0.088144,0.08527,1794.39,2.633e-05,0.2721,0.1085,2.943764e-06,0.0537,5.04e-06,73.9958,0.8261,0.3731,2.9022,0.1679,0.593,1.23766,73.824,0.178,0.0863,6.841,4.793e-06,66296.3,0.2436,0.08803,0.0855,1793.97,2.629e-05,0.2733,0.1084,2.947e-06,0.05405,5.044e-06,74.0,0.7925,0.374,2.9032,0.168,0.5936,1.23857,73.63,0.178,0.0862,6.842,4.796e-06,66297.63,0.2439,0.08807,0.08548,1794.12,2.633e-05,0.2735,0.1085,2.947e-06,0.05409,5.042e-06,74.01,0.7932,0.3746,2.901,0.1678,0.5928,1.2388,73.79,0.178,0.08623,6.842,4.792e-06,66305.0,0.2437,0.08807,0.08557,1794.03,2.632e-05,0.2733,0.10851,2.947e-06,0.05406,5.041e-06,73.99,0.7927,0.374,2.905,0.1679,0.5941,1.2385
2026-06-16 01:06:00,74.28,0.1786,0.0866,6.874,4.79e-06,66349.15,0.2478,0.08805,0.0862,1794.71,2.635e-05,0.2748,0.1092,2.96e-06,0.05449,5.05e-06,74.32,0.7952,0.3808,2.996,0.1687,0.6039,1.2381,74.27,0.1785,0.0865,6.87,4.779e-06,66350.01,0.2475,0.08806,0.08617,1794.77,2.629e-05,0.2744,0.1091,2.96e-06,0.0545,5.041e-06,74.32,0.7951,0.38,2.991,0.1686,0.604,1.2383,74.26,0.1785,0.08663,6.872,4.796e-06,66346.8,0.2476,0.08807,0.0862,1794.83,2.636e-05,0.2746,0.1092,2.96e-06,0.05449,5.05e-06,74.33,0.7952,0.3808,2.994,0.1687,0.6038,1.2383,74.17,0.1784,0.0864,6.87,4.78e-06,66306.7,0.2475,0.08792,0.0861,1793.48,2.63e-05,0.274,0.109,2.95e-06,0.05443,5.04e-06,74.27,0.7942,0.3807,2.993,0.168,0.6035,1.2374,73.977,0.17853,0.0865,6.867,4.801e-06,66361.45,0.2473,0.08806,0.08521,1794.91,2.698e-05,0.2715,0.1086,2.948e-06,0.05444,5.045e-06,74.34,0.79336,0.3775,2.99,0.1677,0.6032,1.2384,74.048,0.178483,0.0862,6.8727,4.7838e-06,66369.6,0.247,0.088339,0.08603,1795.36,2.637e-05,0.2727,0.1091,2.957567e-06,0.0542,5.05e-06,74.3152,0.8242,0.379,2.9915,0.1686,0.603,1.23528,74.28,0.1785,0.0865,6.87,4.796e-06,66360.8,0.2476,0.08801,0.0861,1795.08,2.626e-05,0.2744,0.1092,2.96e-06,0.05451,5.051e-06,74.34,0.7951,0.3809,2.9952,0.1687,0.6042,1.23823,74.27,0.1785,0.08656,6.876,4.795e-06,66355.7,0.2478,0.08805,0.08612,1795.06,2.636e-05,0.2746,0.1092,2.961e-06,0.05443,5.054e-06,74.32,0.7953,0.3808,2.996,0.1687,0.6035,1.2384,74.26,0.1785,0.08663,6.873,4.795e-06,66349.4,0.2477,0.08804,0.08613,1794.61,2.637e-05,0.2746,0.10917,2.96e-06,0.05449,5.052e-06,74.33,0.7951,0.3808,2.996,0.1687,0.6038,1.2381
2026-06-16 01:10:00,74.15,0.178,0.0865,6.865,4.79e-06,66315.99,0.2482,0.08799,0.0859,1793.29,2.631e-05,0.2744,0.1089,2.96e-06,0.05444,5.04e-06,74.23,0.7934,0.3774,3.017,0.1683,0.6023,1.2359,74.06,0.178,0.0866,6.863,4.792e-06,66316.62,0.2482,0.08796,0.08582,1793.2,2.634e-05,0.2744,0.1089,2.954e-06,0.0544,5.041e-06,74.24,0.7935,0.3769,3.015,0.1682,0.6021,1.2359,74.16,0.178,0.08649,6.861,4.783e-06,66318.8,0.2483,0.088,0.08589,1793.1,2.637e-05,0.2742,0.1089,2.952e-06,0.0544,5.042e-06,74.23,0.7934,0.3772,3.014,0.1683,0.6021,1.2358,74.14,0.1779,0.0866,6.85,4.77e-06,66269.97,0.248,0.08793,0.0858,1791.98,2.63e-05,0.275,0.109,2.95e-06,0.05442,5.04e-06,74.16,0.793,0.3771,3.017,0.168,0.6016,1.2352,73.977,0.17804,0.0865,6.865,4.801e-06,66317.75,0.2473,0.08798,0.08521,1793.12,2.698e-05,0.2715,0.1086,2.948e-06,0.05444,5.045e-06,74.2,0.79336,0.3775,3.0143,0.1677,0.6001,1.236,74.048,0.17808,0.0862,6.8635,4.7838e-06,66341.79,0.2473,0.088172,0.08584,1793.61,2.632e-05,0.2724,0.1089,2.957567e-06,0.0541,5.05e-06,74.1669,0.8242,0.3756,3.0118,0.1681,0.601,1.23557,74.137,0.178,0.0865,6.86,4.781e-06,66315.7,0.2483,0.08788,0.0858,1793.26,2.626e-05,0.2742,0.1089,2.954e-06,0.0544,5.044e-06,74.22,0.7931,0.3768,3.0168,0.1681,0.5998,1.23583,74.09,0.1781,0.0865,6.862,4.787e-06,66316.32,0.2482,0.088,0.0858,1793.37,2.627e-05,0.274,0.10891,2.952e-06,0.05441,5.045e-06,74.23,0.7934,0.3772,3.012,0.1682,0.6019,1.236,74.16,0.178,0.08644,6.864,4.783e-06,66320.1,0.2482,0.08799,0.08584,1793.16,2.633e-05,0.2743,0.10891,2.952e-06,0.05443,5.044e-06,74.23,0.7934,0.3774,3.018,0.1682,0.6023,1.2359
2026-06-16 01:11:00,74.06,0.1779,0.0864,6.858,4.78e-06,66308.01,0.2479,0.08798,0.0858,1792.82,2.629e-05,0.2744,0.1089,2.95e-06,0.05442,5.04e-06,74.18,0.7927,0.377,3.02,0.1681,0.6049,1.2353,74.06,0.1779,0.0866,6.858,4.792e-06,66306.0,0.2478,0.08798,0.08571,1792.81,2.634e-05,0.2744,0.1089,2.952e-06,0.05442,5.043e-06,74.17,0.7928,0.3769,3.017,0.1682,0.6044,1.2354,74.06,0.1779,0.08645,6.857,4.781e-06,66304.1,0.2477,0.08799,0.08573,1792.74,2.637e-05,0.2741,0.1089,2.952e-06,0.05443,5.042e-06,74.17,0.7927,0.3768,3.017,0.1681,0.6045,1.2353,74.0,0.1778,0.0864,6.85,4.77e-06,66262.51,0.2473,0.08791,0.0858,1791.64,2.63e-05,0.275,0.109,2.95e-06,0.05437,5.04e-06,74.13,0.7924,0.3766,3.022,0.168,0.6043,1.2347,73.977,0.17789,0.0865,6.855,4.801e-06,66301.72,0.2473,0.087993,0.08521,1792.86,2.698e-05,0.2715,0.1086,2.948e-06,0.05444,5.045e-06,74.18,0.79336,0.3775,3.0143,0.1677,0.6037,1.2354,74.048,0.177937,0.0861,6.8553,4.7838e-06,66335.41,0.2471,0.088172,0.08564,1792.84,2.631e-05,0.2725,0.1088,2.957567e-06,0.0541,5.05e-06,74.1669,0.8241,0.3752,3.0154,0.168,0.603,1.23414,74.064,0.1779,0.0865,6.857,4.781e-06,66307.1,0.2478,0.088,0.0858,1792.78,2.626e-05,0.2742,0.1089,2.952e-06,0.05442,5.045e-06,74.17,0.7931,0.3769,3.0194,0.1681,0.6047,1.23526,74.06,0.178,0.08644,6.864,4.779e-06,66309.37,0.2479,0.08799,0.08579,1792.87,2.63e-05,0.2744,0.10886,2.954e-06,0.0544,5.047e-06,74.18,0.793,0.3769,3.017,0.168,0.6046,1.2356,74.16,0.1779,0.08645,6.858,4.784e-06,66307.7,0.248,0.08799,0.08571,1792.9,2.633e-05,0.2744,0.10889,2.951e-06,0.05441,5.043e-06,74.17,0.7927,0.3763,3.02,0.1682,0.6047,1.2355
2026-06-16 01:12:00,74.05,0.1779,0.0865,6.858,4.78e-06,66292.0,0.2475,0.08794,0.0858,1792.36,2.628e-05,0.2742,0.1089,2.95e-06,0.05441,5.05e-06,74.16,0.7925,0.3767,3.021,0.168,0.6029,1.2345,74.06,0.1778,0.0866,6.857,4.792e-06,66292.0,0.2474,0.08802,0.0858,1792.4,2.629e-05,0.2744,0.109,2.952e-06,0.05442,5.043e-06,74.16,0.7926,0.3763,3.018,0.168,0.6027,1.2348,74.06,0.1779,0.08647,6.856,4.777e-06,66294.3,0.2473,0.08796,0.08584,1792.24,2.637e-05,0.2741,0.1089,2.951e-06,0.05443,5.04e-06,74.15,0.7924,0.3766,3.019,0.168,0.6024,1.2345,74.0,0.1778,0.0864,6.85,4.77e-06,66250.0,0.2473,0.0879,0.0857,1791.11,2.63e-05,0.275,0.109,2.95e-06,0.05437,5.04e-06,74.1,0.7919,0.3762,3.018,0.168,0.602,1.2338,73.977,0.17785,0.0865,6.859,4.801e-06,66292.53,0.2477,0.087996,0.08521,1792.36,2.698e-05,0.2715,0.1086,2.948e-06,0.05444,5.045e-06,74.19,0.79336,0.3775,3.0223,0.1677,0.6037,1.2346,74.048,0.177897,0.0861,6.8553,4.7838e-06,66334.63,0.2464,0.088172,0.08564,1792.79,2.63e-05,0.2722,0.1088,2.957567e-06,0.0541,5.05e-06,74.1469,0.8276,0.3749,3.017,0.1679,0.602,1.23414,74.013,0.1779,0.0865,6.856,4.781e-06,66290.8,0.2475,0.088,0.0858,1792.45,2.63e-05,0.2742,0.1089,2.951e-06,0.05442,5.039e-06,74.2,0.7923,0.3765,3.0196,0.1681,0.6033,1.23449,74.06,0.1779,0.0865,6.858,4.78e-06,66292.45,0.2473,0.08795,0.08584,1792.34,2.629e-05,0.2745,0.10889,2.953e-06,0.05439,5.042e-06,74.17,0.7922,0.3767,3.021,0.1678,0.6037,1.2346,74.08,0.1778,0.08645,6.857,4.784e-06,66294.3,0.2475,0.08795,0.08582,1792.37,2.63e-05,0.2742,0.10887,2.95e-06,0.05442,5.041e-06,74.15,0.7923,0.3764,3.021,0.1682,0.6027,1.2344
2026-06-16 01:13:00,73.98,0.1778,0.0865,6.854,4.77e-06,66280.0,0.2473,0.08789,0.0858,1791.3,2.626e-05,0.274,0.1088,2.96e-06,0.05437,5.04e-06,74.11,0.7924,0.3759,3.022,0.1679,0.6014,1.2333,74.03,0.1779,0.0866,6.853,4.772e-06,66278.0,0.2474,0.08792,0.0858,1791.4,2.627e-05,0.2744,0.109,2.95e-06,0.05438,5.043e-06,74.12,0.7923,0.376,3.02,0.168,0.6022,1.2336,73.99,0.1778,0.08647,6.853,4.772e-06,66276.3,0.2475,0.0879,0.08579,1791.58,2.637e-05,0.274,0.1088,2.95e-06,0.05443,5.039e-06,74.12,0.7921,0.3759,3.019,0.168,0.6009,1.2332,73.94,0.1777,0.0864,6.84,4.76e-06,66229.53,0.2471,0.08781,0.0857,1790.21,2.63e-05,0.274,0.109,2.95e-06,0.05431,5.04e-06,74.07,0.7916,0.3757,3.02,0.168,0.6008,1.2326,73.977,0.17775,0.0865,6.859,4.801e-06,66280.34,0.2477,0.087916,0.08521,1791.45,2.698e-05,0.2715,0.1086,2.948e-06,0.05444,5.045e-06,74.12,0.79336,0.3775,3.0214,0.1677,0.6037,1.2338,74.048,0.177897,0.0861,6.8553,4.7551e-06,66328.48,0.2463,0.088144,0.08575,1791.44,2.63e-05,0.272,0.1088,2.957567e-06,0.0541,5.05e-06,74.0976,0.8276,0.374,3.0185,0.1678,0.6,1.23407,73.96,0.1779,0.0865,6.852,4.771e-06,66278.8,0.2475,0.08793,0.0858,1791.34,2.63e-05,0.2742,0.1089,2.95e-06,0.05442,5.038e-06,74.12,0.7926,0.3761,3.0217,0.1679,0.6017,1.23311,74.05,0.1779,0.08645,6.857,4.769e-06,66280.27,0.2474,0.08789,0.08578,1791.67,2.627e-05,0.2742,0.10887,2.949e-06,0.05439,5.039e-06,74.11,0.7927,0.3759,3.018,0.1677,0.6019,1.2333,73.99,0.1778,0.0865,6.854,4.772e-06,66278.9,0.2474,0.08789,0.08577,1791.42,2.63e-05,0.2742,0.10883,2.95e-06,0.05438,5.041e-06,74.11,0.7923,0.3758,3.022,0.1682,0.6012,1.2334
2026-06-16 01:14:00,73.98,0.1779,0.0865,6.853,4.77e-06,66285.14,0.247,0.08788,0.0857,1792.11,2.626e-05,0.2739,0.1087,2.95e-06,0.05436,5.04e-06,74.16,0.7924,0.3766,3.016,0.1678,0.6014,1.2328,73.97,0.1778,0.0863,6.852,4.772e-06,66287.89,0.2466,0.08784,0.08567,1791.95,2.627e-05,0.2744,0.1088,2.951e-06,0.05438,5.043e-06,74.15,0.7924,0.376,3.015,0.168,0.6011,1.2331,73.99,0.1777,0.08631,6.85,4.772e-06,66288.6,0.2468,0.08789,0.08575,1791.87,2.637e-05,0.2737,0.1087,2.947e-06,0.05443,5.036e-06,74.14,0.7919,0.3763,3.014,0.1678,0.6012,1.2328,73.9,0.1777,0.0863,6.85,4.77e-06,66241.39,0.2468,0.08783,0.0856,1790.71,2.63e-05,0.274,0.109,2.95e-06,0.05434,5.04e-06,74.11,0.7921,0.3762,3.013,0.168,0.6002,1.2322,73.977,0.17784,0.0865,6.851,4.801e-06,66284.47,0.2477,0.087888,0.08521,1792.09,2.698e-05,0.2715,0.1086,2.948e-06,0.05444,5.045e-06,74.15,0.79336,0.3775,3.0214,0.1677,0.6037,1.233,74.048,0.177897,0.0862,6.8553,4.7551e-06,66313.12,0.246,0.088144,0.0856,1791.65,2.628e-05,0.2718,0.1087,2.957567e-06,0.054,5.05e-06,74.0976,0.8276,0.3747,3.0125,0.1678,0.601,1.23165,73.964,0.1777,0.0864,6.85,4.77e-06,66283.5,0.247,0.08789,0.0857,1792.01,2.63e-05,0.2742,0.1087,2.947e-06,0.05431,5.036e-06,74.12,0.7918,0.3764,3.0139,0.1678,0.6008,1.23259,73.99,0.1778,0.08645,6.85,4.77e-06,66285.41,0.2471,0.08789,0.0857,1792.03,2.625e-05,0.2738,0.1087,2.946e-06,0.05437,5.04e-06,74.15,0.7924,0.3766,3.008,0.1676,0.6019,1.233,74.0,0.1778,0.08643,6.853,4.772e-06,66292.5,0.2469,0.08789,0.08569,1791.9,2.626e-05,0.2735,0.1087,2.948e-06,0.05433,5.039e-06,74.15,0.7923,0.3762,3.016,0.1677,0.6014,1.2328
2026-06-16 01:15:00,73.97,0.1778,0.0865,6.856,4.77e-06,66290.0,0.2469,0.08787,0.0857,1791.87,2.625e-05,0.2738,0.1087,2.95e-06,0.05437,5.03e-06,74.14,0.7926,0.3767,3.011,0.1676,0.6018,1.2328,73.88,0.1778,0.0863,6.853,4.772e-06,66289.99,0.2468,0.08788,0.08565,1791.92,2.627e-05,0.2744,0.1088,2.949e-06,0.05434,5.035e-06,74.13,0.7926,0.376,3.003,0.1677,0.6014,1.2325,73.98,0.1778,0.08638,6.854,4.772e-06,66295.4,0.247,0.08787,0.08563,1791.88,2.637e-05,0.2737,0.1087,2.948e-06,0.05436,5.037e-06,74.14,0.7925,0.3768,3.009,0.1677,0.6014,1.2326,73.92,0.1776,0.0863,6.85,4.77e-06,66253.6,0.2464,0.08777,0.0856,1790.76,2.63e-05,0.274,0.109,2.95e-06,0.05429,5.04e-06,74.09,0.7923,0.3763,3.008,0.168,0.601,1.2322,73.977,0.17779,0.0865,6.851,4.801e-06,66290.0,0.2477,0.087852,0.08521,1791.85,2.698e-05,0.2715,0.1086,2.948e-06,0.05444,5.045e-06,74.11,0.79336,0.3775,3.0214,0.1677,0.6037,1.2324,74.048,0.177742,0.0862,6.8492,4.7551e-06,66314.75,0.2462,0.088144,0.0856,1791.4,2.628e-05,0.2719,0.1087,2.957567e-06,0.0541,5.03e-06,74.0969,0.8276,0.3749,3.008,0.1676,0.601,1.23174,73.961,0.1778,0.0864,6.852,4.769e-06,66280.2,0.247,0.08785,0.0857,1791.95,2.63e-05,0.2742,0.1087,2.949e-06,0.05436,5.037e-06,74.1,0.792,0.3759,3.0092,0.1678,0.6009,1.2327,73.97,0.1778,0.08644,6.852,4.772e-06,66292.25,0.247,0.08787,0.08565,1791.9,2.624e-05,0.2736,0.10864,2.949e-06,0.05436,5.04e-06,74.15,0.7923,0.3768,3.006,0.1678,0.6014,1.233,73.96,0.1778,0.08641,6.852,4.769e-06,66295.2,0.247,0.08785,0.08579,1791.88,2.628e-05,0.2735,0.10873,2.948e-06,0.05434,5.039e-06,74.13,0.7921,0.3766,3.01,0.1677,0.6014,1.2327
2026-06-16 01:16:00,73.89,0.1779,0.0864,6.853,4.77e-06,66279.99,0.2468,0.08787,0.0856,1791.59,2.625e-05,0.2739,0.1087,2.95e-06,0.05431,5.03e-06,74.12,0.7921,0.3764,3.008,0.1677,0.6026,1.2326,73.83,0.1778,0.0863,6.849,4.772e-06,66280.0,0.2461,0.08786,0.0856,1791.59,2.625e-05,0.2744,0.1088,2.946e-06,0.05428,5.033e-06,74.12,0.7923,0.376,3.003,0.1677,0.6028,1.2325,73.9,0.1777,0.08628,6.852,4.768e-06,66282.9,0.2468,0.08786,0.08559,1791.55,2.637e-05,0.2736,0.1087,2.946e-06,0.05433,5.036e-06,74.12,0.7921,0.3764,3.006,0.1677,0.6025,1.2326,73.85,0.1777,0.0863,6.85,4.77e-06,66239.94,0.2469,0.08782,0.0856,1790.5,2.63e-05,0.274,0.109,2.95e-06,0.05434,5.04e-06,74.08,0.7919,0.3762,3.006,0.168,0.602,1.2319,73.977,0.17782,0.0865,6.849,4.801e-06,66276.24,0.2477,0.087872,0.08521,1791.49,2.698e-05,0.2715,0.1086,2.948e-06,0.05442,5.045e-06,74.08,0.79186,0.3775,3.0214,0.1677,0.6037,1.232,74.048,0.177864,0.0861,6.847,4.7551e-06,66310.37,0.2457,0.088235,0.08559,1791.56,2.627e-05,0.272,0.1087,2.957567e-06,0.0541,5.03e-06,74.0969,0.8276,0.3746,3.0033,0.1676,0.602,1.23159,73.869,0.1778,0.0863,6.849,4.77e-06,66278.2,0.2466,0.08782,0.0856,1791.6,2.63e-05,0.2742,0.1087,2.946e-06,0.0543,5.034e-06,74.09,0.7916,0.3762,3.0082,0.1677,0.6022,1.23243,73.86,0.1777,0.08647,6.848,4.771e-06,66280.11,0.2467,0.08787,0.0856,1791.64,2.623e-05,0.274,0.10874,2.948e-06,0.05436,5.039e-06,74.12,0.7925,0.3764,3.005,0.1677,0.6019,1.2329,73.86,0.1778,0.08629,6.848,4.768e-06,66281.7,0.2468,0.08787,0.08557,1791.63,2.627e-05,0.2736,0.10869,2.946e-06,0.05429,5.036e-06,74.13,0.7922,0.3763,3.006,0.1676,0.6025,1.2326
2026-06-16 01:21:00,74.12,0.1778,0.0866,6.861,4.78e-06,66327.99,0.2482,0.08799,0.0861,1793.52,2.632e-05,0.2748,0.109,2.96e-06,0.0544,5.04e-06,74.21,0.793,0.3785,3.019,0.1684,0.5979,1.233,73.95,0.1778,0.0863,6.862,4.785e-06,66329.53,0.2481,0.08796,0.08605,1793.49,2.625e-05,0.2747,0.1091,2.955e-06,0.05443,5.045e-06,74.2,0.793,0.378,3.016,0.1681,0.5969,1.2329,74.12,0.1779,0.08657,6.86,4.777e-06,66330.7,0.2483,0.08797,0.08609,1793.46,2.637e-05,0.2747,0.1091,2.954e-06,0.05437,5.045e-06,74.21,0.7931,0.3783,3.018,0.1683,0.5962,1.233,74.07,0.1777,0.0865,6.85,4.78e-06,66288.83,0.2479,0.08791,0.0861,1792.33,2.63e-05,0.274,0.109,2.95e-06,0.05442,5.04e-06,74.16,0.7925,0.3782,3.016,0.168,0.5972,1.2323,73.957,0.17786,0.0865,6.864,4.801e-06,66323.61,0.2477,0.088014,0.08586,1793.49,2.698e-05,0.2715,0.1086,2.95e-06,0.05442,5.045e-06,74.21,0.79259,0.3775,3.01,0.1677,0.5971,1.2329,74.048,0.17794,0.0862,6.8633,4.7774e-06,66359.08,0.2474,0.088292,0.08598,1793.48,2.638e-05,0.2727,0.1091,2.957567e-06,0.0541,5.02e-06,74.1352,0.8276,0.3767,3.0158,0.1681,0.597,1.2303,74.141,0.1779,0.0865,6.86,4.781e-06,66327.0,0.2484,0.08796,0.0861,1793.58,2.63e-05,0.2742,0.1091,2.954e-06,0.05441,5.045e-06,74.25,0.7922,0.3783,3.0191,0.1683,0.5971,1.23346,74.12,0.1779,0.08655,6.86,4.779e-06,66323.64,0.2482,0.08798,0.08612,1793.43,2.634e-05,0.2748,0.10911,2.956e-06,0.0544,5.048e-06,74.21,0.7931,0.3786,3.015,0.1683,0.5976,1.2331,74.13,0.1778,0.08656,6.859,4.78e-06,66333.2,0.2481,0.08798,0.08606,1793.58,2.631e-05,0.2747,0.10908,2.954e-06,0.0544,5.047e-06,74.21,0.7928,0.3784,3.02,0.1683,0.5977,1.233
2026-06-16 01:22:00,74.05,0.1778,0.0865,6.86,4.77e-06,66327.99,0.2482,0.08799,0.0861,1793.75,2.63e-05,0.2746,0.109,2.96e-06,0.05435,5.04e-06,74.22,0.7929,0.3777,3.011,0.1683,0.5977,1.2325,73.95,0.1778,0.0865,6.86,4.785e-06,66334.89,0.2482,0.088,0.08607,1793.7,2.63e-05,0.2747,0.1091,2.953e-06,0.05443,5.043e-06,74.21,0.7929,0.3777,3.009,0.1681,0.5974,1.2325,74.04,0.1779,0.08657,6.86,4.778e-06,66330.3,0.248,0.08798,0.08602,1793.68,2.637e-05,0.2744,0.109,2.954e-06,0.05437,5.045e-06,74.22,0.7927,0.3777,3.01,0.1682,0.5975,1.2325,73.96,0.1777,0.0865,6.85,4.77e-06,66279.54,0.2475,0.08793,0.086,1792.63,2.63e-05,0.274,0.109,2.95e-06,0.05442,5.04e-06,74.17,0.7925,0.3775,3.009,0.168,0.5974,1.2316,73.957,0.17782,0.0865,6.864,4.801e-06,66330.32,0.2477,0.088012,0.08586,1793.86,2.698e-05,0.2715,0.1086,2.95e-06,0.05442,5.045e-06,74.23,0.79259,0.3775,3.01,0.1677,0.5971,1.2326,74.048,0.177924,0.0862,6.859,4.7774e-06,66359.08,0.2471,0.088144,0.08598,1793.91,2.638e-05,0.2725,0.109,2.957567e-06,0.0541,5.02e-06,74.1352,0.8276,0.3759,3.0078,0.1681,0.597,1.23161,74.019,0.1779,0.0865,6.86,4.78e-06,66327.0,0.2481,0.08796,0.086,1793.8,2.63e-05,0.2742,0.109,2.954e-06,0.05434,5.044e-06,74.21,0.7922,0.3772,3.0112,0.1682,0.5968,1.23205,74.06,0.1778,0.08654,6.859,4.779e-06,66328.4,0.2482,0.08798,0.08609,1793.88,2.63e-05,0.2744,0.10901,2.952e-06,0.05433,5.045e-06,74.23,0.7926,0.3778,3.011,0.1681,0.5978,1.2325,74.05,0.1779,0.08656,6.859,4.778e-06,66333.3,0.248,0.08799,0.08607,1793.87,2.631e-05,0.2747,0.10899,2.952e-06,0.05433,5.045e-06,74.22,0.7929,0.3777,3.01,0.1681,0.5976,1.2325
2026-06-16 01:23:00,74.0,0.1781,0.0865,6.863,4.78e-06,66351.99,0.2474,0.08802,0.086,1794.51,2.631e-05,0.2747,0.109,2.95e-06,0.05436,5.04e-06,74.24,0.7928,0.3779,2.979,0.1682,0.5976,1.2326,74.01,0.1779,0.0865,6.862,4.785e-06,66352.16,0.2476,0.08803,0.08599,1794.47,2.63e-05,0.2747,0.109,2.954e-06,0.05437,5.044e-06,74.24,0.7927,0.3777,2.978,0.1682,0.5975,1.2326,74.03,0.178,0.08657,6.862,4.78e-06,66353.8,0.2478,0.08802,0.08591,1794.36,2.637e-05,0.2746,0.1091,2.954e-06,0.05437,5.045e-06,74.24,0.7926,0.3779,2.978,0.1682,0.5971,1.2326,73.96,0.1778,0.0865,6.85,4.77e-06,66306.69,0.2475,0.08796,0.0859,1793.23,2.63e-05,0.274,0.109,2.95e-06,0.05442,5.04e-06,74.2,0.7922,0.3779,2.978,0.168,0.5968,1.232,73.957,0.17795,0.0865,6.864,4.801e-06,66355.18,0.2477,0.088024,0.08586,1794.55,2.698e-05,0.2715,0.1086,2.95e-06,0.05442,5.045e-06,74.24,0.79259,0.3775,3.01,0.1677,0.5971,1.2328,74.048,0.177924,0.0862,6.8579,4.7774e-06,66363.98,0.2465,0.08826,0.08588,1793.91,2.638e-05,0.2728,0.109,2.957567e-06,0.0541,5.02e-06,74.1352,0.8276,0.3761,2.9863,0.168,0.596,1.23161,73.989,0.1779,0.0865,6.859,4.779e-06,66347.5,0.2476,0.08802,0.0859,1794.4,2.63e-05,0.2742,0.109,2.954e-06,0.05435,5.044e-06,74.23,0.7924,0.3776,2.9791,0.1682,0.5972,1.23234,74.0,0.1779,0.08655,6.864,4.779e-06,66349.33,0.2474,0.08802,0.08592,1794.42,2.63e-05,0.2744,0.10901,2.952e-06,0.05435,5.047e-06,74.23,0.7927,0.3779,2.98,0.1682,0.5963,1.2325,74.01,0.1779,0.08656,6.858,4.778e-06,66358.0,0.2474,0.08803,0.08593,1794.45,2.631e-05,0.2744,0.10905,2.955e-06,0.05434,5.045e-06,74.24,0.7926,0.3778,2.978,0.1682,0.5976,1.2327
2026-06-16 01:25:00,73.82,0.1778,0.0864,6.858,4.77e-06,66349.99,0.2456,0.08799,0.0859,1794.45,2.63e-05,0.2742,0.1089,2.96e-06,0.05427,5.05e-06,74.21,0.7925,0.3762,2.942,0.1681,0.5989,1.2321,73.82,0.1778,0.0865,6.857,4.785e-06,66351.63,0.2458,0.08799,0.08585,1794.45,2.63e-05,0.2747,0.1089,2.953e-06,0.0543,5.042e-06,74.2,0.7928,0.3781,2.939,0.1682,0.5985,1.2321,73.83,0.1778,0.08638,6.855,4.777e-06,66353.5,0.2459,0.08799,0.08588,1794.42,2.637e-05,0.2742,0.1089,2.953e-06,0.05437,5.044e-06,74.2,0.7924,0.3762,2.94,0.1681,0.5981,1.2321,73.8,0.1776,0.0864,6.85,4.77e-06,66310.49,0.245,0.08793,0.0858,1793.34,2.63e-05,0.274,0.109,2.95e-06,0.05442,5.04e-06,74.15,0.792,0.3757,2.937,0.168,0.5984,1.2315,73.957,0.1778,0.0865,6.864,4.801e-06,66352.84,0.2477,0.087988,0.08586,1794.36,2.698e-05,0.2715,0.1086,2.95e-06,0.05442,5.045e-06,74.19,0.79259,0.3775,2.961,0.1677,0.5983,1.2321,74.048,0.177871,0.0861,6.8579,4.7676e-06,66366.68,0.2447,0.088144,0.08578,1794.32,2.638e-05,0.2721,0.1089,2.957567e-06,0.054,5.02e-06,74.1352,0.8276,0.3744,2.9483,0.168,0.598,1.23073,73.816,0.1778,0.0864,6.859,4.779e-06,66347.7,0.2461,0.08797,0.0859,1794.39,2.63e-05,0.2742,0.1089,2.952e-06,0.05428,5.045e-06,74.2,0.792,0.3761,2.941,0.1681,0.5988,1.23166,73.8,0.1778,0.0864,6.855,4.779e-06,66349.26,0.2455,0.08798,0.0858,1794.37,2.631e-05,0.2743,0.10891,2.954e-06,0.05427,5.046e-06,74.2,0.7926,0.376,2.946,0.168,0.5992,1.2321,73.81,0.1778,0.08646,6.857,4.776e-06,66354.0,0.2457,0.08799,0.08587,1794.46,2.631e-05,0.2741,0.10882,2.952e-06,0.05427,5.046e-06,74.21,0.7925,0.3762,2.94,0.1681,0.5991,1.232
2026-06-16 01:26:00,73.8,0.1778,0.0864,6.861,4.78e-06,66349.98,0.2453,0.08798,0.0859,1794.89,2.634e-05,0.2742,0.1088,2.96e-06,0.05432,5.04e-06,74.22,0.7931,0.377,2.941,0.1681,0.5982,1.2327,73.8,0.1778,0.0865,6.86,4.785e-06,66351.82,0.2452,0.08798,0.08592,1794.89,2.63e-05,0.2747,0.1089,2.953e-06,0.05432,5.04e-06,74.21,0.7932,0.3762,2.938,0.1682,0.5983,1.2327,73.81,0.1778,0.08637,6.853,4.78e-06,66353.4,0.2454,0.08798,0.08594,1794.72,2.637e-05,0.2741,0.1089,2.952e-06,0.05429,5.04e-06,74.22,0.793,0.3769,2.94,0.1681,0.5989,1.2327,73.8,0.1777,0.0864,6.85,4.77e-06,66311.49,0.2445,0.08791,0.0859,1793.58,2.63e-05,0.274,0.109,2.95e-06,0.05428,5.04e-06,74.16,0.7925,0.3767,2.939,0.168,0.5981,1.232,73.957,0.1778,0.0865,6.864,4.801e-06,66356.38,0.2477,0.087964,0.08586,1794.89,2.698e-05,0.2715,0.1086,2.95e-06,0.05442,5.045e-06,74.21,0.79259,0.3775,2.9257,0.1677,0.5989,1.2324,74.048,0.177889,0.0861,6.8564,4.7676e-06,66370.84,0.2448,0.088409,0.08578,1794.51,2.638e-05,0.2722,0.1088,2.957567e-06,0.054,5.02e-06,74.1352,0.8276,0.3752,2.9482,0.168,0.599,1.23073,73.783,0.1778,0.0864,6.857,4.779e-06,66341.3,0.2452,0.08796,0.0859,1794.5,2.633e-05,0.2742,0.1089,2.952e-06,0.05431,5.041e-06,74.19,0.7928,0.3761,2.9412,0.1681,0.5983,1.23258,73.82,0.1778,0.08644,6.857,4.775e-06,66350.0,0.2454,0.08796,0.0859,1794.89,2.635e-05,0.2741,0.10886,2.95e-06,0.05429,5.043e-06,74.21,0.7925,0.377,2.927,0.1681,0.5988,1.2328,73.8,0.1778,0.08648,6.859,4.775e-06,66358.6,0.2455,0.08797,0.08595,1794.8,2.631e-05,0.2741,0.10885,2.95e-06,0.05429,5.04e-06,74.21,0.7929,0.3761,2.941,0.168,0.5984,1.2327
2026-06-16 01:27:00,73.86,0.1779,0.0864,6.862,4.78e-06,66382.29,0.245,0.08803,0.0858,1795.95,2.634e-05,0.2742,0.1088,2.96e-06,0.0543,5.04e-06,74.27,0.7932,0.3763,2.941,0.1682,0.5992,1.233,73.8,0.1779,0.0865,6.861,4.785e-06,66383.13,0.2452,0.08803,0.08592,1795.85,2.633e-05,0.2747,0.1089,2.953e-06,0.05429,5.04e-06,74.25,0.7932,0.3761,2.944,0.1682,0.5991,1.2331,73.87,0.1778,0.08637,6.86,4.78e-06,66381.4,0.2454,0.08804,0.08583,1795.76,2.637e-05,0.2741,0.1089,2.952e-06,0.05429,5.04e-06,74.26,0.7933,0.3762,2.941,0.1681,0.5989,1.233,73.81,0.1777,0.0864,6.85,4.77e-06,66333.06,0.2445,0.08794,0.0857,1794.57,2.63e-05,0.274,0.109,2.95e-06,0.05428,5.04e-06,74.21,0.7925,0.3756,2.94,0.168,0.5994,1.2324,73.957,0.17785,0.0865,6.864,4.801e-06,66374.39,0.2477,0.088051,0.08586,1795.75,2.698e-05,0.2715,0.1086,2.95e-06,0.05442,5.045e-06,74.27,0.79259,0.3775,2.9257,0.1677,0.5987,1.233,74.048,0.177889,0.0861,6.8595,4.7676e-06,66390.97,0.2441,0.088409,0.08578,1795.61,2.64e-05,0.272,0.1088,2.957567e-06,0.054,5.02e-06,74.1352,0.8276,0.3745,2.9412,0.1679,0.598,1.23073,73.854,0.1778,0.0865,6.861,4.78e-06,66381.1,0.2452,0.08799,0.0859,1795.81,2.633e-05,0.2742,0.1089,2.952e-06,0.05431,5.042e-06,74.26,0.7932,0.3761,2.9427,0.1681,0.5983,1.23307,73.8,0.1779,0.08645,6.86,4.781e-06,66378.5,0.245,0.08803,0.0859,1795.89,2.634e-05,0.2741,0.10887,2.95e-06,0.05429,5.044e-06,74.25,0.7931,0.3763,2.936,0.168,0.5988,1.233,73.81,0.1779,0.08643,6.861,4.78e-06,66386.3,0.2449,0.08804,0.08583,1795.79,2.636e-05,0.2741,0.10882,2.954e-06,0.0543,5.04e-06,74.27,0.7931,0.3761,2.942,0.1681,0.5991,1.233
2026-06-16 01:28:00,73.86,0.178,0.0864,6.859,4.78e-06,66376.0,0.2452,0.08798,0.0858,1796.24,2.636e-05,0.2742,0.1089,2.96e-06,0.05432,5.05e-06,74.26,0.7931,0.3763,2.943,0.1681,0.5988,1.2326,73.8,0.1778,0.0863,6.857,4.785e-06,66380.78,0.2451,0.08799,0.08592,1796.29,2.633e-05,0.2742,0.1089,2.953e-06,0.0543,5.04e-06,74.25,0.7931,0.3761,2.937,0.1682,0.5986,1.2327,73.86,0.1778,0.08643,6.857,4.782e-06,66386.4,0.2454,0.08799,0.08573,1796.14,2.637e-05,0.2741,0.1089,2.952e-06,0.05429,5.041e-06,74.25,0.7929,0.3763,2.941,0.168,0.5987,1.2326,73.81,0.1777,0.0864,6.85,4.77e-06,66342.4,0.2444,0.08793,0.0857,1795.0,2.63e-05,0.274,0.109,2.95e-06,0.05428,5.04e-06,74.2,0.7926,0.3758,2.941,0.168,0.5984,1.232,73.957,0.17789,0.0865,6.858,4.801e-06,66382.9,0.2477,0.087977,0.08586,1796.2,2.698e-05,0.2715,0.1086,2.95e-06,0.05442,5.045e-06,74.23,0.79259,0.3775,2.9437,0.1677,0.5987,1.2328,74.048,0.177961,0.0861,6.8595,4.7676e-06,66402.49,0.2444,0.088409,0.08567,1795.71,2.64e-05,0.2721,0.1088,2.957567e-06,0.0542,5.05e-06,74.1242,0.8275,0.3742,2.9422,0.1679,0.598,1.23073,73.845,0.1778,0.0865,6.86,4.778e-06,66372.5,0.2452,0.08799,0.0858,1796.29,2.634e-05,0.2742,0.1089,2.953e-06,0.05429,5.041e-06,74.22,0.7929,0.3762,2.9441,0.1681,0.5986,1.23261,73.83,0.1779,0.08644,6.858,4.783e-06,66378.37,0.2453,0.08797,0.08578,1795.93,2.634e-05,0.274,0.1088,2.953e-06,0.05427,5.045e-06,74.26,0.793,0.3762,2.938,0.1681,0.5994,1.2328,73.81,0.1778,0.08644,6.857,4.778e-06,66388.0,0.2454,0.08799,0.08573,1796.36,2.636e-05,0.274,0.10897,2.953e-06,0.05429,5.04e-06,74.26,0.7929,0.3761,2.942,0.1681,0.5987,1.2326
2026-06-16 01:29:00,73.82,0.1778,0.0865,6.857,4.78e-06,66376.66,0.2447,0.08797,0.0857,1795.81,2.632e-05,0.274,0.1088,2.95e-06,0.05429,5.04e-06,74.21,0.7927,0.3752,2.94,0.1681,0.5964,1.2322,73.8,0.1779,0.0863,6.856,4.785e-06,66374.0,0.2451,0.08796,0.0856,1795.73,2.633e-05,0.2742,0.1089,2.952e-06,0.05429,5.04e-06,74.22,0.7927,0.3746,2.937,0.1682,0.5963,1.2323,73.85,0.1778,0.08643,6.857,4.777e-06,66373.3,0.2448,0.08797,0.08561,1795.72,2.635e-05,0.2739,0.1089,2.952e-06,0.0543,5.042e-06,74.22,0.7928,0.3748,2.939,0.168,0.5962,1.2324,73.76,0.1778,0.0864,6.85,4.77e-06,66333.14,0.2444,0.08791,0.0855,1794.69,2.63e-05,0.274,0.109,2.95e-06,0.05428,5.04e-06,74.16,0.7923,0.3748,2.936,0.168,0.5966,1.2317,73.957,0.17789,0.0865,6.858,4.801e-06,66378.5,0.2477,0.087956,0.08586,1795.71,2.698e-05,0.2715,0.1086,2.95e-06,0.05442,5.045e-06,74.23,0.79259,0.3775,2.9437,0.1677,0.5987,1.2324,74.048,0.177904,0.0861,6.8555,4.7676e-06,66402.49,0.2439,0.088409,0.08567,1796.34,2.639e-05,0.2719,0.1088,2.957567e-06,0.054,5.04e-06,74.1242,0.8276,0.3735,2.9392,0.1679,0.596,1.23073,73.798,0.1778,0.0865,6.857,4.778e-06,66376.8,0.2452,0.08797,0.0856,1795.68,2.634e-05,0.2742,0.1089,2.953e-06,0.05429,5.041e-06,74.22,0.7929,0.3763,2.9388,0.168,0.5963,1.2323,73.84,0.1778,0.08646,6.859,4.78e-06,66376.8,0.2448,0.08797,0.0856,1795.84,2.632e-05,0.2741,0.10893,2.953e-06,0.05429,5.039e-06,74.23,0.7928,0.3753,2.939,0.1679,0.5977,1.2323,73.84,0.1778,0.08646,6.856,4.778e-06,66375.1,0.2448,0.08796,0.08561,1795.97,2.636e-05,0.2739,0.10884,2.953e-06,0.05427,5.042e-06,74.22,0.7926,0.3752,2.94,0.168,0.5964,1.2324
2026-06-16 01:44:00,73.79,0.1779,0.0865,6.855,4.77e-06,66359.22,0.2442,0.08804,0.0855,1795.7,2.63e-05,0.274,0.1089,2.96e-06,0.05422,5.05e-06,74.14,0.7934,0.3747,2.964,0.168,0.5977,1.2312,73.85,0.1778,0.0864,6.855,4.779e-06,66365.86,0.2438,0.08804,0.08548,1795.81,2.631e-05,0.2741,0.109,2.954e-06,0.05425,5.043e-06,74.15,0.7934,0.3745,2.963,0.1679,0.5978,1.2313,73.79,0.1778,0.08642,6.854,4.772e-06,66366.5,0.2441,0.08804,0.08553,1795.53,2.635e-05,0.2739,0.1089,2.955e-06,0.05425,5.042e-06,74.15,0.7932,0.3746,2.963,0.168,0.5979,1.2312,73.69,0.1778,0.0864,6.85,4.77e-06,66316.43,0.2442,0.08798,0.0855,1794.41,2.63e-05,0.274,0.109,2.96e-06,0.05421,5.04e-06,74.1,0.793,0.3745,2.963,0.168,0.5972,1.2305,73.807,0.17784,0.0865,6.853,4.801e-06,66366.16,0.2431,0.088037,0.08586,1795.65,2.698e-05,0.2715,0.1089,2.95e-06,0.05442,5.045e-06,74.15,0.79259,0.3775,2.9587,0.1677,0.5991,1.2313,74.048,0.177852,0.0861,6.8546,4.7676e-06,66410.92,0.2433,0.088122,0.08548,1795.89,2.638e-05,0.2719,0.1089,2.944444e-06,0.054,5.03e-06,74.1169,0.8256,0.3729,2.961,0.1678,0.597,1.23053,73.754,0.1777,0.0864,6.852,4.773e-06,66368.1,0.2443,0.08808,0.0855,1795.63,2.631e-05,0.274,0.1089,2.954e-06,0.05427,5.043e-06,74.14,0.7934,0.375,2.963,0.168,0.5983,1.23142,73.79,0.1779,0.08647,6.854,4.773e-06,66361.07,0.2442,0.08805,0.0855,1795.71,2.63e-05,0.2741,0.10889,2.954e-06,0.05422,5.046e-06,74.15,0.7935,0.3747,2.96,0.168,0.5985,1.2314,73.78,0.1779,0.08643,6.855,4.774e-06,66363.6,0.2442,0.08803,0.08556,1795.55,2.635e-05,0.274,0.10888,2.953e-06,0.05421,5.045e-06,74.14,0.7933,0.3746,2.963,0.1679,0.5977,1.2313
2026-06-16 01:45:00,73.76,0.1777,0.0864,6.854,4.77e-06,66368.0,0.245,0.08805,0.0855,1795.73,2.63e-05,0.274,0.1089,2.96e-06,0.05426,5.05e-06,74.14,0.7936,0.3746,2.957,0.168,0.5955,1.2313,73.78,0.1778,0.0864,6.855,4.779e-06,66369.65,0.2449,0.08805,0.0855,1795.67,2.631e-05,0.2741,0.1089,2.953e-06,0.05428,5.043e-06,74.16,0.7934,0.3745,2.956,0.168,0.5954,1.2313,73.79,0.1779,0.08641,6.853,4.77e-06,66373.1,0.2448,0.08804,0.08547,1795.6,2.635e-05,0.2739,0.1089,2.954e-06,0.05425,5.042e-06,74.14,0.7935,0.3747,2.956,0.168,0.5956,1.2312,73.69,0.1777,0.0864,6.85,4.77e-06,66327.18,0.2446,0.08798,0.0854,1794.55,2.63e-05,0.274,0.109,2.96e-06,0.05421,5.04e-06,74.1,0.7932,0.3744,2.956,0.168,0.5953,1.2307,73.807,0.17778,0.0865,6.853,4.801e-06,66373.73,0.2431,0.088057,0.08586,1795.62,2.698e-05,0.2715,0.1089,2.95e-06,0.05442,5.045e-06,74.14,0.79259,0.3775,2.9587,0.1677,0.5958,1.2314,74.048,0.177852,0.0861,6.854,4.7676e-06,66412.69,0.2446,0.088101,0.08548,1795.63,2.638e-05,0.272,0.1089,2.944444e-06,0.054,5.03e-06,74.1169,0.8265,0.3728,2.9525,0.1679,0.595,1.23053,73.748,0.1778,0.0864,6.854,4.77e-06,66371.3,0.2444,0.08808,0.0855,1795.62,2.631e-05,0.274,0.1089,2.954e-06,0.05427,5.044e-06,74.15,0.7934,0.375,2.9563,0.168,0.5957,1.23142,73.77,0.1777,0.08645,6.855,4.773e-06,66369.85,0.245,0.08804,0.08543,1795.73,2.63e-05,0.2741,0.10896,2.955e-06,0.05426,5.045e-06,74.15,0.7935,0.3745,2.963,0.168,0.5957,1.2315,73.78,0.1778,0.08643,6.854,4.772e-06,66373.5,0.245,0.08805,0.08548,1795.64,2.635e-05,0.2739,0.10886,2.953e-06,0.05424,5.045e-06,74.15,0.7934,0.3746,2.958,0.168,0.5955,1.2313
2026-06-16 01:46:00,73.72,0.1778,0.0864,6.852,4.78e-06,66369.99,0.2447,0.08805,0.0855,1796.0,2.63e-05,0.2739,0.1088,2.96e-06,0.05426,5.05e-06,74.15,0.7934,0.3742,2.965,0.1679,0.5966,1.2314,73.72,0.1778,0.0863,6.853,4.779e-06,66376.54,0.2447,0.08805,0.08541,1796.13,2.631e-05,0.2739,0.1089,2.953e-06,0.05427,5.043e-06,74.15,0.7935,0.3745,2.96,0.1679,0.5965,1.2316,73.73,0.1778,0.08639,6.852,4.775e-06,66376.4,0.2447,0.08804,0.08544,1795.97,2.635e-05,0.2739,0.1088,2.954e-06,0.05425,5.043e-06,74.16,0.7934,0.3741,2.964,0.1679,0.5967,1.2315,73.67,0.1777,0.0864,6.85,4.77e-06,66331.98,0.2446,0.08797,0.0854,1795.0,2.63e-05,0.274,0.109,2.95e-06,0.05421,5.04e-06,74.1,0.793,0.3738,2.963,0.168,0.5962,1.2309,73.807,0.17783,0.0865,6.853,4.801e-06,66368.44,0.2431,0.088049,0.08586,1796.06,2.698e-05,0.2715,0.1089,2.95e-06,0.05442,5.045e-06,74.15,0.79259,0.3775,2.9587,0.1677,0.5947,1.2316,74.048,0.17775,0.0861,6.854,4.7676e-06,66412.69,0.2447,0.088101,0.08548,1795.63,2.638e-05,0.2718,0.1088,2.944444e-06,0.054,5.04e-06,74.1169,0.8256,0.3724,2.9608,0.1678,0.596,1.23053,73.713,0.1778,0.0864,6.854,4.771e-06,66371.2,0.2447,0.08804,0.0855,1795.75,2.631e-05,0.274,0.1089,2.952e-06,0.05427,5.043e-06,74.14,0.7933,0.375,2.9647,0.1679,0.5951,1.23167,73.7,0.1779,0.08635,6.852,4.772e-06,66374.21,0.2447,0.08805,0.08541,1796.11,2.63e-05,0.2739,0.1088,2.954e-06,0.05421,5.045e-06,74.15,0.7933,0.3742,2.961,0.1678,0.5953,1.2318,73.74,0.1777,0.08636,6.853,4.772e-06,66379.2,0.2446,0.08806,0.08543,1796.04,2.635e-05,0.2739,0.10886,2.953e-06,0.05424,5.043e-06,74.15,0.7933,0.3741,2.963,0.168,0.5957,1.2315
2026-06-16 02:03:00,73.33,0.1772,0.0861,6.834,4.76e-06,66353.54,0.2457,0.08789,0.085,1793.33,2.624e-05,0.2733,0.1085,2.95e-06,0.05401,5.02e-06,73.77,0.791,0.3738,2.913,0.1673,0.5969,1.2267,73.3,0.1772,0.086,6.834,4.753e-06,66353.84,0.2449,0.08789,0.08489,1793.45,2.618e-05,0.2733,0.1084,2.943e-06,0.05402,5.014e-06,73.76,0.7911,0.372,2.91,0.1669,0.5966,1.2266,73.35,0.1773,0.08608,6.834,4.759e-06,66356.0,0.2457,0.08789,0.08495,1793.1,2.618e-05,0.2732,0.1085,2.944e-06,0.05402,5.016e-06,73.76,0.7909,0.3736,2.912,0.1672,0.5967,1.2271,73.28,0.1773,0.086,6.83,4.76e-06,66311.56,0.2458,0.08782,0.0849,1792.15,2.62e-05,0.273,0.109,2.94e-06,0.05395,5.01e-06,73.71,0.7906,0.3739,2.911,0.168,0.5961,1.2259,73.247,0.17729,0.0865,6.829,4.801e-06,66352.77,0.2429,0.087884,0.08586,1793.29,2.698e-05,0.2715,0.1089,2.94e-06,0.05399,5.045e-06,73.78,0.78886,0.3775,2.9053,0.1677,0.597,1.2268,73.4043,0.177298,0.0858,6.8334,4.755e-06,66380.11,0.2445,0.088101,0.08494,1792.64,2.638e-05,0.2715,0.1085,2.937118e-06,0.0538,5.02e-06,73.7274,0.8269,0.3721,2.91,0.1671,0.596,1.22502,73.316,0.1772,0.0861,6.833,4.759e-06,66350.6,0.2458,0.08785,0.0849,1793.38,2.624e-05,0.2729,0.1086,2.944e-06,0.05401,5.016e-06,73.78,0.7906,0.3734,2.9126,0.1673,0.5972,1.22664,73.32,0.1772,0.08611,6.834,4.754e-06,66354.03,0.2455,0.08789,0.08499,1793.37,2.623e-05,0.2733,0.10853,2.945e-06,0.05407,5.017e-06,73.77,0.791,0.3738,2.904,0.1671,0.5965,1.2266,73.31,0.1773,0.0861,6.834,4.76e-06,66362.5,0.2457,0.0879,0.08493,1793.29,2.619e-05,0.2733,0.10854,2.942e-06,0.05401,5.017e-06,73.76,0.7909,0.3735,2.912,0.1672,0.5968,1.227
2026-06-16 02:04:00,73.32,0.1773,0.0861,6.836,4.76e-06,66328.02,0.2461,0.08789,0.085,1793.12,2.625e-05,0.2735,0.1086,2.95e-06,0.05403,5.02e-06,73.76,0.791,0.3742,2.912,0.1673,0.5943,1.2271,73.37,0.1774,0.086,6.833,4.753e-06,66333.0,0.246,0.08788,0.0849,1793.17,2.625e-05,0.2733,0.1084,2.943e-06,0.05406,5.018e-06,73.76,0.791,0.372,2.915,0.1673,0.5944,1.2271,73.35,0.1774,0.08607,6.835,4.761e-06,66336.6,0.2461,0.08788,0.08492,1793.08,2.627e-05,0.2733,0.1086,2.945e-06,0.05405,5.018e-06,73.77,0.7908,0.3742,2.912,0.1673,0.5942,1.2272,73.25,0.1772,0.0861,6.83,4.76e-06,66285.98,0.2458,0.08781,0.0849,1792.0,2.62e-05,0.273,0.109,2.94e-06,0.05399,5.01e-06,73.73,0.7906,0.3741,2.91,0.168,0.5938,1.2264,73.247,0.17731,0.0865,6.829,4.801e-06,66334.92,0.2429,0.087885,0.08586,1793.14,2.698e-05,0.2715,0.1089,2.94e-06,0.05399,5.045e-06,73.76,0.78886,0.3775,2.9053,0.1677,0.5945,1.2272,73.4043,0.177401,0.0858,6.8332,4.755e-06,66379.6,0.2465,0.088101,0.08493,1793.21,2.641e-05,0.2716,0.1085,2.937118e-06,0.0538,5.02e-06,73.7274,0.8269,0.3731,2.9131,0.1685,0.594,1.2261,73.335,0.1774,0.0862,6.833,4.76e-06,66325.4,0.2462,0.08786,0.085,1793.17,2.627e-05,0.2733,0.1086,2.943e-06,0.05403,5.018e-06,73.8,0.7908,0.3745,2.9114,0.1674,0.5942,1.22708,73.35,0.1773,0.08621,6.834,4.764e-06,66330.01,0.2461,0.08788,0.08497,1793.25,2.624e-05,0.2734,0.10858,2.944e-06,0.05407,5.017e-06,73.77,0.7912,0.3743,2.913,0.1673,0.5969,1.2271,73.39,0.1773,0.08612,6.833,4.762e-06,66334.1,0.2461,0.08788,0.08494,1793.18,2.619e-05,0.2733,0.10857,2.943e-06,0.05404,5.019e-06,73.77,0.7908,0.3742,2.914,0.1672,0.5943,1.2272
2026-06-16 02:05:00,73.31,0.1773,0.0862,6.836,4.76e-06,66332.3,0.2461,0.08788,0.085,1792.67,2.624e-05,0.2735,0.1086,2.95e-06,0.05402,5.01e-06,73.76,0.7913,0.3743,2.913,0.1673,0.5934,1.2274,73.37,0.1773,0.086,6.836,4.753e-06,66331.63,0.246,0.08788,0.08498,1792.61,2.625e-05,0.2733,0.1084,2.944e-06,0.05402,5.017e-06,73.76,0.7914,0.372,2.911,0.1672,0.5931,1.2274,73.34,0.1773,0.08607,6.836,4.758e-06,66335.0,0.2458,0.08788,0.08502,1792.63,2.626e-05,0.2734,0.1086,2.946e-06,0.05402,5.018e-06,73.76,0.7913,0.3738,2.911,0.1673,0.5928,1.2272,73.26,0.1772,0.0861,6.83,4.76e-06,66288.63,0.2459,0.08779,0.0849,1791.59,2.62e-05,0.273,0.109,2.94e-06,0.05398,5.01e-06,73.73,0.791,0.3739,2.911,0.168,0.593,1.2267,73.247,0.17733,0.0865,6.835,4.801e-06,66331.57,0.2429,0.087872,0.08586,1792.71,2.698e-05,0.2715,0.1084,2.94e-06,0.05399,5.045e-06,73.76,0.78886,0.3775,2.9053,0.1677,0.5931,1.2274,73.4043,0.177391,0.0858,6.834,4.755e-06,66379.6,0.245,0.088101,0.08493,1792.53,2.639e-05,0.2716,0.1085,2.937118e-06,0.0538,5.02e-06,73.7274,0.8284,0.3725,2.909,0.1671,0.592,1.22674,73.322,0.1773,0.0861,6.836,4.76e-06,66331.4,0.2462,0.08789,0.085,1792.44,2.627e-05,0.2733,0.1086,2.943e-06,0.05402,5.016e-06,73.75,0.7913,0.3745,2.9137,0.1674,0.5929,1.22744,73.33,0.1773,0.08615,6.834,4.763e-06,66333.94,0.2461,0.08787,0.08497,1792.8,2.623e-05,0.2734,0.1085,2.943e-06,0.05396,5.017e-06,73.76,0.7909,0.3742,2.91,0.1673,0.5936,1.2274,73.32,0.1773,0.08606,6.835,4.76e-06,66335.5,0.246,0.08788,0.08503,1792.89,2.625e-05,0.2734,0.10855,2.943e-06,0.054,5.019e-06,73.76,0.791,0.3739,2.912,0.1672,0.5934,1.2275
2026-06-16 02:30:00,72.59,0.1758,0.0851,6.758,4.69e-06,65825.94,0.244,0.08701,0.084,1775.25,2.595e-05,0.2688,0.1072,2.92e-06,0.05335,4.98e-06,72.97,0.7794,0.3667,2.823,0.1648,0.5922,1.2173,72.53,0.1758,0.085,6.759,4.693e-06,65829.42,0.2439,0.08702,0.084,1775.17,2.594e-05,0.2688,0.1073,2.911e-06,0.05334,4.977e-06,72.97,0.7794,0.3665,2.821,0.1646,0.5922,1.2173,72.61,0.1759,0.08498,6.759,4.69e-06,65830.7,0.244,0.08702,0.08405,1775.18,2.6e-05,0.2688,0.1071,2.912e-06,0.05334,4.981e-06,72.98,0.7793,0.3667,2.823,0.1648,0.5922,1.2175,72.57,0.1757,0.085,6.77,4.69e-06,65786.22,0.2439,0.08696,0.084,1774.13,2.6e-05,0.268,0.107,2.91e-06,0.05333,4.98e-06,72.94,0.779,0.3663,2.822,0.165,0.5918,1.2164,72.524,0.17586,0.085,6.756,4.801e-06,65823.91,0.2429,0.086994,0.08586,1775.22,2.698e-05,0.2689,0.1084,2.909e-06,0.05371,4.998e-06,72.97,0.77946,0.36708,2.8283,0.1677,0.5948,1.2173,72.5,0.175692,0.0848,6.7566,4.6938e-06,65865.7,0.2425,0.087045,0.084,1775.74,2.613e-05,0.2681,0.1071,2.91e-06,0.0531,4.98e-06,72.9195,0.8261,0.365,2.8289,0.1647,0.592,1.21423,72.577,0.1758,0.0851,6.758,4.694e-06,65819.5,0.2441,0.087,0.084,1775.52,2.592e-05,0.2683,0.1072,2.91e-06,0.05335,4.982e-06,72.89,0.7793,0.3665,2.8238,0.1648,0.5928,1.21738,72.55,0.1758,0.08516,6.756,4.699e-06,65822.05,0.2439,0.087,0.0841,1775.2,2.594e-05,0.2688,0.10709,2.911e-06,0.05338,4.981e-06,72.96,0.7795,0.3666,2.818,0.1647,0.5926,1.2176,72.58,0.1758,0.08504,6.757,4.692e-06,65831.2,0.2439,0.08699,0.08403,1775.33,2.593e-05,0.2689,0.10715,2.911e-06,0.05334,4.983e-06,72.97,0.7793,0.3666,2.822,0.1648,0.5923,1.2173
2026-06-16 02:31:00,72.62,0.176,0.0852,6.766,4.69e-06,65823.99,0.2447,0.08707,0.0842,1775.04,2.6e-05,0.2691,0.1074,2.91e-06,0.05336,4.98e-06,72.98,0.7804,0.3672,2.828,0.1649,0.5951,1.2178,72.55,0.176,0.085,6.765,4.693e-06,65825.0,0.2439,0.08707,0.08411,1775.04,2.594e-05,0.2688,0.1073,2.91e-06,0.05333,4.983e-06,72.99,0.7804,0.3655,2.826,0.1646,0.5952,1.2176,72.63,0.176,0.08521,6.766,4.697e-06,65829.4,0.2445,0.08708,0.08426,1775.02,2.594e-05,0.2691,0.1074,2.916e-06,0.05333,4.983e-06,72.98,0.7804,0.3673,2.827,0.1648,0.5941,1.2176,72.58,0.176,0.0852,6.77,4.69e-06,65783.99,0.2445,0.08699,0.0842,1774.05,2.6e-05,0.269,0.107,2.91e-06,0.05339,4.98e-06,72.94,0.7799,0.3677,2.826,0.165,0.5946,1.217,72.553,0.17604,0.085,6.763,4.801e-06,65819.9,0.2429,0.087072,0.08586,1774.73,2.698e-05,0.2689,0.1084,2.909e-06,0.05371,4.998e-06,72.97,0.78046,0.36708,2.8283,0.1677,0.593,1.2177,72.5,0.176067,0.0848,6.7643,4.6938e-06,65856.43,0.2435,0.087045,0.0842,1774.94,2.611e-05,0.2681,0.1074,2.91e-06,0.0531,4.98e-06,72.9743,0.8261,0.3653,2.8288,0.1648,0.594,1.21642,72.615,0.176,0.0852,6.764,4.694e-06,65814.0,0.2445,0.08706,0.0842,1775.0,2.592e-05,0.2686,0.1074,2.914e-06,0.05337,4.984e-06,72.99,0.7796,0.3668,2.8276,0.1646,0.594,1.21784,72.58,0.1761,0.08516,6.756,4.696e-06,65817.17,0.2445,0.08708,0.08423,1774.98,2.598e-05,0.269,0.10728,2.915e-06,0.0533,4.981e-06,72.97,0.7802,0.3671,2.826,0.1648,0.5925,1.218,72.62,0.1761,0.0852,6.765,4.693e-06,65828.0,0.2444,0.08707,0.08422,1775.15,2.595e-05,0.269,0.10746,2.913e-06,0.05334,4.985e-06,73.0,0.7803,0.367,2.829,0.1648,0.5951,1.2179
2026-06-16 02:32:00,72.65,0.1763,0.0853,6.775,4.7e-06,65905.66,0.2452,0.08716,0.0845,1775.54,2.603e-05,0.2694,0.1075,2.92e-06,0.05342,4.98e-06,73.03,0.7814,0.3679,2.831,0.1652,0.597,1.2197,72.67,0.1763,0.0853,6.776,4.693e-06,65908.42,0.2452,0.08717,0.0844,1775.62,2.6e-05,0.2688,0.1073,2.917e-06,0.05342,4.987e-06,73.04,0.7814,0.3655,2.831,0.1646,0.5968,1.2196,72.67,0.1764,0.0853,6.776,4.701e-06,65911.0,0.2452,0.08717,0.08446,1775.59,2.594e-05,0.2694,0.1075,2.918e-06,0.0534,4.99e-06,73.04,0.7813,0.368,2.83,0.1651,0.5968,1.2196,72.62,0.1761,0.0853,6.77,4.69e-06,65869.14,0.2451,0.0871,0.0844,1774.4,2.6e-05,0.269,0.107,2.91e-06,0.0533,4.98e-06,73.0,0.781,0.3678,2.83,0.165,0.5962,1.2188,72.553,0.17632,0.085,6.772,4.801e-06,65906.5,0.2429,0.087118,0.08586,1775.61,2.698e-05,0.2689,0.1084,2.909e-06,0.05371,4.998e-06,73.03,0.78176,0.36708,2.8283,0.1653,0.597,1.2196,72.5,0.176374,0.0851,6.7746,4.6938e-06,65942.5,0.2442,0.087045,0.08439,1775.63,2.621e-05,0.2682,0.1075,2.91e-06,0.0532,4.99e-06,72.9961,0.8272,0.3661,2.8288,0.1652,0.596,1.21788,72.652,0.1763,0.0853,6.775,4.7e-06,65899.0,0.2445,0.08716,0.0844,1775.46,2.592e-05,0.2686,0.1074,2.918e-06,0.05343,4.988e-06,73.02,0.7811,0.3682,2.8305,0.1651,0.597,1.2194,72.65,0.1763,0.08525,6.775,4.705e-06,65905.12,0.2451,0.08715,0.0844,1775.37,2.603e-05,0.2695,0.10749,2.92e-06,0.05335,4.989e-06,73.04,0.7817,0.3678,2.83,0.1652,0.5977,1.2198,72.69,0.1763,0.08531,6.774,4.699e-06,65912.7,0.2452,0.08715,0.08444,1775.53,2.595e-05,0.2694,0.10753,2.914e-06,0.0534,4.99e-06,73.04,0.7813,0.3681,2.831,0.1653,0.5969,1.2197
2026-06-16 02:33:00,72.65,0.1763,0.0853,6.772,4.7e-06,65892.0,0.2452,0.08712,0.0844,1775.09,2.603e-05,0.2694,0.1075,2.91e-06,0.05341,4.99e-06,73.03,0.7811,0.3673,2.824,0.1652,0.598,1.2187,72.66,0.1763,0.0852,6.772,4.706e-06,65895.0,0.2452,0.08713,0.08436,1774.92,2.6e-05,0.2694,0.1073,2.917e-06,0.05343,4.988e-06,73.04,0.7811,0.367,2.826,0.1652,0.5979,1.2184,72.67,0.1763,0.0853,6.774,4.701e-06,65895.8,0.2451,0.08714,0.08443,1774.92,2.594e-05,0.2695,0.1075,2.917e-06,0.05339,4.986e-06,73.04,0.7811,0.3671,2.823,0.1652,0.5978,1.2187,72.5,0.1762,0.0853,6.76,4.69e-06,65848.16,0.245,0.08707,0.0844,1773.76,2.6e-05,0.269,0.107,2.91e-06,0.0533,4.98e-06,72.99,0.7808,0.367,2.823,0.165,0.5977,1.2179,72.667,0.17629,0.085,6.773,4.801e-06,65893.1,0.2429,0.08713,0.08586,1775.12,2.698e-05,0.2689,0.1084,2.909e-06,0.05371,4.998e-06,73.05,0.78136,0.36708,2.8253,0.1653,0.5977,1.2185,72.5,0.176228,0.085,6.7706,4.6938e-06,65937.66,0.2444,0.087459,0.08438,1775.12,2.62e-05,0.2682,0.1075,2.91e-06,0.0531,4.98e-06,72.9961,0.8261,0.3655,2.8288,0.1651,0.597,1.21849,72.662,0.1763,0.0853,6.772,4.7e-06,65893.1,0.2454,0.08713,0.0844,1775.03,2.604e-05,0.2686,0.1074,2.917e-06,0.05343,4.986e-06,73.04,0.7813,0.3672,2.8239,0.1652,0.5975,1.2188,72.69,0.1762,0.08522,6.773,4.703e-06,65900.19,0.2449,0.08712,0.0844,1775.02,2.603e-05,0.2695,0.10751,2.917e-06,0.05333,4.988e-06,73.04,0.7813,0.3673,2.825,0.1649,0.5979,1.2189,72.67,0.1762,0.08531,6.772,4.701e-06,65891.0,0.2453,0.08712,0.08444,1775.18,2.595e-05,0.2694,0.10749,2.916e-06,0.0534,4.99e-06,73.04,0.781,0.3673,2.824,0.1653,0.5981,1.2188
2026-06-16 02:34:00,72.37,0.1759,0.085,6.755,4.69e-06,65807.33,0.2446,0.08697,0.0841,1771.29,2.596e-05,0.2683,0.1072,2.91e-06,0.05327,4.98e-06,72.92,0.7793,0.3659,2.813,0.1647,0.596,1.2163,72.4,0.1759,0.0852,6.756,4.693e-06,65810.0,0.2447,0.08697,0.0841,1771.32,2.6e-05,0.2684,0.1073,2.91e-06,0.05343,4.98e-06,72.92,0.7792,0.3664,2.811,0.1652,0.5965,1.2165,72.4,0.1759,0.085,6.757,4.684e-06,65811.0,0.2446,0.08699,0.08413,1771.29,2.594e-05,0.2682,0.1071,2.911e-06,0.05327,4.978e-06,72.92,0.7792,0.366,2.812,0.1647,0.596,1.2163,72.32,0.1758,0.0848,6.75,4.69e-06,65764.35,0.2444,0.08692,0.0841,1770.16,2.6e-05,0.269,0.108,2.91e-06,0.0533,4.98e-06,72.88,0.7786,0.3658,2.811,0.165,0.5964,1.2157,72.667,0.1759,0.085,6.755,4.801e-06,65810.06,0.2429,0.086954,0.08586,1771.41,2.698e-05,0.2689,0.1084,2.909e-06,0.05329,4.998e-06,72.93,0.77946,0.36708,2.8253,0.1653,0.5977,1.2164,72.5,0.175817,0.085,6.7556,4.6938e-06,65829.56,0.2435,0.087285,0.08407,1771.18,2.613e-05,0.2682,0.1073,2.91e-06,0.053,4.98e-06,72.9961,0.8261,0.3641,2.8159,0.1646,0.596,1.21658,72.364,0.1759,0.085,6.756,4.682e-06,65802.4,0.2448,0.08698,0.0842,1771.53,2.604e-05,0.2686,0.1074,2.909e-06,0.05324,4.975e-06,72.93,0.7792,0.3664,2.8118,0.1647,0.5967,1.21607,72.34,0.1758,0.08504,6.756,4.686e-06,65806.7,0.2445,0.08697,0.08426,1771.17,2.596e-05,0.2682,0.10724,2.91e-06,0.05325,4.977e-06,72.92,0.7792,0.3661,2.811,0.1646,0.5965,1.2166,72.39,0.1759,0.08498,6.756,4.701e-06,65807.9,0.2447,0.08696,0.08413,1771.42,2.599e-05,0.2682,0.10715,2.908e-06,0.05327,4.975e-06,72.93,0.7792,0.3659,2.817,0.1649,0.5959,1.2163
2026-06-16 02:35:00,72.41,0.1757,0.0851,6.757,4.69e-06,65828.0,0.2446,0.08696,0.0842,1770.64,2.596e-05,0.2688,0.1073,2.91e-06,0.05329,4.97e-06,72.88,0.7795,0.3667,2.814,0.165,0.5957,1.2162,72.41,0.1758,0.0851,6.757,4.693e-06,65828.73,0.2447,0.08696,0.0841,1770.55,2.6e-05,0.2688,0.1072,2.911e-06,0.05326,4.975e-06,72.87,0.7794,0.3654,2.811,0.1652,0.5956,1.2163,72.42,0.1757,0.0851,6.756,4.691e-06,65829.3,0.2446,0.08697,0.0842,1770.81,2.594e-05,0.2684,0.1073,2.91e-06,0.05329,4.973e-06,72.88,0.7795,0.3666,2.814,0.1649,0.5954,1.2164,72.4,0.1756,0.0851,6.76,4.68e-06,65790.63,0.2444,0.08689,0.0842,1769.51,2.6e-05,0.269,0.108,2.91e-06,0.0533,4.98e-06,72.83,0.7791,0.3664,2.812,0.165,0.5958,1.2156,72.397,0.17575,0.0851,6.755,4.801e-06,65820.33,0.2429,0.086967,0.08586,1770.94,2.698e-05,0.2689,0.1084,2.909e-06,0.05329,4.998e-06,72.85,0.77956,0.36708,2.8074,0.1653,0.5962,1.2163,72.5,0.175692,0.0849,6.7546,4.6938e-06,65831.65,0.2437,0.087063,0.08407,1770.6,2.614e-05,0.2682,0.1072,2.91e-06,0.053,4.98e-06,72.8598,0.8261,0.3648,2.8139,0.1649,0.596,1.21561,72.388,0.1757,0.0851,6.755,4.69e-06,65819.9,0.2447,0.08692,0.0842,1770.64,2.604e-05,0.2687,0.1072,2.911e-06,0.05328,4.975e-06,72.86,0.7792,0.3662,2.8137,0.1649,0.5958,1.2161,72.38,0.1756,0.08508,6.756,4.694e-06,65822.81,0.2445,0.08692,0.08412,1770.8,2.595e-05,0.2687,0.10711,2.908e-06,0.05323,4.979e-06,72.87,0.7794,0.3667,2.812,0.1648,0.5958,1.2164,72.4,0.1757,0.08509,6.756,4.687e-06,65831.3,0.2445,0.08696,0.08414,1770.99,2.599e-05,0.2688,0.10736,2.908e-06,0.05329,4.976e-06,72.87,0.7794,0.3667,2.813,0.1648,0.5956,1.2162
2026-06-16 02:36:00,72.54,0.1759,0.0852,6.767,4.7e-06,65861.66,0.2444,0.08708,0.0844,1773.1,2.601e-05,0.2691,0.1075,2.91e-06,0.05339,4.98e-06,72.98,0.7806,0.3673,2.81,0.1653,0.5979,1.2177,72.44,0.1759,0.0851,6.761,4.695e-06,65863.29,0.2441,0.08701,0.08421,1773.02,2.6e-05,0.269,0.1074,2.915e-06,0.05337,4.978e-06,72.98,0.7803,0.367,2.806,0.1652,0.5978,1.2178,72.55,0.176,0.08525,6.766,4.694e-06,65868.8,0.2443,0.08708,0.08438,1772.91,2.594e-05,0.2689,0.1074,2.917e-06,0.0534,4.984e-06,72.97,0.7806,0.3672,2.809,0.1652,0.5978,1.2172,72.48,0.1758,0.0852,6.76,4.71e-06,65820.91,0.2444,0.08701,0.0843,1771.8,2.6e-05,0.269,0.108,2.92e-06,0.0533,4.98e-06,72.93,0.7801,0.3668,2.809,0.166,0.5976,1.2168,72.507,0.17584,0.0851,6.766,4.801e-06,65844.63,0.2429,0.087008,0.08586,1773.09,2.698e-05,0.2689,0.1084,2.909e-06,0.05329,4.998e-06,72.93,0.78046,0.36708,2.8052,0.1653,0.5966,1.2169,72.5,0.175859,0.085,6.7652,4.6938e-06,65871.15,0.2434,0.087063,0.08417,1773.12,2.617e-05,0.2682,0.1075,2.91e-06,0.0531,4.98e-06,72.9074,0.8249,0.3654,2.8112,0.1652,0.597,1.2164,72.512,0.1759,0.0852,6.766,4.694e-06,65860.1,0.2446,0.087,0.0844,1773.05,2.6e-05,0.2687,0.1074,2.915e-06,0.05338,4.984e-06,72.96,0.7798,0.3662,2.8101,0.1653,0.5975,1.2176,72.5,0.1759,0.08521,6.766,4.69e-06,65860.0,0.2442,0.08703,0.08443,1772.96,2.598e-05,0.2689,0.10749,2.916e-06,0.05332,4.981e-06,72.97,0.7804,0.3673,2.807,0.1652,0.5969,1.2179,72.54,0.176,0.08523,6.766,4.692e-06,65864.7,0.2442,0.08707,0.08438,1773.31,2.599e-05,0.2691,0.10747,2.915e-06,0.05333,4.983e-06,72.99,0.7806,0.3673,2.809,0.1648,0.5979,1.2177
2026-06-16 02:37:00,72.59,0.1762,0.0853,6.771,4.71e-06,65901.29,0.2444,0.08714,0.0846,1775.0,2.604e-05,0.2696,0.1076,2.93e-06,0.05345,4.99e-06,73.06,0.781,0.3678,2.813,0.1655,0.6007,1.2192,72.6,0.1762,0.0853,6.771,4.695e-06,65903.23,0.2441,0.08715,0.0845,1775.0,2.6e-05,0.269,0.1074,2.92e-06,0.05344,4.987e-06,72.98,0.7812,0.3679,2.807,0.1652,0.6008,1.2192,72.61,0.1761,0.08534,6.771,4.705e-06,65903.4,0.2446,0.08716,0.08452,1775.0,2.594e-05,0.2694,0.1076,2.92e-06,0.05347,4.987e-06,73.07,0.7809,0.3676,2.813,0.1654,0.6007,1.2193,72.54,0.176,0.0852,6.77,4.71e-06,65863.44,0.244,0.08709,0.0845,1773.85,2.6e-05,0.269,0.108,2.92e-06,0.0534,4.98e-06,73.02,0.7806,0.3676,2.813,0.166,0.6003,1.2182,72.597,0.17614,0.0851,6.766,4.801e-06,65901.73,0.2429,0.087095,0.08586,1775.12,2.698e-05,0.2689,0.1084,2.909e-06,0.05329,4.998e-06,73.07,0.78116,0.36745,2.8052,0.1653,0.5966,1.219,72.5,0.176194,0.085,6.7706,4.6938e-06,65915.75,0.2437,0.087258,0.08447,1774.99,2.619e-05,0.2682,0.1076,2.91e-06,0.0532,4.99e-06,73.0548,0.8233,0.3659,2.8124,0.1654,0.6,1.21898,72.597,0.1761,0.0853,6.77,4.704e-06,65905.0,0.2447,0.08711,0.0846,1775.09,2.603e-05,0.2693,0.1076,2.92e-06,0.05343,4.987e-06,73.07,0.7809,0.3678,2.8137,0.1654,0.6007,1.21908,72.56,0.1762,0.08537,6.77,4.702e-06,65900.3,0.2444,0.08715,0.08443,1774.93,2.603e-05,0.2695,0.1076,2.92e-06,0.05343,4.991e-06,73.08,0.7811,0.3678,2.814,0.1653,0.601,1.2194,72.59,0.1761,0.08529,6.768,4.705e-06,65901.6,0.2445,0.08714,0.08457,1774.91,2.599e-05,0.2693,0.10765,2.92e-06,0.05345,4.987e-06,73.06,0.7811,0.3676,2.813,0.1653,0.6008,1.219
2026-06-16 02:38:00,72.57,0.1762,0.0853,6.773,4.71e-06,65896.66,0.244,0.08712,0.0847,1774.74,2.605e-05,0.2695,0.1077,2.92e-06,0.05346,4.99e-06,73.07,0.7813,0.3681,2.818,0.1656,0.6026,1.219,72.56,0.1762,0.0853,6.773,4.695e-06,65900.63,0.2442,0.08712,0.08473,1774.69,2.605e-05,0.2694,0.1076,2.919e-06,0.05344,4.987e-06,73.06,0.7813,0.3679,2.816,0.1652,0.6024,1.2188,72.57,0.1762,0.08534,6.774,4.705e-06,65900.4,0.2441,0.08713,0.08474,1774.9,2.594e-05,0.2693,0.1076,2.921e-06,0.05346,4.986e-06,73.05,0.7811,0.3683,2.817,0.1655,0.6022,1.2191,72.53,0.1761,0.0853,6.77,4.71e-06,65854.62,0.2437,0.08706,0.0847,1773.54,2.6e-05,0.269,0.108,2.92e-06,0.0534,4.98e-06,73.01,0.7808,0.3679,2.815,0.166,0.6024,1.2182,72.597,0.17617,0.0851,6.773,4.801e-06,65897.72,0.2429,0.087105,0.08586,1774.89,2.698e-05,0.2689,0.1084,2.919e-06,0.05329,4.998e-06,73.04,0.78106,0.36745,2.8052,0.1653,0.6016,1.2186,72.5,0.176134,0.0851,6.7709,4.6938e-06,65905.35,0.2437,0.087258,0.08467,1774.92,2.621e-05,0.2682,0.1076,2.91e-06,0.0532,4.98e-06,72.9852,0.8203,0.3662,2.8123,0.1655,0.601,1.21898,72.546,0.1762,0.0853,6.771,4.704e-06,65888.8,0.2439,0.08712,0.0847,1774.5,2.603e-05,0.2693,0.1076,2.919e-06,0.05347,4.988e-06,73.04,0.7808,0.3679,2.8174,0.1655,0.6028,1.21847,72.45,0.1761,0.08537,6.771,4.706e-06,65894.79,0.2441,0.08713,0.0846,1774.8,2.603e-05,0.2693,0.1076,2.921e-06,0.05338,4.994e-06,73.07,0.7809,0.3682,2.816,0.1654,0.6027,1.2191,72.57,0.1762,0.08529,6.771,4.705e-06,65897.5,0.244,0.08712,0.08474,1774.86,2.599e-05,0.2692,0.10764,2.92e-06,0.05345,4.989e-06,73.07,0.7811,0.3681,2.818,0.1653,0.6024,1.219
2026-06-16 02:39:00,72.6,0.1761,0.0853,6.773,4.71e-06,65878.12,0.2436,0.0871,0.0848,1774.32,2.606e-05,0.2695,0.1076,2.92e-06,0.05346,4.98e-06,73.06,0.7814,0.3681,2.816,0.1657,0.6023,1.219,72.63,0.1762,0.0853,6.775,4.695e-06,65880.01,0.2442,0.08711,0.0848,1774.11,2.605e-05,0.2694,0.1077,2.921e-06,0.05347,4.987e-06,73.05,0.7815,0.3679,2.813,0.1655,0.6025,1.219,72.59,0.1762,0.08532,6.774,4.71e-06,65881.8,0.2437,0.08711,0.08482,1774.33,2.594e-05,0.2695,0.1077,2.921e-06,0.05347,4.986e-06,73.06,0.7815,0.368,2.817,0.1656,0.6025,1.2191,72.61,0.1761,0.0853,6.77,4.71e-06,65838.25,0.2435,0.08704,0.0847,1773.3,2.6e-05,0.269,0.108,2.92e-06,0.0534,4.98e-06,73.01,0.781,0.3681,2.813,0.166,0.6022,1.218,72.587,0.17611,0.0851,6.772,4.801e-06,65884.16,0.2429,0.087105,0.08586,1774.37,2.698e-05,0.2689,0.1084,2.919e-06,0.05329,4.998e-06,73.04,0.78156,0.36745,2.8052,0.1653,0.6025,1.219,72.5,0.176134,0.0851,6.7726,4.6938e-06,65905.34,0.2428,0.087409,0.08476,1774.75,2.621e-05,0.2683,0.1076,2.91e-06,0.0532,4.98e-06,72.9852,0.8201,0.3662,2.7986,0.1656,0.601,1.21898,72.605,0.1762,0.0853,6.772,4.704e-06,65881.5,0.2439,0.0871,0.0848,1774.56,2.603e-05,0.2693,0.1076,2.921e-06,0.05346,4.989e-06,73.06,0.7808,0.3682,2.8163,0.1655,0.6021,1.21897,72.57,0.1762,0.0853,6.771,4.712e-06,65880.01,0.2435,0.0871,0.08487,1774.32,2.606e-05,0.2695,0.1076,2.924e-06,0.05341,4.991e-06,73.06,0.7814,0.368,2.815,0.1656,0.6029,1.2189,72.57,0.1761,0.08528,6.774,4.705e-06,65878.7,0.2441,0.0871,0.08481,1774.29,2.607e-05,0.2692,0.10768,2.921e-06,0.05345,4.989e-06,73.06,0.7813,0.368,2.816,0.1653,0.6023,1.2191
2026-06-16 03:11:00,72.73,0.1761,0.0854,6.775,4.69e-06,65792.53,0.2438,0.08703,0.0847,1773.19,2.609e-05,0.2701,0.1079,2.93e-06,0.05347,5e-06,72.99,0.7797,0.3695,2.793,0.1658,0.6001,1.2193,72.82,0.1763,0.0852,6.774,4.693e-06,65791.01,0.2435,0.08705,0.08476,1773.1,2.61e-05,0.2703,0.1079,2.923e-06,0.05346,4.988e-06,73.0,0.7797,0.3693,2.79,0.166,0.5993,1.2192,72.76,0.1762,0.08542,6.775,4.689e-06,65795.3,0.2439,0.08704,0.08471,1773.41,2.611e-05,0.27,0.1079,2.926e-06,0.05349,4.992e-06,72.99,0.7797,0.3698,2.793,0.1658,0.6,1.2192,72.73,0.1761,0.0854,6.77,4.69e-06,65752.77,0.2437,0.08699,0.0846,1772.17,2.64e-05,0.27,0.108,2.92e-06,0.05342,4.99e-06,72.95,0.7794,0.3695,2.792,0.166,0.5996,1.2186,72.773,0.17615,0.0852,6.778,4.681e-06,65793.99,0.2429,0.086966,0.08586,1773.26,2.698e-05,0.2689,0.1076,2.916e-06,0.05329,4.998e-06,72.99,0.77861,0.36745,2.7914,0.1653,0.6008,1.2193,72.5,0.176217,0.0852,6.7755,4.6734e-06,65830.88,0.243,0.087093,0.08451,1773.42,2.625e-05,0.2695,0.108,2.925695e-06,0.0532,4.99e-06,72.9178,0.8153,0.3677,2.7808,0.1663,0.599,1.21927,72.741,0.1762,0.0853,6.775,4.69e-06,65798.4,0.2441,0.08704,0.0847,1773.22,2.61e-05,0.2691,0.1079,2.923e-06,0.05347,4.993e-06,72.99,0.7796,0.3686,2.7926,0.1658,0.5993,1.21943,72.81,0.1762,0.08541,6.778,4.686e-06,65793.25,0.2437,0.08704,0.08475,1773.39,2.609e-05,0.2702,0.10794,2.924e-06,0.05351,4.994e-06,72.99,0.7797,0.3696,2.793,0.1656,0.6011,1.2193,72.74,0.1759,0.08542,6.774,4.692e-06,65797.0,0.2437,0.08705,0.08469,1773.28,2.611e-05,0.27,0.10793,2.924e-06,0.05353,4.992e-06,72.99,0.7795,0.3694,2.794,0.1659,0.6002,1.2192
2026-06-16 03:12:00,72.8,0.1762,0.0854,6.777,4.69e-06,65786.0,0.2439,0.08706,0.0847,1773.22,2.609e-05,0.2702,0.1079,2.93e-06,0.05347,5e-06,72.99,0.7805,0.3693,2.797,0.1658,0.6,1.2196,72.79,0.1761,0.0852,6.776,4.693e-06,65786.3,0.2435,0.08707,0.08476,1773.23,2.611e-05,0.2703,0.1079,2.924e-06,0.05346,4.988e-06,72.99,0.7804,0.3693,2.797,0.1658,0.599,1.2197,72.82,0.1762,0.08542,6.777,4.689e-06,65788.5,0.2439,0.08705,0.08469,1773.48,2.611e-05,0.2701,0.1079,2.926e-06,0.05348,4.992e-06,73.0,0.7802,0.3693,2.798,0.1658,0.5998,1.2198,72.77,0.176,0.0854,6.78,4.69e-06,65745.37,0.2441,0.087,0.0846,1772.2,2.64e-05,0.27,0.108,2.92e-06,0.05342,4.99e-06,72.95,0.7803,0.3691,2.797,0.166,0.5992,1.219,72.773,0.17616,0.0852,6.777,4.681e-06,65788.02,0.2429,0.087042,0.08586,1773.45,2.698e-05,0.2689,0.1076,2.916e-06,0.05329,4.998e-06,73.0,0.78026,0.36745,2.7914,0.1653,0.6008,1.2195,72.5,0.176168,0.0852,6.7754,4.6734e-06,65810.72,0.2437,0.087093,0.0845,1773.54,2.626e-05,0.2697,0.1079,2.925695e-06,0.0532,4.99e-06,72.9582,0.8153,0.3673,2.7863,0.1656,0.599,1.21927,72.778,0.1762,0.0853,6.776,4.69e-06,65786.0,0.2441,0.08705,0.0847,1773.37,2.61e-05,0.2691,0.1079,2.924e-06,0.05345,4.994e-06,72.99,0.7801,0.3693,2.7968,0.1658,0.5993,1.21966,72.8,0.1761,0.08542,6.775,4.693e-06,65785.45,0.2439,0.08705,0.08464,1773.34,2.609e-05,0.2702,0.10794,2.925e-06,0.05342,4.995e-06,73.01,0.7801,0.3693,2.797,0.1655,0.6001,1.2197,72.81,0.1762,0.0854,6.776,4.692e-06,65787.6,0.2439,0.08706,0.0847,1773.34,2.611e-05,0.27,0.10791,2.925e-06,0.05353,4.994e-06,73.0,0.7799,0.3691,2.799,0.1658,0.6003,1.2196
2026-06-16 04:10:00,73.75,0.177,0.0862,6.829,4.72e-06,66191.46,0.2491,0.08741,0.0859,1779.35,2.634e-05,0.2731,0.1081,2.95e-06,0.05361,5.02e-06,73.8,0.7879,0.3756,2.859,0.1676,0.5999,1.2279,73.73,0.177,0.0863,6.826,4.754e-06,66186.13,0.2493,0.08741,0.0859,1779.35,2.638e-05,0.2738,0.1083,2.95e-06,0.05362,5.019e-06,73.8,0.7879,0.3763,2.865,0.1676,0.5993,1.228,73.74,0.1771,0.08615,6.827,4.73e-06,66187.1,0.2492,0.0874,0.08593,1779.48,2.636e-05,0.2733,0.1082,2.952e-06,0.05359,5.02e-06,73.8,0.7881,0.3757,2.861,0.1677,0.5998,1.2281,73.73,0.1769,0.0862,6.83,4.72e-06,66147.05,0.2491,0.08735,0.0859,1778.27,2.64e-05,0.273,0.108,2.94e-06,0.0536,5.02e-06,73.76,0.7873,0.3758,2.859,0.168,0.5992,1.2274,73.737,0.17704,0.0864,6.83,4.681e-06,66193.57,0.2478,0.087455,0.08586,1779.42,2.643e-05,0.2739,0.1087,2.916e-06,0.05356,4.998e-06,73.79,0.78886,0.36987,2.8744,0.1653,0.5999,1.2278,73.814,0.177052,0.086,6.8276,4.7533e-06,66208.61,0.2481,0.0876,0.08602,1779.92,2.648e-05,0.2724,0.1081,2.96199e-06,0.0533,5.02e-06,73.6921,0.7964,0.374,2.859,0.1672,0.599,1.22772,73.747,0.177,0.0862,6.828,4.73e-06,66184.2,0.2491,0.08741,0.0859,1779.29,2.639e-05,0.2733,0.1082,2.951e-06,0.05361,5.02e-06,73.8,0.7877,0.3756,2.8602,0.1677,0.5994,1.22794,73.74,0.177,0.08618,6.829,4.727e-06,66192.41,0.2491,0.08741,0.08589,1779.54,2.634e-05,0.2732,0.10817,2.95e-06,0.05362,5.018e-06,73.82,0.7878,0.3756,2.866,0.1674,0.6003,1.2279,73.73,0.177,0.08615,6.826,4.729e-06,66190.5,0.2492,0.08742,0.08592,1779.41,2.637e-05,0.2734,0.10817,2.951e-06,0.05362,5.019e-06,73.78,0.788,0.3757,2.86,0.1677,0.6002,1.2279
2026-06-16 04:11:00,73.76,0.1771,0.0862,6.826,4.73e-06,66212.01,0.2495,0.0874,0.086,1779.9,2.636e-05,0.2734,0.1082,2.95e-06,0.05362,5.02e-06,73.83,0.7885,0.376,2.862,0.1677,0.599,1.2286,73.73,0.1771,0.0863,6.826,4.754e-06,66209.99,0.2492,0.0874,0.0859,1779.88,2.638e-05,0.2738,0.1083,2.951e-06,0.05361,5.019e-06,73.82,0.7885,0.3762,2.861,0.1676,0.599,1.2286,73.76,0.1771,0.08616,6.827,4.732e-06,66208.8,0.2496,0.08741,0.08592,1780.0,2.636e-05,0.2734,0.1082,2.952e-06,0.05364,5.02e-06,73.83,0.7884,0.3763,2.861,0.1677,0.5997,1.2286,73.73,0.1769,0.0862,6.82,4.72e-06,66165.95,0.2494,0.08734,0.0859,1778.84,2.64e-05,0.273,0.108,2.94e-06,0.0536,5.02e-06,73.78,0.7877,0.3759,2.86,0.168,0.5988,1.228,73.737,0.17707,0.0864,6.826,4.681e-06,66214.1,0.2478,0.087402,0.08586,1779.92,2.643e-05,0.2739,0.1087,2.916e-06,0.05356,4.998e-06,73.82,0.78886,0.36987,2.8606,0.1653,0.5999,1.2284,73.814,0.177012,0.086,6.8275,4.7533e-06,66222.89,0.2489,0.0876,0.08602,1779.76,2.649e-05,0.2726,0.1081,2.96199e-06,0.0533,5.02e-06,73.6921,0.7962,0.3746,2.8583,0.1675,0.599,1.22763,73.741,0.1771,0.0862,6.825,4.732e-06,66209.3,0.2495,0.08738,0.0859,1779.76,2.639e-05,0.2733,0.1082,2.952e-06,0.05363,5.02e-06,73.82,0.7877,0.3762,2.8626,0.1677,0.6,1.22856,73.78,0.177,0.08617,6.826,4.725e-06,66209.99,0.2496,0.0874,0.08587,1780.11,2.635e-05,0.2734,0.10814,2.952e-06,0.0536,5.019e-06,73.82,0.7882,0.3761,2.861,0.1676,0.6003,1.2285,73.76,0.1771,0.08617,6.827,4.729e-06,66207.8,0.2496,0.0874,0.08601,1779.96,2.637e-05,0.2734,0.10814,2.951e-06,0.05363,5.02e-06,73.83,0.7882,0.3762,2.862,0.1677,0.599,1.2286
2026-06-16 04:32:00,73.56,0.1762,0.0856,6.779,4.7e-06,65877.38,0.2483,0.08692,0.0851,1764.84,2.622e-05,0.2711,0.1075,2.94e-06,0.0533,4.99e-06,73.32,0.7822,0.3718,2.869,0.1667,0.5923,1.2242,73.46,0.1762,0.0856,6.779,4.709e-06,65879.4,0.2466,0.08691,0.08517,1764.85,2.62e-05,0.2706,0.1074,2.93e-06,0.05325,4.993e-06,73.31,0.7822,0.3719,2.859,0.1666,0.5924,1.2241,73.55,0.1762,0.08555,6.78,4.7e-06,65876.4,0.2478,0.08691,0.08516,1764.79,2.618e-05,0.2709,0.1075,2.931e-06,0.05325,4.99e-06,73.31,0.782,0.3715,2.868,0.1667,0.5924,1.2242,73.52,0.1762,0.0855,6.78,4.7e-06,65842.01,0.2485,0.08688,0.0851,1763.59,2.62e-05,0.271,0.107,2.93e-06,0.05329,4.99e-06,73.27,0.7818,0.3714,2.866,0.167,0.5918,1.2236,73.691,0.17617,0.0855,6.78,4.681e-06,65878.61,0.2489,0.086864,0.08586,1764.71,2.643e-05,0.2739,0.1087,2.93e-06,0.05356,4.998e-06,73.31,0.78201,0.37065,2.8547,0.1653,0.5923,1.2241,73.814,0.176197,0.0854,6.7786,4.7142e-06,65872.56,0.2472,0.087,0.08519,1764.52,2.631e-05,0.2698,0.1075,2.930872e-06,0.0531,4.99e-06,73.2661,0.7958,0.3702,2.869,0.1665,0.592,1.22181,73.533,0.1762,0.0855,6.775,4.701e-06,65865.8,0.2471,0.08691,0.0851,1764.85,2.617e-05,0.2705,0.1074,2.928e-06,0.05328,4.994e-06,73.31,0.7821,0.3716,2.8684,0.1667,0.5921,1.22346,73.55,0.1762,0.08557,6.779,4.701e-06,65879.99,0.2481,0.08692,0.08499,1764.77,2.62e-05,0.2708,0.1075,2.928e-06,0.05324,4.993e-06,73.33,0.7822,0.3717,2.864,0.1664,0.5924,1.2242,73.52,0.1762,0.08553,6.779,4.703e-06,65881.6,0.2485,0.08692,0.08514,1764.86,2.617e-05,0.2709,0.10754,2.929e-06,0.0533,4.993e-06,73.32,0.7822,0.3716,2.868,0.1666,0.5925,1.2242
2026-06-16 04:33:00,73.6,0.1762,0.0855,6.782,4.7e-06,65897.37,0.2487,0.08694,0.0852,1765.99,2.624e-05,0.2712,0.1076,2.94e-06,0.05344,5e-06,73.37,0.7826,0.3718,2.873,0.1668,0.5932,1.2242,73.6,0.1763,0.0856,6.782,4.709e-06,65898.41,0.2466,0.08695,0.08527,1766.24,2.62e-05,0.2706,0.1074,2.931e-06,0.05339,4.997e-06,73.37,0.7826,0.3719,2.871,0.1666,0.5932,1.2242,73.59,0.1763,0.08559,6.783,4.7e-06,65895.9,0.2484,0.08696,0.08528,1765.95,2.618e-05,0.2712,0.1075,2.933e-06,0.05342,4.996e-06,73.37,0.7827,0.3715,2.872,0.1668,0.593,1.2243,73.52,0.1762,0.0855,6.78,4.7e-06,65862.51,0.2485,0.08688,0.0852,1765.16,2.62e-05,0.271,0.107,2.93e-06,0.05341,4.99e-06,73.34,0.7821,0.3713,2.87,0.167,0.5928,1.2236,73.691,0.17628,0.0855,6.78,4.681e-06,65903.0,0.2489,0.086958,0.08586,1766.3,2.643e-05,0.2739,0.1087,2.93e-06,0.05356,4.998e-06,73.37,0.78245,0.37065,2.8547,0.1668,0.5931,1.2241,73.814,0.176441,0.0854,6.7816,4.7142e-06,65937.02,0.246,0.087,0.08528,1765.75,2.633e-05,0.2701,0.1075,2.930872e-06,0.0532,4.99e-06,73.1595,0.7957,0.3702,2.8731,0.1666,0.593,1.22181,73.603,0.1763,0.0856,6.781,4.708e-06,65890.6,0.2471,0.08694,0.0853,1766.1,2.617e-05,0.2705,0.1076,2.931e-06,0.05342,4.996e-06,73.38,0.7826,0.3716,2.8721,0.1668,0.5928,1.22433,73.63,0.1762,0.08555,6.781,4.709e-06,65898.67,0.2485,0.08693,0.0852,1766.08,2.625e-05,0.2713,0.10754,2.931e-06,0.05334,4.996e-06,73.38,0.7827,0.3719,2.871,0.1666,0.5936,1.2244,73.59,0.1763,0.08556,6.782,4.708e-06,65900.4,0.2486,0.08695,0.08527,1766.11,2.624e-05,0.2712,0.10756,2.931e-06,0.0534,4.996e-06,73.37,0.7825,0.3716,2.872,0.1666,0.5933,1.2242
2026-06-16 04:34:00,73.53,0.1762,0.0855,6.775,4.7e-06,65865.77,0.2481,0.08688,0.085,1764.35,2.619e-05,0.2708,0.1074,2.93e-06,0.05334,4.99e-06,73.31,0.7815,0.3714,2.867,0.1667,0.5904,1.223,73.6,0.1762,0.0856,6.774,4.709e-06,65864.98,0.2466,0.08689,0.0851,1764.55,2.62e-05,0.2706,0.1076,2.927e-06,0.05339,4.997e-06,73.3,0.7815,0.3719,2.867,0.1669,0.5899,1.2231,73.52,0.1762,0.08546,6.775,4.699e-06,65863.4,0.2481,0.08686,0.08509,1764.3,2.618e-05,0.2708,0.1074,2.93e-06,0.0534,4.996e-06,73.3,0.7814,0.3712,2.867,0.1668,0.5902,1.2231,73.44,0.1761,0.0855,6.78,4.7e-06,65824.63,0.2479,0.08683,0.085,1763.52,2.62e-05,0.271,0.107,2.93e-06,0.05341,4.99e-06,73.25,0.781,0.3709,2.865,0.167,0.59,1.2225,73.691,0.17628,0.0855,6.776,4.681e-06,65864.15,0.2489,0.086909,0.08586,1764.81,2.643e-05,0.2739,0.1087,2.93e-06,0.05356,4.998e-06,73.3,0.78245,0.37065,2.8723,0.1668,0.5906,1.2231,73.814,0.176441,0.0853,6.7746,4.7142e-06,65888.44,0.246,0.087,0.0852,1764.68,2.63e-05,0.2697,0.1074,2.930872e-06,0.0531,4.99e-06,73.2553,0.7958,0.3699,2.8672,0.1667,0.59,1.22181,73.516,0.1762,0.0856,6.775,4.706e-06,65863.9,0.2471,0.08689,0.0852,1764.74,2.622e-05,0.2705,0.1076,2.928e-06,0.05336,4.996e-06,73.3,0.7815,0.3718,2.8661,0.1667,0.59,1.22433,73.54,0.1761,0.08557,6.775,4.7e-06,65864.02,0.2484,0.08689,0.08524,1764.71,2.621e-05,0.2713,0.10749,2.93e-06,0.05336,4.991e-06,73.32,0.7817,0.3714,2.873,0.1664,0.5913,1.2231,73.56,0.1761,0.08556,6.774,4.708e-06,65862.8,0.2483,0.08689,0.08514,1764.32,2.624e-05,0.2712,0.10734,2.928e-06,0.05341,4.993e-06,73.3,0.7815,0.3713,2.868,0.1666,0.5904,1.2232
2026-06-16 06:29:00,74.54,0.1774,0.0862,6.831,4.75e-06,66339.05,0.2465,0.08743,0.0866,1768.08,2.654e-05,0.2733,0.1072,2.95e-06,0.05378,5.01e-06,73.98,0.7874,0.3791,2.931,0.1684,0.5962,1.2304,74.57,0.1775,0.0859,6.832,4.753e-06,66337.88,0.2463,0.08744,0.08676,1768.26,2.652e-05,0.2726,0.1072,2.951e-06,0.0538,5.006e-06,73.99,0.7875,0.3796,2.934,0.1685,0.596,1.2305,74.54,0.1775,0.08616,6.829,4.754e-06,66333.7,0.2463,0.08743,0.08665,1768.17,2.654e-05,0.2732,0.1072,2.953e-06,0.0538,5.011e-06,73.99,0.7875,0.379,2.931,0.1683,0.596,1.2305,74.49,0.1773,0.086,6.83,4.75e-06,66291.08,0.246,0.08739,0.0866,1767.22,2.65e-05,0.273,0.107,2.95e-06,0.05377,5.02e-06,73.93,0.787,0.3789,2.928,0.168,0.596,1.2296,74.387,0.17748,0.0859,6.817,4.681e-06,66343.14,0.2449,0.087438,0.08586,1768.26,2.651e-05,0.2739,0.1087,2.924e-06,0.05386,5e-06,74.0,0.78762,0.37632,2.9272,0.1677,0.5971,1.2303,74.402,0.177608,0.0858,6.8312,4.7518e-06,66357.69,0.2448,0.08745,0.08665,1769.05,2.665e-05,0.2713,0.1072,2.948768e-06,0.0536,5.01e-06,73.7905,0.8022,0.3773,2.9282,0.1683,0.596,1.22951,74.52,0.1775,0.0862,6.828,4.755e-06,66342.2,0.2461,0.08745,0.0867,1768.6,2.649e-05,0.2733,0.1072,2.952e-06,0.05379,5.013e-06,73.99,0.7876,0.3792,2.9309,0.1685,0.5962,1.23054,74.58,0.1774,0.08611,6.829,4.757e-06,66336.67,0.2465,0.08744,0.08677,1768.1,2.654e-05,0.273,0.10722,2.952e-06,0.05377,5.015e-06,73.99,0.7876,0.3789,2.932,0.1682,0.5981,1.2303,74.56,0.1775,0.08616,6.832,4.758e-06,66331.4,0.2466,0.08744,0.08674,1768.28,2.651e-05,0.2732,0.10723,2.951e-06,0.05379,5.011e-06,73.98,0.7874,0.3793,2.931,0.1684,0.5962,1.2305
2026-06-16 06:30:00,74.55,0.1774,0.0861,6.829,4.76e-06,66330.01,0.2463,0.08743,0.0867,1767.51,2.653e-05,0.2733,0.1072,2.95e-06,0.05374,5.02e-06,73.98,0.787,0.3793,2.93,0.1684,0.5933,1.23,74.54,0.1774,0.0859,6.829,4.753e-06,66328.43,0.2463,0.08742,0.08667,1767.44,2.656e-05,0.2726,0.1072,2.951e-06,0.05375,5.018e-06,73.99,0.7871,0.3795,2.931,0.1684,0.5935,1.2301,74.54,0.1775,0.08612,6.827,4.757e-06,66325.8,0.2463,0.08742,0.08664,1767.38,2.655e-05,0.2732,0.1072,2.952e-06,0.05375,5.02e-06,74.0,0.7869,0.3794,2.932,0.1684,0.5934,1.2304,74.47,0.1773,0.086,6.83,4.75e-06,66288.55,0.246,0.08739,0.0866,1766.42,2.65e-05,0.273,0.107,2.95e-06,0.05377,5.02e-06,73.94,0.7866,0.3792,2.928,0.168,0.593,1.2294,74.387,0.17747,0.0859,6.817,4.681e-06,66341.94,0.2449,0.087426,0.08586,1767.54,2.651e-05,0.2739,0.1087,2.924e-06,0.05386,5.018e-06,73.99,0.78762,0.37632,2.9272,0.1677,0.5934,1.2301,74.402,0.177609,0.086,6.8276,4.7518e-06,66353.09,0.245,0.08745,0.08645,1768.04,2.664e-05,0.2712,0.1072,2.948768e-06,0.0535,5.01e-06,73.8264,0.8021,0.3776,2.9272,0.1682,0.593,1.22951,74.55,0.1775,0.0862,6.828,4.755e-06,66336.1,0.2464,0.08743,0.0867,1767.55,2.653e-05,0.2733,0.1072,2.951e-06,0.05372,5.019e-06,73.98,0.787,0.3793,2.9307,0.1684,0.5932,1.2303,74.57,0.1775,0.08609,6.828,4.755e-06,66345.01,0.2463,0.08743,0.08671,1767.55,2.654e-05,0.2733,0.10715,2.953e-06,0.05372,5.018e-06,73.98,0.7869,0.3792,2.932,0.1682,0.5935,1.2299,74.55,0.1774,0.08616,6.829,4.757e-06,66328.4,0.2464,0.08743,0.08672,1767.6,2.656e-05,0.2732,0.10714,2.95e-06,0.05373,5.02e-06,73.98,0.7869,0.3795,2.932,0.1685,0.5935,1.2301
2026-06-16 06:31:00,74.67,0.1776,0.0862,6.831,4.75e-06,66339.05,0.2463,0.0874,0.0866,1767.45,2.655e-05,0.2732,0.1072,2.96e-06,0.0537,5.01e-06,74.02,0.787,0.3792,2.93,0.1684,0.5962,1.2296,74.66,0.1775,0.0859,6.83,4.759e-06,66340.01,0.2463,0.08741,0.08681,1767.54,2.656e-05,0.2734,0.1072,2.952e-06,0.05373,5.022e-06,74.01,0.7869,0.38,2.932,0.1686,0.5966,1.23,74.64,0.1775,0.08616,6.829,4.76e-06,66337.6,0.2464,0.08742,0.0866,1767.52,2.658e-05,0.2733,0.1072,2.955e-06,0.05375,5.021e-06,74.03,0.787,0.3792,2.932,0.1684,0.5963,1.2299,74.64,0.1775,0.086,6.83,4.75e-06,66295.25,0.246,0.08737,0.0866,1766.41,2.65e-05,0.273,0.107,2.95e-06,0.05365,5.02e-06,73.97,0.7868,0.3794,2.929,0.168,0.5958,1.2291,74.387,0.17752,0.0859,6.833,4.681e-06,66343.0,0.2449,0.087403,0.08586,1767.58,2.651e-05,0.2739,0.1087,2.924e-06,0.05371,5.018e-06,74.05,0.78762,0.37632,2.9272,0.1677,0.5945,1.2296,74.402,0.177639,0.086,6.8278,4.7518e-06,66366.64,0.2445,0.087458,0.08646,1767.87,2.667e-05,0.2711,0.1072,2.948768e-06,0.0535,5.02e-06,73.927,0.8021,0.3775,2.9292,0.1682,0.596,1.2293,74.656,0.1775,0.0862,6.832,4.755e-06,66341.0,0.2463,0.08743,0.0867,1767.56,2.653e-05,0.2733,0.1072,2.954e-06,0.05371,5.02e-06,74.01,0.7872,0.3793,2.9296,0.1684,0.5965,1.22993,74.62,0.1776,0.08632,6.833,4.756e-06,66342.17,0.2462,0.0874,0.08662,1767.49,2.656e-05,0.2733,0.10716,2.952e-06,0.05373,5.02e-06,74.03,0.787,0.3792,2.93,0.1681,0.5962,1.2296,74.7,0.1775,0.0862,6.831,4.76e-06,66336.6,0.2464,0.08741,0.08665,1767.61,2.657e-05,0.2733,0.10714,2.952e-06,0.05372,5.023e-06,74.02,0.7868,0.379,2.929,0.1686,0.5963,1.23
2026-06-16 06:32:00,74.69,0.1774,0.0861,6.83,4.76e-06,66303.69,0.2466,0.08742,0.0866,1766.69,2.653e-05,0.2731,0.1072,2.95e-06,0.05369,5.03e-06,74.0,0.7867,0.3788,2.929,0.1684,0.5982,1.2294,74.68,0.1775,0.0859,6.831,4.759e-06,66310.0,0.2466,0.08743,0.08663,1766.73,2.656e-05,0.2733,0.1072,2.951e-06,0.0537,5.021e-06,73.99,0.7867,0.379,2.929,0.1686,0.5983,1.2297,74.67,0.1775,0.0861,6.828,4.76e-06,66308.7,0.2466,0.08743,0.08661,1766.87,2.658e-05,0.2731,0.1072,2.954e-06,0.0537,5.021e-06,74.0,0.7868,0.3788,2.929,0.1684,0.5981,1.2298,74.64,0.1774,0.086,6.83,4.75e-06,66267.02,0.2465,0.08737,0.0866,1765.92,2.65e-05,0.273,0.107,2.95e-06,0.05365,5.02e-06,73.94,0.7865,0.3782,2.926,0.168,0.598,1.2289,74.387,0.17745,0.0859,6.833,4.681e-06,66309.7,0.2449,0.087426,0.08586,1766.89,2.651e-05,0.2739,0.1087,2.924e-06,0.05371,5.018e-06,74.03,0.78762,0.37632,2.9272,0.1677,0.5976,1.2296,74.402,0.17759,0.086,6.8278,4.7518e-06,66329.68,0.2449,0.087458,0.08645,1767.87,2.664e-05,0.2711,0.1072,2.948768e-06,0.0535,5.02e-06,73.9195,0.8022,0.3777,2.9273,0.1682,0.598,1.2293,74.695,0.1776,0.0862,6.832,4.755e-06,66309.5,0.2462,0.08743,0.0866,1766.9,2.653e-05,0.2733,0.1072,2.952e-06,0.05369,5.021e-06,73.99,0.7868,0.3789,2.9292,0.1683,0.5984,1.22985,74.67,0.1774,0.08611,6.832,4.759e-06,66308.15,0.2466,0.08741,0.08664,1766.91,2.652e-05,0.2731,0.10715,2.952e-06,0.0537,5.02e-06,74.0,0.7869,0.3787,2.932,0.1681,0.598,1.2295,74.68,0.1775,0.08614,6.829,4.76e-06,66307.9,0.2466,0.08741,0.08665,1766.87,2.652e-05,0.2733,0.10715,2.952e-06,0.05371,5.023e-06,73.98,0.7867,0.3789,2.93,0.1686,0.5985,1.2297
2026-06-16 07:22:00,74.73,0.1779,0.0859,6.874,4.76e-06,66360.0,0.2466,0.08749,0.086,1771.95,2.658e-05,0.2738,0.107,2.95e-06,0.05346,5.01e-06,74.18,0.7867,0.3736,2.945,0.168,0.6013,1.2307,74.71,0.1779,0.0862,6.874,4.757e-06,66359.0,0.2469,0.08751,0.08603,1771.8,2.659e-05,0.2741,0.1071,2.947e-06,0.05343,5.011e-06,74.18,0.7867,0.3738,2.945,0.1685,0.6015,1.2307,74.74,0.1779,0.08596,6.877,4.753e-06,66367.5,0.2468,0.0875,0.08598,1771.86,2.668e-05,0.2738,0.107,2.947e-06,0.05348,5.012e-06,74.18,0.7868,0.3735,2.944,0.168,0.6012,1.2308,74.68,0.1777,0.086,6.87,4.75e-06,66320.32,0.2479,0.08746,0.0859,1770.7,2.66e-05,0.274,0.107,2.95e-06,0.05341,5.01e-06,74.14,0.7866,0.3734,2.942,0.168,0.6029,1.2299,74.944,0.17788,0.0863,6.877,4.681e-06,66371.4,0.2494,0.087541,0.08692,1771.61,2.662e-05,0.2742,0.1075,2.924e-06,0.05371,5.01e-06,74.18,0.78727,0.37359,2.9368,0.1685,0.5993,1.2307,74.8762,0.178092,0.0858,6.8769,4.755e-06,66406.07,0.2455,0.087739,0.08582,1772.51,2.674e-05,0.2726,0.1071,2.94827e-06,0.0532,5.01e-06,74.1492,0.8182,0.3715,2.9397,0.1679,0.601,1.23655,74.701,0.1779,0.0859,6.879,4.752e-06,66360.2,0.2468,0.0875,0.086,1772.02,2.658e-05,0.274,0.107,2.945e-06,0.05345,5.012e-06,74.2,0.7868,0.3732,2.945,0.1681,0.6013,1.2308,74.77,0.1779,0.08596,6.876,4.754e-06,66356.38,0.2466,0.08752,0.086,1772.05,2.662e-05,0.2739,0.10704,2.945e-06,0.05341,5.011e-06,74.19,0.7867,0.3735,2.944,0.1679,0.6017,1.2305,74.76,0.1778,0.08603,6.876,4.754e-06,66357.0,0.2467,0.0875,0.08599,1771.92,2.661e-05,0.2739,0.10699,2.946e-06,0.05345,5.013e-06,74.18,0.7867,0.3736,2.944,0.1681,0.6014,1.2307
2026-06-16 07:24:00,74.98,0.1781,0.0861,6.894,4.78e-06,66388.0,0.2485,0.08762,0.0865,1773.94,2.664e-05,0.2744,0.1072,2.95e-06,0.05353,5.02e-06,74.29,0.789,0.3753,2.956,0.1688,0.6135,1.2328,74.91,0.178,0.0861,6.894,4.769e-06,66390.0,0.2479,0.08762,0.08657,1773.82,2.661e-05,0.2744,0.1072,2.953e-06,0.05348,5.009e-06,74.3,0.7889,0.3746,2.951,0.1687,0.6135,1.2329,74.96,0.1781,0.08619,6.896,4.77e-06,66393.3,0.2483,0.08762,0.08653,1773.82,2.659e-05,0.2744,0.1072,2.952e-06,0.05353,5.019e-06,74.3,0.789,0.375,2.956,0.1686,0.6138,1.2327,74.92,0.178,0.0861,6.89,4.77e-06,66352.09,0.2483,0.08756,0.0865,1772.78,2.66e-05,0.275,0.107,2.95e-06,0.05347,5.01e-06,74.26,0.7883,0.375,2.955,0.169,0.6129,1.2321,74.931,0.17797,0.0863,6.887,4.681e-06,66394.12,0.2474,0.087489,0.08692,1773.95,2.662e-05,0.2742,0.1075,2.924e-06,0.05371,5.01e-06,74.29,0.78647,0.37359,2.9368,0.1685,0.6121,1.2322,74.8762,0.178279,0.0858,6.8919,4.7731e-06,66399.73,0.2479,0.087815,0.08633,1773.56,2.676e-05,0.2731,0.1071,2.94827e-06,0.0532,5.01e-06,74.1719,0.8176,0.3732,2.9504,0.1686,0.613,1.23084,74.954,0.1781,0.0862,6.892,4.775e-06,66385.9,0.2478,0.0876,0.0864,1773.96,2.658e-05,0.274,0.1072,2.951e-06,0.0535,5.014e-06,74.29,0.7885,0.3751,2.956,0.1688,0.6132,1.23262,74.93,0.1779,0.08613,6.888,4.778e-06,66386.01,0.2485,0.08763,0.0864,1773.83,2.661e-05,0.2743,0.10721,2.952e-06,0.05348,5.019e-06,74.29,0.7887,0.3754,2.955,0.1688,0.6135,1.2326,74.97,0.178,0.08618,6.894,4.769e-06,66394.0,0.2485,0.08763,0.08656,1774.02,2.658e-05,0.2744,0.10721,2.953e-06,0.05351,5.018e-06,74.3,0.7887,0.3752,2.958,0.1688,0.6137,1.2328
2026-06-16 07:25:00,74.96,0.1781,0.0861,6.888,4.78e-06,66371.71,0.2483,0.08763,0.0864,1773.33,2.664e-05,0.2744,0.1071,2.96e-06,0.05355,5.02e-06,74.25,0.7887,0.3753,2.957,0.1687,0.6111,1.2328,74.91,0.178,0.0861,6.89,4.769e-06,66370.0,0.2479,0.08764,0.08649,1773.29,2.663e-05,0.2744,0.1072,2.954e-06,0.05355,5.009e-06,74.25,0.7889,0.3753,2.954,0.1687,0.6112,1.2328,74.93,0.1781,0.08618,6.892,4.776e-06,66374.1,0.2482,0.08762,0.08646,1773.35,2.659e-05,0.2744,0.1071,2.956e-06,0.05356,5.02e-06,74.25,0.7888,0.3752,2.954,0.1686,0.6115,1.2329,74.92,0.1779,0.0861,6.89,4.77e-06,66324.86,0.2481,0.08758,0.0865,1772.25,2.66e-05,0.275,0.107,2.95e-06,0.05351,5.01e-06,74.21,0.7882,0.3747,2.955,0.169,0.611,1.2321,74.931,0.17801,0.0863,6.898,4.681e-06,66374.38,0.2474,0.08762,0.08692,1773.27,2.662e-05,0.2742,0.1075,2.924e-06,0.05371,5.01e-06,74.25,0.78647,0.37359,2.9368,0.1685,0.6139,1.2327,74.8762,0.178194,0.0858,6.8879,4.7742e-06,66404.2,0.2479,0.087948,0.08624,1773.94,2.675e-05,0.2732,0.1071,2.94827e-06,0.0535,5.01e-06,74.2459,0.8176,0.373,2.9524,0.1685,0.61,1.23084,74.971,0.178,0.0862,6.897,4.778e-06,66371.5,0.2478,0.08765,0.0865,1773.34,2.658e-05,0.274,0.1071,2.954e-06,0.05353,5.019e-06,74.22,0.7886,0.3751,2.9577,0.1687,0.6113,1.2328,74.99,0.178,0.08616,6.891,4.781e-06,66369.12,0.2483,0.08762,0.0865,1773.44,2.665e-05,0.2743,0.10721,2.953e-06,0.05352,5.019e-06,74.25,0.7888,0.3752,2.953,0.1686,0.6106,1.2327,74.97,0.178,0.08618,6.891,4.777e-06,66370.0,0.2484,0.08763,0.08649,1773.43,2.658e-05,0.2744,0.10717,2.955e-06,0.05354,5.019e-06,74.24,0.7885,0.3751,2.958,0.1688,0.6111,1.2328
2026-06-16 08:53:00,75.41,0.181,0.0876,7.025,4.87e-06,66837.34,0.246,0.08877,0.0881,1801.46,2.686e-05,0.2813,0.1081,3e-06,0.05437,5.07e-06,75.53,0.8102,0.3801,2.996,0.172,0.6644,1.2497,75.36,0.181,0.0876,7.025,4.87e-06,66835.54,0.2459,0.08874,0.08803,1801.46,2.686e-05,0.2808,0.1081,2.999e-06,0.05435,5.068e-06,75.52,0.8103,0.3802,2.997,0.1721,0.6637,1.2499,75.44,0.181,0.0876,7.025,4.869e-06,66833.7,0.2461,0.08874,0.08804,1801.71,2.685e-05,0.2812,0.1082,2.999e-06,0.05437,5.071e-06,75.52,0.8099,0.3801,2.995,0.172,0.6636,1.2498,75.36,0.181,0.0875,7.02,4.86e-06,66793.06,0.2463,0.0887,0.088,1800.15,2.69e-05,0.281,0.109,3e-06,0.05438,5.06e-06,75.46,0.8095,0.3798,2.994,0.172,0.6636,1.2491,75.377,0.18104,0.0876,7.02,4.819e-06,66833.18,0.2456,0.088692,0.08764,1801.03,2.679e-05,0.2742,0.1075,2.972e-06,0.05411,5.046e-06,75.53,0.81017,0.37992,2.9883,0.171,0.6641,1.25,75.1936,0.180982,0.0876,7.0243,4.8571e-06,66868.68,0.2451,0.088813,0.08804,1802.25,2.685e-05,0.2785,0.1081,2.99305e-06,0.054,5.05e-06,75.3793,0.8334,0.3773,2.9901,0.1718,0.661,1.24862,75.417,0.181,0.0876,7.025,4.869e-06,66837.7,0.246,0.08876,0.088,1801.37,2.686e-05,0.2806,0.1081,2.998e-06,0.05438,5.071e-06,75.51,0.8101,0.3807,2.9957,0.172,0.6641,1.24974,75.36,0.1811,0.0875,7.025,4.869e-06,66837.39,0.246,0.08877,0.088,1801.37,2.683e-05,0.2813,0.10805,2.999e-06,0.05428,5.069e-06,75.55,0.8102,0.3802,2.993,0.1717,0.6645,1.2497,75.43,0.1809,0.08752,7.027,4.866e-06,66842.4,0.2459,0.08876,0.08804,1801.61,2.685e-05,0.2814,0.10816,2.999e-06,0.05436,5.07e-06,75.52,0.81,0.3801,2.996,0.1719,0.6644,1.2499
2026-06-16 08:54:00,75.59,0.1813,0.0878,7.05,4.88e-06,66982.08,0.2465,0.08909,0.0882,1807.83,2.692e-05,0.2818,0.1087,3.01e-06,0.05445,5.08e-06,75.64,0.8101,0.3798,3.003,0.1724,0.6644,1.2521,75.57,0.1814,0.0877,7.048,4.883e-06,66986.11,0.2459,0.08908,0.0882,1807.95,2.688e-05,0.2808,0.1088,3.012e-06,0.05441,5.083e-06,75.64,0.8104,0.3792,3.002,0.1725,0.6647,1.2522,75.62,0.1814,0.0878,7.05,4.879e-06,66980.3,0.2465,0.08906,0.08815,1807.85,2.692e-05,0.2818,0.1088,3.012e-06,0.05447,5.085e-06,75.64,0.81,0.3798,3.003,0.1724,0.6646,1.2523,75.54,0.1812,0.0877,7.04,4.87e-06,66932.5,0.2463,0.08903,0.0881,1806.7,2.69e-05,0.281,0.109,3e-06,0.05443,5.08e-06,75.59,0.8094,0.3795,3.0,0.172,0.6642,1.2513,75.437,0.18101,0.0876,7.029,4.819e-06,66983.19,0.2456,0.08907,0.08764,1807.89,2.692e-05,0.2742,0.1083,2.972e-06,0.05411,5.046e-06,75.64,0.80994,0.37992,2.9883,0.171,0.6647,1.2518,75.1936,0.181242,0.0876,7.0483,4.8571e-06,67008.1,0.2457,0.089102,0.08807,1808.54,2.687e-05,0.2791,0.1085,3.003703e-06,0.0541,5.07e-06,75.3846,0.8332,0.3768,2.9963,0.1721,0.661,1.24931,75.579,0.1814,0.0878,7.045,4.877e-06,66989.9,0.2463,0.08907,0.0882,1807.91,2.691e-05,0.2813,0.1087,3.01e-06,0.05447,5.087e-06,75.64,0.8102,0.3794,3.0024,0.1722,0.6652,1.25208,75.57,0.1813,0.08758,7.047,4.881e-06,66973.64,0.2464,0.08905,0.088,1807.38,2.69e-05,0.2818,0.10843,3.011e-06,0.05436,5.081e-06,75.62,0.8094,0.3798,3.0,0.1722,0.6642,1.252,75.58,0.1814,0.0878,7.049,4.884e-06,66985.2,0.2464,0.08908,0.08819,1807.84,2.691e-05,0.2817,0.10875,3.011e-06,0.05444,5.086e-06,75.63,0.81,0.3798,3.002,0.1723,0.6645,1.2522
2026-06-16 08:55:00,75.51,0.1812,0.0878,7.044,4.88e-06,66982.08,0.2463,0.08895,0.0881,1806.23,2.692e-05,0.2817,0.1087,3.01e-06,0.05447,5.08e-06,75.48,0.8086,0.38,2.997,0.1724,0.6639,1.2502,75.52,0.1812,0.0877,7.042,4.88e-06,66986.1,0.2459,0.08895,0.08807,1806.14,2.688e-05,0.2808,0.1086,3.007e-06,0.05448,5.085e-06,75.47,0.8086,0.3792,2.994,0.1723,0.6643,1.2503,75.54,0.1812,0.08777,7.044,4.88e-06,66980.4,0.2461,0.08891,0.08806,1806.55,2.692e-05,0.2817,0.1087,3.01e-06,0.05447,5.088e-06,75.48,0.8087,0.3799,2.997,0.1722,0.6638,1.2503,75.42,0.181,0.0877,7.04,4.87e-06,66937.54,0.2461,0.0889,0.088,1804.8,2.69e-05,0.281,0.109,3e-06,0.05445,5.08e-06,75.43,0.808,0.3798,2.998,0.172,0.6637,1.2495,75.437,0.18119,0.0877,7.042,4.819e-06,66988.98,0.2456,0.088977,0.08764,1806.35,2.692e-05,0.2742,0.1083,2.972e-06,0.05411,5.088e-06,75.49,0.80774,0.37992,2.9883,0.171,0.6648,1.2505,75.1936,0.18135,0.0878,7.0416,4.8571e-06,66992.76,0.2454,0.089102,0.08809,1807.14,2.69e-05,0.279,0.1087,3.003703e-06,0.0541,5.07e-06,75.3846,0.8331,0.3771,2.9904,0.1721,0.661,1.24931,75.518,0.1813,0.0878,7.041,4.872e-06,66990.9,0.2464,0.08897,0.0881,1806.39,2.691e-05,0.2813,0.1086,3.009e-06,0.0545,5.087e-06,75.48,0.8086,0.38,2.996,0.1721,0.6637,1.25017,75.5,0.1813,0.08782,7.043,4.88e-06,66980.2,0.2462,0.08896,0.0881,1805.79,2.693e-05,0.2817,0.1087,3.01e-06,0.05444,5.087e-06,75.47,0.8081,0.38,2.995,0.1722,0.6649,1.2502,75.55,0.1812,0.08776,7.044,4.874e-06,66987.3,0.2463,0.08892,0.08811,1806.34,2.691e-05,0.2817,0.10877,3.008e-06,0.05445,5.088e-06,75.47,0.8085,0.3799,2.997,0.1723,0.6639,1.2502
2026-06-16 08:56:00,75.44,0.181,0.0877,7.036,4.88e-06,66945.99,0.2462,0.08889,0.088,1806.23,2.691e-05,0.2816,0.1087,3.01e-06,0.05446,5.09e-06,75.43,0.8078,0.3798,3.006,0.1722,0.6645,1.2487,75.43,0.1811,0.0877,7.037,4.88e-06,66948.34,0.2459,0.08889,0.08799,1806.3,2.688e-05,0.2808,0.1086,3.005e-06,0.05445,5.082e-06,75.42,0.8085,0.3792,3.004,0.1723,0.6639,1.2488,75.46,0.181,0.08772,7.036,4.877e-06,66948.6,0.2461,0.08888,0.08806,1806.3,2.692e-05,0.2815,0.1087,3.006e-06,0.05448,5.084e-06,75.44,0.8078,0.3798,3.003,0.1723,0.6643,1.2488,75.4,0.1809,0.0877,7.03,4.87e-06,66903.73,0.2461,0.08886,0.088,1804.84,2.69e-05,0.281,0.109,3e-06,0.05442,5.08e-06,75.37,0.8074,0.3797,3.005,0.172,0.664,1.2481,75.437,0.18101,0.0877,7.038,4.819e-06,66944.09,0.2456,0.088891,0.08764,1806.23,2.692e-05,0.2742,0.1083,2.972e-06,0.05411,5.088e-06,75.43,0.80774,0.37992,2.9883,0.1725,0.6639,1.2487,75.1936,0.18104,0.0878,7.0342,4.8571e-06,67000.0,0.2449,0.089102,0.08804,1806.8,2.69e-05,0.2787,0.1086,3.003703e-06,0.0541,5.07e-06,75.1659,0.8334,0.3771,3.0005,0.1721,0.661,1.24931,75.459,0.1811,0.0878,7.037,4.875e-06,66942.1,0.2464,0.0889,0.088,1805.53,2.691e-05,0.2813,0.1087,3.005e-06,0.05448,5.084e-06,75.41,0.8083,0.3798,3.0056,0.1723,0.6634,1.24893,75.51,0.181,0.08782,7.038,4.877e-06,66946.83,0.2461,0.08892,0.08801,1806.59,2.692e-05,0.2815,0.10869,3.004e-06,0.05441,5.082e-06,75.43,0.8077,0.3799,3.003,0.1721,0.6644,1.2488,75.49,0.181,0.08782,7.037,4.879e-06,66949.9,0.2461,0.0889,0.08806,1806.39,2.691e-05,0.2818,0.10867,3.005e-06,0.05446,5.084e-06,75.43,0.8077,0.3799,3.006,0.1723,0.6644,1.2489
2026-06-16 09:48:00,74.94,0.1797,0.0869,6.965,4.81e-06,66590.99,0.2447,0.08859,0.0871,1791.22,2.668e-05,0.2782,0.1079,2.99e-06,0.05431,5.05e-06,74.97,0.7992,0.3782,2.945,0.1708,0.6489,1.2394,74.92,0.1797,0.0869,6.966,4.821e-06,66586.88,0.2447,0.08861,0.08705,1791.2,2.668e-05,0.2784,0.1078,2.984e-06,0.0543,5.054e-06,74.98,0.7992,0.3782,2.942,0.1707,0.6487,1.2397,74.96,0.1796,0.0868,6.965,4.806e-06,66589.1,0.2446,0.08859,0.08704,1791.16,2.675e-05,0.2781,0.1079,2.985e-06,0.05433,5.05e-06,74.97,0.7992,0.3782,2.944,0.1708,0.6487,1.2394,74.82,0.1794,0.0867,6.96,4.8e-06,66537.05,0.2442,0.08854,0.087,1789.87,2.66e-05,0.278,0.108,2.99e-06,0.05433,5.04e-06,74.92,0.7985,0.3778,2.943,0.171,0.6484,1.2385,74.937,0.17968,0.087,6.964,4.838e-06,66592.13,0.2462,0.0886,0.08764,1791.5,2.692e-05,0.2789,0.1083,3.002e-06,0.05411,5.044e-06,74.98,0.79986,0.37968,2.9497,0.1725,0.6523,1.2396,75.0533,0.179931,0.0868,6.9613,4.8367e-06,66664.71,0.2445,0.088747,0.08731,1791.97,2.665e-05,0.2757,0.1079,2.984972e-06,0.0542,5.05e-06,74.9543,0.8359,0.3771,2.9397,0.1706,0.643,1.23825,74.94,0.1797,0.0869,6.965,4.806e-06,66594.7,0.2454,0.0886,0.0871,1791.18,2.668e-05,0.2785,0.1077,2.985e-06,0.05434,5.047e-06,74.98,0.7992,0.3782,2.9447,0.1708,0.6488,1.23944,74.96,0.1797,0.0869,6.967,4.807e-06,66593.22,0.2446,0.08858,0.0873,1791.38,2.668e-05,0.2783,0.10789,2.985e-06,0.05429,5.045e-06,74.97,0.7989,0.3782,2.939,0.1704,0.6489,1.2394,74.94,0.1797,0.08689,6.966,4.805e-06,66591.8,0.2447,0.08859,0.08705,1791.18,2.67e-05,0.2781,0.10789,2.984e-06,0.05431,5.048e-06,74.97,0.7991,0.3781,2.945,0.1709,0.6487,1.2394
2026-06-16 12:16:00,75.87,0.18,0.0871,6.952,4.82e-06,66646.0,0.2423,0.08845,0.087,1819.04,2.655e-05,0.2799,0.1093,2.99e-06,0.05426,5.01e-06,74.97,0.7994,0.3791,3.023,0.1707,0.6525,1.2468,75.85,0.18,0.0871,6.952,4.817e-06,66645.63,0.2421,0.08845,0.087,1819.27,2.652e-05,0.2801,0.1093,2.988e-06,0.05431,5.017e-06,74.97,0.7993,0.3787,3.02,0.1708,0.6526,1.2469,75.86,0.18,0.08712,6.949,4.812e-06,66641.1,0.2423,0.08846,0.087,1819.24,2.654e-05,0.2798,0.1093,2.988e-06,0.05429,5.017e-06,74.97,0.7996,0.3788,3.023,0.1707,0.6527,1.2468,75.8,0.1798,0.0871,6.95,4.8e-06,66599.73,0.2419,0.08838,0.0869,1817.76,2.64e-05,0.28,0.11,2.98e-06,0.05418,5.01e-06,74.91,0.7989,0.3787,3.02,0.17,0.6518,1.246,75.767,0.17998,0.0866,6.952,4.838e-06,66653.62,0.2413,0.088447,0.08764,1819.27,2.64e-05,0.2786,0.1078,2.989e-06,0.05427,5.004e-06,74.99,0.79984,0.38196,3.0197,0.1725,0.6524,1.2467,75.7715,0.17996,0.0869,6.9513,4.8075e-06,66696.26,0.2416,0.08839,0.08699,1819.63,2.658e-05,0.279,0.1093,2.984406e-06,0.0543,5.02e-06,74.85,0.8198,0.3772,3.0228,0.1704,0.649,1.24566,75.865,0.18,0.0871,6.949,4.815e-06,66647.6,0.2424,0.08845,0.087,1819.09,2.654e-05,0.2795,0.1093,2.987e-06,0.05425,5.014e-06,74.96,0.7994,0.379,3.023,0.1707,0.6518,1.2466,75.82,0.18,0.08707,6.951,4.815e-06,66642.56,0.2422,0.08845,0.08699,1818.8,2.655e-05,0.2798,0.10932,2.988e-06,0.05423,5.014e-06,74.97,0.7991,0.3788,3.021,0.1705,0.6522,1.2469,75.84,0.18,0.08708,6.951,4.813e-06,66648.0,0.2423,0.08845,0.08702,1819.21,2.654e-05,0.2799,0.10935,2.988e-06,0.05428,5.017e-06,74.98,0.7992,0.3789,3.023,0.1707,0.6523,1.2467
2026-06-16 12:17:00,75.86,0.1801,0.0871,6.953,4.82e-06,66632.01,0.2422,0.08842,0.087,1819.8,2.655e-05,0.2799,0.1093,2.99e-06,0.05425,5.02e-06,74.96,0.7993,0.379,3.014,0.1708,0.6509,1.2477,75.83,0.1801,0.0871,6.953,4.817e-06,66628.47,0.2421,0.08843,0.08695,1819.87,2.652e-05,0.2801,0.1093,2.988e-06,0.05431,5.017e-06,74.97,0.7992,0.3787,3.017,0.1708,0.651,1.2475,75.86,0.1801,0.08713,6.949,4.812e-06,66625.8,0.2419,0.08841,0.08694,1819.77,2.654e-05,0.2798,0.1093,2.987e-06,0.05427,5.02e-06,74.97,0.7993,0.3791,3.015,0.1707,0.6514,1.2475,75.8,0.18,0.0871,6.95,4.8e-06,66575.81,0.2419,0.08837,0.0869,1818.12,2.64e-05,0.28,0.11,2.98e-06,0.05418,5.01e-06,74.93,0.7989,0.3787,3.014,0.17,0.6509,1.247,75.767,0.18009,0.0866,6.952,4.838e-06,66634.65,0.2413,0.088461,0.08764,1819.86,2.64e-05,0.2786,0.1078,2.989e-06,0.05427,5.004e-06,74.97,0.79984,0.38196,3.0197,0.1725,0.6514,1.2479,75.7715,0.180261,0.087,6.951,4.8075e-06,66676.8,0.2416,0.08839,0.08699,1820.34,2.657e-05,0.279,0.1093,2.984406e-06,0.0543,5.02e-06,74.85,0.8198,0.3772,3.0137,0.1705,0.647,1.24528,75.882,0.1801,0.0871,6.951,4.812e-06,66629.3,0.2424,0.08845,0.087,1819.85,2.654e-05,0.2801,0.1093,2.987e-06,0.05425,5.016e-06,74.96,0.7993,0.379,3.0146,0.1707,0.6517,1.24759,75.86,0.1801,0.08711,6.956,4.818e-06,66625.45,0.2421,0.08841,0.08701,1820.05,2.655e-05,0.2798,0.1093,2.986e-06,0.05425,5.017e-06,74.97,0.7991,0.3789,3.016,0.1703,0.6514,1.2477,75.87,0.1801,0.08708,6.954,4.813e-06,66632.6,0.2421,0.08844,0.08698,1819.86,2.654e-05,0.2799,0.10936,2.987e-06,0.05426,5.018e-06,74.98,0.7992,0.3789,3.014,0.1707,0.6516,1.2477
2026-06-16 12:57:00,75.68,0.1802,0.0872,6.962,4.82e-06,66441.46,0.2419,0.08839,0.0883,1814.93,2.646e-05,0.2808,0.1091,2.99e-06,0.05417,5.03e-06,74.94,0.7998,0.379,3.067,0.1712,0.6505,1.2446,75.74,0.1802,0.0871,6.961,4.821e-06,66443.72,0.2418,0.08839,0.0883,1814.83,2.647e-05,0.2808,0.109,2.989e-06,0.05418,5.022e-06,74.95,0.7999,0.3788,3.067,0.1713,0.6506,1.2445,75.69,0.1802,0.0871,6.96,4.827e-06,66448.7,0.242,0.08839,0.08827,1814.86,2.654e-05,0.2807,0.1091,2.988e-06,0.05418,5.02e-06,74.96,0.8,0.3791,3.069,0.1712,0.6502,1.2448,75.66,0.1801,0.0871,6.96,4.81e-06,66387.95,0.2417,0.08833,0.0883,1813.04,2.64e-05,0.281,0.109,2.99e-06,0.05413,5.02e-06,74.88,0.8,0.3786,3.064,0.172,0.6504,1.2436,75.454,0.18015,0.087,6.964,4.838e-06,66440.22,0.2423,0.088402,0.08764,1814.74,2.64e-05,0.2807,0.1098,2.99e-06,0.05427,5.04e-06,74.96,0.79976,0.37842,3.0557,0.1725,0.6459,1.2445,75.653,0.180103,0.0873,6.9597,4.816e-06,66506.39,0.2411,0.088646,0.08814,1815.55,2.648e-05,0.2796,0.1093,2.98594e-06,0.0541,5.03e-06,74.915,0.8224,0.3768,3.064,0.1709,0.65,1.24441,75.662,0.1802,0.0871,6.961,4.817e-06,66450.0,0.2416,0.08839,0.0883,1814.67,2.646e-05,0.2802,0.1091,2.989e-06,0.05416,5.017e-06,74.95,0.7999,0.3788,3.0676,0.171,0.6509,1.24458,75.7,0.1801,0.08709,6.961,4.824e-06,66440.24,0.2419,0.08839,0.08814,1814.87,2.647e-05,0.2808,0.10913,2.989e-06,0.05416,5.02e-06,74.95,0.8002,0.3788,3.067,0.1711,0.6506,1.2446,75.69,0.1802,0.08713,6.962,4.819e-06,66442.4,0.2419,0.08838,0.08832,1814.79,2.648e-05,0.2808,0.1092,2.988e-06,0.05417,5.016e-06,74.95,0.7998,0.3789,3.069,0.1712,0.6507,1.2445
2026-06-16 12:58:00,75.7,0.1801,0.0872,6.963,4.82e-06,66428.01,0.242,0.08839,0.0883,1814.26,2.645e-05,0.2807,0.1092,2.99e-06,0.05418,5.03e-06,74.93,0.7993,0.3788,3.067,0.1713,0.6516,1.2439,75.72,0.1801,0.0871,6.963,4.821e-06,66425.0,0.2418,0.08839,0.08829,1814.31,2.647e-05,0.2808,0.109,2.989e-06,0.05421,5.026e-06,74.94,0.7997,0.3789,3.066,0.1713,0.6515,1.2437,75.72,0.1801,0.0871,6.964,4.826e-06,66433.2,0.242,0.08842,0.08822,1814.33,2.654e-05,0.2806,0.1092,2.991e-06,0.05419,5.026e-06,74.94,0.7995,0.379,3.068,0.1712,0.6515,1.2439,75.64,0.1799,0.0871,6.96,4.81e-06,66370.81,0.2419,0.08833,0.0882,1812.55,2.62e-05,0.281,0.109,2.99e-06,0.05423,5.02e-06,74.87,0.7991,0.3786,3.064,0.172,0.6502,1.2429,75.454,0.18007,0.087,6.965,4.838e-06,66423.51,0.2423,0.088432,0.08764,1814.12,2.64e-05,0.2807,0.1098,2.99e-06,0.05427,5.024e-06,74.96,0.79976,0.37842,3.0762,0.1725,0.6459,1.2441,75.653,0.180086,0.0873,6.9637,4.816e-06,66496.83,0.2412,0.088646,0.08811,1815.47,2.646e-05,0.2795,0.1091,2.98594e-06,0.0541,5.02e-06,74.915,0.8224,0.3771,3.062,0.1711,0.651,1.24441,75.662,0.1801,0.0871,6.963,4.824e-06,66428.3,0.242,0.08842,0.0883,1813.87,2.646e-05,0.2802,0.1091,2.99e-06,0.0542,5.022e-06,74.94,0.7994,0.3788,3.0671,0.1713,0.6517,1.24426,75.73,0.18,0.08714,6.965,4.824e-06,66430.01,0.242,0.08839,0.08845,1814.23,2.647e-05,0.2809,0.1092,2.991e-06,0.0542,5.022e-06,74.93,0.7995,0.3787,3.07,0.1712,0.6517,1.2439,75.72,0.18,0.08713,6.962,4.826e-06,66426.8,0.2419,0.0884,0.08826,1814.16,2.648e-05,0.2807,0.10917,2.99e-06,0.0542,5.023e-06,74.95,0.7997,0.3789,3.068,0.1713,0.6516,1.2439
2026-06-16 12:59:00,75.77,0.18,0.0871,6.968,4.83e-06,66429.83,0.2421,0.08843,0.0884,1814.88,2.646e-05,0.2809,0.1092,2.99e-06,0.05425,5.02e-06,74.94,0.7998,0.3791,3.073,0.1713,0.6513,1.2446,75.74,0.1801,0.0872,6.964,4.821e-06,66425.2,0.2418,0.08843,0.0885,1814.95,2.647e-05,0.2808,0.109,2.99e-06,0.05427,5.026e-06,74.94,0.7992,0.3789,3.072,0.1715,0.6505,1.2446,75.77,0.1801,0.08717,6.966,4.827e-06,66432.6,0.2421,0.08842,0.08843,1814.89,2.654e-05,0.2808,0.1092,2.991e-06,0.05426,5.026e-06,74.94,0.8001,0.3792,3.073,0.1714,0.6511,1.2448,75.7,0.18,0.0871,6.96,4.82e-06,66367.98,0.2419,0.08836,0.0884,1813.08,2.62e-05,0.281,0.109,2.99e-06,0.05423,5.02e-06,74.88,0.7996,0.3795,3.07,0.172,0.6508,1.2434,75.454,0.18009,0.087,6.965,4.838e-06,66422.78,0.2423,0.088445,0.08764,1814.72,2.64e-05,0.2807,0.1098,2.99e-06,0.05427,5.024e-06,74.93,0.79976,0.37842,3.0762,0.1725,0.6459,1.2448,75.653,0.180087,0.0873,6.9656,4.816e-06,66496.86,0.2413,0.088646,0.0882,1815.61,2.647e-05,0.2797,0.1091,2.986016e-06,0.0541,5.02e-06,74.915,0.8223,0.3773,3.0669,0.1712,0.65,1.24441,75.802,0.1801,0.0871,6.963,4.824e-06,66430.1,0.242,0.08841,0.0884,1814.65,2.646e-05,0.2802,0.1091,2.993e-06,0.05427,5.022e-06,74.94,0.7999,0.3791,3.0725,0.1714,0.6512,1.24478,75.73,0.18,0.08716,6.965,4.83e-06,66426.13,0.242,0.08843,0.08831,1814.76,2.645e-05,0.281,0.10907,2.993e-06,0.05424,5.021e-06,74.94,0.7997,0.3791,3.072,0.1713,0.6504,1.2445,75.75,0.1801,0.08706,6.967,4.826e-06,66430.8,0.2422,0.08842,0.08846,1814.73,2.648e-05,0.2808,0.10915,2.993e-06,0.05426,5.023e-06,74.95,0.7993,0.3792,3.074,0.1713,0.6513,1.2447
2026-06-16 13:00:00,75.72,0.1801,0.0872,6.966,4.83e-06,66427.93,0.2423,0.08839,0.0882,1814.98,2.645e-05,0.2808,0.1093,2.99e-06,0.05427,5.02e-06,74.91,0.7999,0.3793,3.077,0.1715,0.6504,1.2447,75.75,0.1801,0.0872,6.965,4.821e-06,66424.43,0.2418,0.08839,0.08822,1815.01,2.647e-05,0.2812,0.109,2.993e-06,0.05428,5.026e-06,74.9,0.7999,0.3797,3.073,0.1715,0.6502,1.2446,75.69,0.1802,0.08715,6.964,4.827e-06,66432.0,0.2421,0.08841,0.08814,1815.09,2.654e-05,0.2807,0.1093,2.993e-06,0.05431,5.025e-06,74.92,0.8001,0.3794,3.078,0.1715,0.6502,1.2446,75.72,0.1799,0.0871,6.96,4.82e-06,66367.99,0.2422,0.08831,0.0881,1813.23,2.62e-05,0.281,0.109,2.99e-06,0.0543,5.02e-06,74.85,0.8002,0.3794,3.074,0.172,0.6495,1.2436,75.454,0.18011,0.087,6.965,4.838e-06,66427.92,0.2423,0.088399,0.08764,1814.89,2.64e-05,0.2807,0.1098,2.99e-06,0.05428,5.02e-06,74.9,0.79976,0.37842,3.0762,0.1725,0.6496,1.2447,75.653,0.180105,0.0873,6.963,4.8361e-06,66496.83,0.2414,0.088646,0.08819,1815.21,2.647e-05,0.2795,0.1092,2.993425e-06,0.0542,5.02e-06,74.915,0.8223,0.3776,3.0703,0.1712,0.651,1.24441,75.746,0.1801,0.0872,6.964,4.83e-06,66429.0,0.2421,0.08839,0.0882,1814.75,2.646e-05,0.2802,0.1092,2.993e-06,0.05427,5.022e-06,74.91,0.8001,0.3796,3.078,0.1715,0.65,1.2446,75.71,0.18,0.08711,6.968,4.826e-06,66425.17,0.2423,0.08838,0.08819,1814.96,2.647e-05,0.2807,0.10931,2.994e-06,0.0543,5.021e-06,74.92,0.8,0.3792,3.074,0.1714,0.6502,1.2446,75.69,0.1801,0.08714,6.965,4.826e-06,66416.9,0.2425,0.08838,0.08816,1814.98,2.648e-05,0.2808,0.1092,2.993e-06,0.05428,5.023e-06,74.91,0.7999,0.3793,3.079,0.1714,0.6503,1.2447
2026-06-16 13:01:00,75.75,0.1801,0.0872,6.964,4.83e-06,66420.0,0.2423,0.08838,0.0881,1814.07,2.645e-05,0.2806,0.1093,2.99e-06,0.05427,5.03e-06,74.85,0.7998,0.3794,3.085,0.1715,0.6516,1.2442,75.76,0.1801,0.0872,6.964,4.821e-06,66415.84,0.2422,0.08846,0.08807,1814.0,2.647e-05,0.2807,0.109,2.996e-06,0.05428,5.026e-06,74.84,0.7998,0.3794,3.085,0.1717,0.6517,1.2443,75.73,0.1801,0.08719,6.962,4.835e-06,66422.4,0.2423,0.08841,0.08805,1814.15,2.654e-05,0.2808,0.1093,2.994e-06,0.05427,5.025e-06,74.86,0.7999,0.3795,3.087,0.1716,0.6517,1.2443,75.7,0.1799,0.087,6.96,4.83e-06,66360.11,0.242,0.08832,0.0881,1812.26,2.62e-05,0.281,0.109,2.99e-06,0.0543,5.01e-06,74.79,0.7995,0.3792,3.085,0.172,0.6508,1.2432,75.454,0.18015,0.087,6.967,4.838e-06,66414.41,0.2423,0.088419,0.08764,1813.86,2.64e-05,0.2807,0.1098,2.99e-06,0.05428,5.02e-06,74.86,0.80076,0.37842,3.09,0.1725,0.652,1.2443,75.653,0.180105,0.0873,6.9623,4.8361e-06,66512.28,0.2423,0.088696,0.08788,1814.62,2.649e-05,0.2793,0.1094,2.993425e-06,0.0542,5.01e-06,74.915,0.8224,0.3776,3.0804,0.1713,0.65,1.24441,75.791,0.1801,0.0872,6.963,4.834e-06,66423.5,0.2427,0.08843,0.0882,1813.77,2.646e-05,0.2802,0.1092,2.993e-06,0.05427,5.024e-06,74.88,0.8007,0.3796,3.0863,0.1716,0.6517,1.24456,75.79,0.18,0.08717,6.97,4.834e-06,66420.01,0.2422,0.08838,0.08826,1814.04,2.65e-05,0.2807,0.1093,2.993e-06,0.05431,5.022e-06,74.85,0.8006,0.3792,3.083,0.1714,0.6523,1.244,75.88,0.18,0.08724,6.966,4.834e-06,66413.3,0.2424,0.08838,0.08811,1814.11,2.647e-05,0.2806,0.10921,2.992e-06,0.05427,5.022e-06,74.85,0.7999,0.3794,3.086,0.1717,0.6518,1.244
2026-06-16 13:15:00,74.73,0.1782,0.0862,6.901,4.78e-06,66247.29,0.2388,0.08775,0.0869,1805.37,2.628e-05,0.2773,0.1081,2.97e-06,0.05359,5.01e-06,74.37,0.7921,0.3749,3.041,0.1693,0.6445,1.2368,74.76,0.1782,0.0861,6.902,4.781e-06,66245.49,0.2388,0.08775,0.08689,1805.66,2.625e-05,0.2773,0.1079,2.963e-06,0.05357,5.002e-06,74.37,0.792,0.3741,3.04,0.1694,0.6444,1.2367,74.72,0.1781,0.08626,6.902,4.776e-06,66250.9,0.2389,0.08774,0.08688,1805.46,2.613e-05,0.277,0.1081,2.962e-06,0.05354,5.002e-06,74.38,0.7922,0.3748,3.041,0.1692,0.6445,1.2368,74.68,0.1781,0.0863,6.89,4.76e-06,66188.01,0.2387,0.08766,0.0868,1803.72,2.62e-05,0.277,0.108,2.95e-06,0.0536,4.99e-06,74.32,0.7918,0.3746,3.038,0.169,0.6439,1.2358,74.767,0.1782,0.0861,6.896,4.838e-06,66250.34,0.2368,0.087724,0.08764,1805.26,2.64e-05,0.2783,0.1076,2.961e-06,0.05357,5.02e-06,74.37,0.79223,0.3738,3.0397,0.1725,0.6446,1.2368,74.292,0.178218,0.0867,6.9,4.7648e-06,66294.8,0.2377,0.088048,0.08668,1806.12,2.63e-05,0.2758,0.108,2.958827e-06,0.0535,5.02e-06,74.2347,0.8255,0.3732,3.0353,0.1691,0.643,1.2321,74.714,0.1782,0.0863,6.9,4.776e-06,66246.2,0.2389,0.08777,0.0868,1805.59,2.626e-05,0.2767,0.1079,2.962e-06,0.05359,4.997e-06,74.36,0.7922,0.3742,3.0401,0.1692,0.6446,1.23673,74.69,0.1781,0.08622,6.901,4.777e-06,66247.17,0.2389,0.08774,0.08665,1805.71,2.628e-05,0.2771,0.10807,2.96e-06,0.05353,5.003e-06,74.38,0.7921,0.3748,3.041,0.1692,0.6427,1.2368,74.75,0.1782,0.0863,6.902,4.776e-06,66246.6,0.2388,0.08775,0.08693,1805.28,2.627e-05,0.277,0.10808,2.963e-06,0.05357,5.001e-06,74.37,0.7921,0.3745,3.042,0.1694,0.6444,1.2368
2026-06-16 13:16:00,74.82,0.1783,0.0863,6.909,4.78e-06,66267.99,0.2389,0.08781,0.0871,1808.0,2.63e-05,0.2778,0.1081,2.97e-06,0.05363,5e-06,74.43,0.7927,0.3753,3.048,0.1694,0.6415,1.2379,74.8,0.1783,0.0863,6.91,4.781e-06,66270.0,0.2388,0.08781,0.08711,1808.03,2.625e-05,0.2775,0.1081,2.967e-06,0.05357,5.005e-06,74.43,0.7927,0.3751,3.048,0.1694,0.6412,1.2379,74.81,0.1782,0.08636,6.908,4.781e-06,66273.1,0.2389,0.08781,0.08704,1808.19,2.632e-05,0.2777,0.1081,2.965e-06,0.0536,5.002e-06,74.44,0.7927,0.3754,3.049,0.1696,0.6416,1.2378,74.74,0.1782,0.0863,6.91,4.77e-06,66214.65,0.2387,0.08775,0.087,1806.35,2.62e-05,0.277,0.108,2.96e-06,0.0536,4.99e-06,74.39,0.7921,0.3751,3.046,0.169,0.6408,1.2371,74.792,0.17814,0.0861,6.896,4.838e-06,66268.8,0.2368,0.087838,0.08764,1808.1,2.64e-05,0.2783,0.1076,2.961e-06,0.05357,5.02e-06,74.43,0.79223,0.3738,3.0437,0.1725,0.6446,1.2378,74.292,0.178269,0.0867,6.907,4.7648e-06,66287.23,0.2379,0.088048,0.08688,1808.63,2.633e-05,0.2763,0.1081,2.959259e-06,0.0536,5e-06,74.3445,0.8255,0.3737,3.0432,0.1692,0.641,1.2321,74.829,0.1782,0.0863,6.908,4.779e-06,66268.9,0.2389,0.08786,0.0871,1807.9,2.626e-05,0.2776,0.108,2.965e-06,0.05364,5.004e-06,74.43,0.7926,0.3755,3.0488,0.1693,0.6419,1.23789,74.79,0.1782,0.08635,6.909,4.788e-06,66266.4,0.2389,0.0878,0.08711,1808.11,2.631e-05,0.2776,0.10811,2.962e-06,0.05363,5.007e-06,74.44,0.7927,0.3752,3.049,0.1695,0.6417,1.2381,74.82,0.1783,0.08638,6.909,4.778e-06,66267.3,0.2389,0.08781,0.08713,1808.33,2.627e-05,0.2777,0.10817,2.967e-06,0.05364,5.005e-06,74.43,0.7926,0.3754,3.049,0.1695,0.6414,1.238
2026-06-16 13:19:00,74.86,0.1781,0.0864,6.911,4.78e-06,66253.86,0.239,0.08784,0.0869,1808.94,2.629e-05,0.2782,0.1079,2.96e-06,0.05364,5.01e-06,74.42,0.7936,0.3754,3.054,0.1692,0.6416,1.2376,74.84,0.1781,0.0863,6.912,4.781e-06,66254.45,0.239,0.08784,0.08696,1809.04,2.629e-05,0.2781,0.1081,2.965e-06,0.05356,5.003e-06,74.42,0.7937,0.3754,3.054,0.1693,0.6416,1.2374,74.86,0.1782,0.08629,6.91,4.78e-06,66255.8,0.239,0.08781,0.08691,1809.08,2.632e-05,0.2779,0.108,2.963e-06,0.05359,5.005e-06,74.44,0.7937,0.3753,3.055,0.1693,0.6416,1.2374,74.78,0.178,0.0862,6.9,4.77e-06,66199.26,0.2388,0.08775,0.0868,1807.21,2.62e-05,0.278,0.108,2.96e-06,0.0536,5e-06,74.36,0.7931,0.3753,3.053,0.169,0.6398,1.2367,74.792,0.17818,0.0861,6.896,4.838e-06,66254.86,0.2368,0.08785,0.08764,1808.94,2.64e-05,0.2783,0.1076,2.961e-06,0.05357,5.02e-06,74.43,0.79311,0.3738,3.0437,0.1725,0.6446,1.2375,74.292,0.178109,0.0868,6.9094,4.7648e-06,66287.94,0.2379,0.088048,0.08672,1809.38,2.632e-05,0.2766,0.1079,2.959259e-06,0.0536,5e-06,74.3445,0.8288,0.374,3.0482,0.169,0.641,1.2321,74.857,0.1781,0.0864,6.911,4.78e-06,66252.6,0.2389,0.08783,0.0869,1808.59,2.626e-05,0.2776,0.108,2.961e-06,0.05359,5.004e-06,74.44,0.7936,0.3752,3.0529,0.1691,0.6412,1.2378,74.87,0.1781,0.08631,6.911,4.784e-06,66253.33,0.2389,0.08785,0.0869,1809.03,2.629e-05,0.278,0.108,2.964e-06,0.05355,5.007e-06,74.43,0.7933,0.3755,3.053,0.1691,0.642,1.2377,74.83,0.1782,0.08635,6.912,4.779e-06,66252.8,0.239,0.08785,0.08696,1808.9,2.631e-05,0.2779,0.10796,2.965e-06,0.05365,5.006e-06,74.43,0.7936,0.3751,3.055,0.1695,0.6416,1.2377
2026-06-16 13:20:00,74.82,0.178,0.0863,6.903,4.78e-06,66200.0,0.2386,0.08777,0.087,1807.7,2.627e-05,0.2777,0.1079,2.97e-06,0.05357,5e-06,74.32,0.7928,0.3754,3.04,0.169,0.64,1.2359,74.84,0.178,0.0863,6.904,4.779e-06,66200.69,0.2385,0.08779,0.0869,1807.58,2.629e-05,0.2777,0.1081,2.961e-06,0.05357,5.001e-06,74.32,0.7928,0.3753,3.04,0.1693,0.6403,1.2358,74.82,0.178,0.08624,6.901,4.776e-06,66206.1,0.2386,0.08778,0.08691,1807.67,2.632e-05,0.2777,0.108,2.961e-06,0.05358,5.005e-06,74.33,0.7928,0.3756,3.041,0.1692,0.6402,1.2357,74.76,0.1779,0.0862,6.9,4.77e-06,66148.31,0.2386,0.08769,0.0869,1806.09,2.62e-05,0.278,0.108,2.96e-06,0.0536,4.99e-06,74.25,0.7921,0.3756,3.036,0.169,0.6404,1.235,74.792,0.17799,0.0861,6.905,4.838e-06,66206.46,0.2368,0.08785,0.08764,1807.73,2.64e-05,0.2783,0.1076,2.961e-06,0.05357,5.02e-06,74.33,0.79311,0.3738,3.0437,0.1725,0.6389,1.2361,74.292,0.178012,0.0864,6.8999,4.7648e-06,66248.33,0.2376,0.088048,0.08683,1808.14,2.629e-05,0.2762,0.1079,2.959259e-06,0.0535,5e-06,74.3445,0.8277,0.3739,3.0352,0.1688,0.639,1.2321,74.824,0.178,0.0863,6.903,4.78e-06,66196.7,0.2389,0.0878,0.0869,1807.49,2.626e-05,0.2776,0.108,2.962e-06,0.05356,5e-06,74.32,0.7928,0.3756,3.0405,0.1691,0.6403,1.23589,74.81,0.178,0.0863,6.902,4.773e-06,66203.3,0.2386,0.08778,0.0869,1807.75,2.628e-05,0.2777,0.10787,2.961e-06,0.0536,5.005e-06,74.31,0.7927,0.3753,3.04,0.1689,0.6394,1.2359,74.81,0.178,0.08635,6.903,4.779e-06,66204.1,0.2387,0.08778,0.08699,1807.73,2.632e-05,0.2779,0.10794,2.963e-06,0.05356,5.001e-06,74.34,0.7928,0.3754,3.042,0.1695,0.6401,1.2359
2026-06-16 13:22:00,74.63,0.1775,0.0859,6.883,4.77e-06,66143.72,0.238,0.08761,0.0866,1805.17,2.619e-05,0.2767,0.1077,2.96e-06,0.05344,4.99e-06,74.16,0.7905,0.3746,3.024,0.1685,0.6369,1.2334,74.7,0.1775,0.0859,6.885,4.767e-06,66140.43,0.2379,0.08761,0.08666,1805.09,2.629e-05,0.2773,0.1077,2.955e-06,0.05344,5.001e-06,74.15,0.7905,0.3745,3.022,0.1686,0.6368,1.2334,74.63,0.1775,0.08594,6.885,4.769e-06,66142.8,0.238,0.08763,0.08664,1805.14,2.632e-05,0.2767,0.1077,2.955e-06,0.05344,5.005e-06,74.17,0.7905,0.3745,3.025,0.1685,0.6369,1.2335,74.55,0.1774,0.0858,6.88,4.77e-06,66083.8,0.2376,0.08757,0.0866,1803.61,2.62e-05,0.276,0.108,2.95e-06,0.05339,4.99e-06,74.1,0.79,0.3744,3.021,0.169,0.6363,1.2325,74.736,0.17752,0.0861,6.886,4.838e-06,66145.77,0.2368,0.087629,0.08764,1805.01,2.64e-05,0.2783,0.1076,2.961e-06,0.05357,5.02e-06,74.17,0.79311,0.3738,3.0437,0.1725,0.6366,1.2337,74.292,0.177644,0.0863,6.8839,4.7648e-06,66190.47,0.2371,0.087966,0.08665,1805.74,2.621e-05,0.2752,0.1077,2.959259e-06,0.0534,5e-06,74.1075,0.8273,0.3728,3.0182,0.1684,0.636,1.2321,74.613,0.1777,0.086,6.887,4.78e-06,66145.5,0.2389,0.08763,0.0866,1805.17,2.626e-05,0.2776,0.1079,2.955e-06,0.05344,4.991e-06,74.16,0.7909,0.3756,3.0228,0.1685,0.6366,1.2332,74.64,0.1776,0.08588,6.884,4.775e-06,66150.01,0.2381,0.08762,0.08663,1805.25,2.621e-05,0.277,0.10771,2.951e-06,0.05344,4.994e-06,74.18,0.7907,0.3744,3.023,0.1684,0.636,1.2334,74.64,0.1776,0.08595,6.886,4.768e-06,66141.5,0.238,0.08762,0.08663,1805.09,2.62e-05,0.2768,0.10772,2.953e-06,0.05346,4.991e-06,74.16,0.7905,0.3745,3.023,0.1685,0.637,1.2337
2026-06-16 13:31:00,74.75,0.1777,0.0862,6.897,4.77e-06,66152.0,0.2386,0.0878,0.087,1807.28,2.615e-05,0.2772,0.1081,2.96e-06,0.05353,4.99e-06,74.3,0.7938,0.3745,3.047,0.1694,0.6423,1.2346,74.75,0.1777,0.0861,6.898,4.767e-06,66150.94,0.2389,0.08779,0.08697,1807.46,2.609e-05,0.2772,0.1081,2.959e-06,0.05351,4.998e-06,74.31,0.794,0.3743,3.041,0.1695,0.6429,1.2346,74.76,0.1777,0.08599,6.892,4.775e-06,66157.5,0.2385,0.08777,0.08694,1806.93,2.617e-05,0.2772,0.1081,2.959e-06,0.05352,4.997e-06,74.32,0.7934,0.3744,3.047,0.1693,0.6422,1.2345,74.68,0.1776,0.086,6.89,4.77e-06,66087.92,0.2385,0.08772,0.0869,1805.52,2.61e-05,0.277,0.108,2.96e-06,0.05351,4.99e-06,74.25,0.7932,0.3744,3.044,0.169,0.642,1.2335,74.587,0.17778,0.0859,6.897,4.838e-06,66145.99,0.2368,0.087764,0.08764,1807.26,2.615e-05,0.2783,0.1076,2.961e-06,0.05357,5.02e-06,74.3,0.79356,0.3738,3.04,0.1725,0.6435,1.2346,74.292,0.17776,0.0865,6.8941,4.7421e-06,66190.61,0.2375,0.087756,0.08699,1807.84,2.619e-05,0.2758,0.1081,2.948275e-06,0.0534,4.99e-06,74.2417,0.8239,0.3731,3.0423,0.1692,0.642,1.23157,74.744,0.1779,0.0861,6.891,4.77e-06,66150.2,0.2386,0.08783,0.087,1807.16,2.616e-05,0.2773,0.1079,2.96e-06,0.05351,4.998e-06,74.3,0.7932,0.3746,3.0468,0.1694,0.6426,1.23463,74.66,0.1777,0.08611,6.892,4.778e-06,66140.0,0.2388,0.08781,0.08705,1807.5,2.616e-05,0.2773,0.10809,2.96e-06,0.05351,4.995e-06,74.33,0.7937,0.3746,3.042,0.1692,0.6426,1.2343,74.75,0.1778,0.08606,6.898,4.775e-06,66149.6,0.239,0.0878,0.08703,1807.15,2.607e-05,0.2772,0.10811,2.958e-06,0.05353,4.996e-06,74.31,0.794,0.3745,3.046,0.1693,0.6425,1.2346
2026-06-16 13:32:00,74.74,0.1777,0.0861,6.893,4.77e-06,66155.99,0.2412,0.08779,0.087,1807.3,2.606e-05,0.2774,0.108,2.96e-06,0.05352,4.99e-06,74.3,0.7937,0.3747,3.044,0.1696,0.6434,1.2347,74.71,0.1777,0.0861,6.889,4.767e-06,66162.37,0.2411,0.08776,0.087,1807.12,2.605e-05,0.2773,0.1079,2.958e-06,0.05351,4.998e-06,74.3,0.7938,0.3743,3.044,0.1696,0.6433,1.2347,74.74,0.1776,0.08604,6.89,4.775e-06,66165.7,0.2411,0.08777,0.08703,1807.12,2.609e-05,0.2773,0.1081,2.96e-06,0.05353,4.997e-06,74.32,0.7932,0.3745,3.044,0.1694,0.6431,1.2345,74.62,0.1776,0.086,6.89,4.77e-06,66098.47,0.2419,0.08771,0.0869,1805.4,2.6e-05,0.277,0.108,2.95e-06,0.05351,4.99e-06,74.25,0.793,0.3744,3.045,0.169,0.644,1.2338,74.587,0.17771,0.0859,6.897,4.838e-06,66161.37,0.2402,0.087755,0.08764,1807.13,2.607e-05,0.2783,0.1076,2.961e-06,0.05357,5.02e-06,74.29,0.79406,0.3738,3.04,0.1725,0.6433,1.2341,74.292,0.177691,0.0863,6.8911,4.7421e-06,66203.25,0.2408,0.087756,0.08699,1807.35,2.609e-05,0.276,0.1081,2.948275e-06,0.0533,4.99e-06,74.2249,0.8223,0.3733,3.0392,0.1693,0.643,1.23157,74.743,0.1777,0.0861,6.888,4.774e-06,66158.5,0.2407,0.08777,0.087,1807.17,2.605e-05,0.2773,0.1079,2.958e-06,0.0535,4.994e-06,74.3,0.7935,0.3747,3.045,0.1694,0.6429,1.23439,74.71,0.1777,0.08602,6.89,4.775e-06,66159.31,0.2411,0.08779,0.08687,1807.46,2.606e-05,0.2774,0.10811,2.957e-06,0.05346,4.994e-06,74.31,0.7937,0.3748,3.044,0.1695,0.6426,1.2345,74.72,0.1777,0.08604,6.894,4.774e-06,66161.3,0.2414,0.0878,0.08709,1807.24,2.609e-05,0.2776,0.10807,2.958e-06,0.05352,4.994e-06,74.31,0.7936,0.3747,3.044,0.1695,0.6435,1.2346
2026-06-16 13:33:00,74.47,0.1772,0.086,6.882,4.76e-06,66047.99,0.2414,0.0876,0.087,1802.92,2.603e-05,0.2768,0.1079,2.96e-06,0.05343,4.99e-06,74.12,0.7916,0.3743,3.026,0.1692,0.6436,1.2316,74.5,0.1772,0.086,6.887,4.77e-06,66045.0,0.242,0.08759,0.08697,1802.7,2.605e-05,0.2772,0.108,2.952e-06,0.0535,4.998e-06,74.13,0.7917,0.3744,3.028,0.1694,0.6433,1.2318,74.5,0.1772,0.08596,6.881,4.765e-06,66049.8,0.2414,0.0876,0.08692,1802.69,2.609e-05,0.2769,0.1079,2.954e-06,0.05354,4.995e-06,74.13,0.7918,0.3743,3.026,0.1692,0.6422,1.2318,74.44,0.1768,0.086,6.88,4.76e-06,65984.66,0.2414,0.08753,0.0869,1801.12,2.6e-05,0.277,0.108,2.95e-06,0.05351,4.98e-06,74.07,0.7914,0.374,3.023,0.169,0.6424,1.2306,74.508,0.17733,0.0859,6.897,4.838e-06,66048.84,0.2402,0.087616,0.08764,1802.65,2.607e-05,0.2783,0.1076,2.952e-06,0.05357,5.02e-06,74.14,0.79406,0.3738,3.04,0.1725,0.6429,1.2323,74.292,0.177296,0.0863,6.884,4.7421e-06,66112.22,0.2411,0.087691,0.08709,1803.67,2.607e-05,0.2754,0.1079,2.948275e-06,0.0533,4.99e-06,74.2249,0.8223,0.3729,3.0271,0.169,0.643,1.23157,74.5,0.1773,0.0861,6.884,4.775e-06,66056.2,0.2415,0.08762,0.087,1803.14,2.605e-05,0.2773,0.1079,2.953e-06,0.05344,4.996e-06,74.15,0.7923,0.3743,3.0265,0.1696,0.6428,1.23227,74.61,0.1772,0.08609,6.883,4.768e-06,66054.45,0.2415,0.08765,0.08697,1803.83,2.604e-05,0.2772,0.10791,2.96e-06,0.05346,4.995e-06,74.15,0.7941,0.3743,3.044,0.169,0.6449,1.2319,74.49,0.1774,0.08599,6.881,4.778e-06,66042.0,0.2415,0.08761,0.087,1802.79,2.606e-05,0.2772,0.10775,2.951e-06,0.05346,4.989e-06,74.14,0.7919,0.3743,3.027,0.1697,0.6435,1.2319
2026-06-16 13:34:00,74.35,0.1769,0.0858,6.874,4.76e-06,65980.39,0.2412,0.08746,0.0868,1800.74,2.599e-05,0.276,0.1076,2.95e-06,0.05334,4.98e-06,74.0,0.7901,0.3734,3.018,0.1687,0.6417,1.2294,74.37,0.177,0.0859,6.876,4.765e-06,65979.0,0.242,0.08753,0.0868,1800.68,2.6e-05,0.2762,0.1077,2.945e-06,0.0534,4.998e-06,74.0,0.7903,0.3742,3.02,0.1689,0.6417,1.2295,74.35,0.177,0.08577,6.874,4.756e-06,65980.5,0.2411,0.08745,0.08671,1800.69,2.6e-05,0.276,0.1076,2.946e-06,0.05354,4.984e-06,74.0,0.7901,0.3736,3.018,0.1688,0.6416,1.2294,74.28,0.1767,0.0858,6.87,4.75e-06,65916.93,0.2409,0.0874,0.0867,1799.04,2.6e-05,0.276,0.108,2.95e-06,0.05345,4.98e-06,73.94,0.7895,0.3733,3.015,0.169,0.6412,1.2284,74.407,0.17687,0.0859,6.878,4.838e-06,65979.4,0.2402,0.087469,0.08764,1800.72,2.607e-05,0.2783,0.1076,2.952e-06,0.05357,5.02e-06,74.01,0.79076,0.3738,3.04,0.1725,0.6436,1.2294,74.292,0.176979,0.0862,6.8732,4.7421e-06,66029.56,0.2402,0.087691,0.08673,1801.22,2.603e-05,0.2746,0.1075,2.948275e-06,0.0532,4.99e-06,73.9793,0.8223,0.372,3.0118,0.1685,0.641,1.23,74.363,0.1768,0.0858,6.88,4.755e-06,65981.5,0.2415,0.08755,0.0867,1800.74,2.602e-05,0.2763,0.1079,2.946e-06,0.05333,4.985e-06,74.0,0.7901,0.3738,3.0196,0.1688,0.6427,1.22948,74.38,0.1768,0.08577,6.88,4.753e-06,65982.65,0.2415,0.08748,0.0868,1800.87,2.6e-05,0.276,0.10764,2.95e-06,0.05329,4.983e-06,74.01,0.7911,0.3734,3.019,0.1686,0.6424,1.2292,74.38,0.177,0.08572,6.875,4.757e-06,65974.5,0.2414,0.08748,0.08677,1800.54,2.599e-05,0.276,0.1076,2.946e-06,0.05337,4.983e-06,74.0,0.79,0.3735,3.018,0.1688,0.6417,1.2295
2026-06-16 13:35:00,74.54,0.1774,0.086,6.889,4.77e-06,66061.36,0.2417,0.08764,0.087,1803.17,2.606e-05,0.2769,0.1078,2.95e-06,0.05347,4.98e-06,74.12,0.7923,0.3752,3.039,0.1692,0.6439,1.2307,74.53,0.1774,0.0859,6.889,4.764e-06,66066.41,0.242,0.08769,0.0869,1803.1,2.6e-05,0.277,0.1077,2.955e-06,0.05347,4.998e-06,74.13,0.7923,0.375,3.039,0.1693,0.6439,1.2314,74.54,0.1774,0.08598,6.888,4.768e-06,66067.7,0.2416,0.08764,0.08698,1803.0,2.6e-05,0.2769,0.1078,2.953e-06,0.05344,4.989e-06,74.12,0.7926,0.3752,3.041,0.1691,0.6442,1.2307,74.48,0.1773,0.0859,6.88,4.77e-06,65998.0,0.2415,0.08759,0.0869,1801.68,2.6e-05,0.276,0.108,2.95e-06,0.05345,4.98e-06,74.06,0.7912,0.375,3.037,0.169,0.6436,1.2297,74.407,0.17707,0.0859,6.885,4.838e-06,66080.67,0.2402,0.087646,0.08764,1803.18,2.607e-05,0.2783,0.1076,2.952e-06,0.05357,5.02e-06,74.13,0.79206,0.3738,3.04,0.1725,0.644,1.2309,74.292,0.177474,0.0861,6.8883,4.7458e-06,66132.25,0.2403,0.087691,0.08693,1803.98,2.611e-05,0.2755,0.1078,2.948275e-06,0.0533,4.99e-06,74.0413,0.8239,0.3736,3.034,0.1689,0.644,1.23058,74.535,0.1774,0.086,6.887,4.763e-06,66075.5,0.2421,0.08766,0.0869,1803.21,2.602e-05,0.2763,0.1077,2.955e-06,0.05347,4.988e-06,74.15,0.7923,0.3749,3.0381,0.1692,0.6437,1.23061,74.51,0.1774,0.08592,6.89,4.764e-06,66071.34,0.2417,0.08765,0.08666,1803.49,2.6e-05,0.2767,0.1075,2.948e-06,0.05329,4.983e-06,74.13,0.7925,0.3751,3.026,0.1692,0.6405,1.2304,74.54,0.1774,0.08598,6.89,4.768e-06,66064.0,0.2416,0.08768,0.08701,1803.07,2.599e-05,0.2768,0.10783,2.954e-06,0.05345,4.988e-06,74.12,0.7924,0.3752,3.04,0.1685,0.644,1.2306
2026-06-16 13:36:00,74.36,0.1769,0.0857,6.874,4.76e-06,65982.0,0.2411,0.08746,0.0868,1798.29,2.601e-05,0.2759,0.1076,2.95e-06,0.05334,4.98e-06,73.97,0.79,0.3744,3.019,0.1688,0.6435,1.2284,74.39,0.1769,0.0857,6.88,4.765e-06,65980.31,0.242,0.08746,0.0868,1798.16,2.604e-05,0.2761,0.1075,2.947e-06,0.0534,4.985e-06,73.97,0.79,0.3745,3.019,0.1689,0.6436,1.2281,74.39,0.177,0.08573,6.873,4.762e-06,65987.4,0.241,0.08747,0.08674,1798.17,2.605e-05,0.276,0.1075,2.947e-06,0.05333,4.983e-06,73.96,0.79,0.375,3.019,0.1688,0.6434,1.2285,74.32,0.1766,0.0855,6.87,4.75e-06,65918.0,0.2409,0.08738,0.0868,1796.49,2.6e-05,0.276,0.108,2.94e-06,0.05325,4.97e-06,73.9,0.7896,0.3744,3.017,0.169,0.6435,1.2274,74.407,0.17696,0.0857,6.885,4.838e-06,65977.55,0.2402,0.08751,0.08764,1798.32,2.607e-05,0.2783,0.1076,2.952e-06,0.05357,5.02e-06,74.01,0.79206,0.3738,3.04,0.1725,0.6439,1.2286,74.292,0.177025,0.086,6.8753,4.7458e-06,66053.0,0.2406,0.087691,0.0869,1798.59,2.608e-05,0.2746,0.1076,2.948275e-06,0.0532,4.98e-06,73.9524,0.8239,0.3733,3.0167,0.1687,0.644,1.22989,74.379,0.177,0.0858,6.874,4.76e-06,65988.2,0.2421,0.08749,0.0868,1798.02,2.605e-05,0.2763,0.1077,2.951e-06,0.05334,4.983e-06,73.97,0.7901,0.3751,3.0186,0.1687,0.6436,1.22843,74.44,0.1769,0.08579,6.876,4.759e-06,65990.0,0.2411,0.08749,0.08685,1798.21,2.604e-05,0.2765,0.10757,2.952e-06,0.05338,4.983e-06,73.99,0.7907,0.3744,3.03,0.1689,0.6441,1.2283,74.39,0.1769,0.08575,6.873,4.762e-06,65988.1,0.2415,0.08748,0.08683,1798.52,2.605e-05,0.276,0.10754,2.947e-06,0.05337,4.982e-06,73.97,0.7899,0.3745,3.02,0.1689,0.6437,1.2284
2026-06-16 13:37:00,74.54,0.1774,0.0858,6.882,4.76e-06,66057.62,0.2411,0.08761,0.0869,1803.0,2.607e-05,0.2767,0.1078,2.95e-06,0.05348,4.99e-06,74.14,0.7917,0.3753,3.037,0.1691,0.6447,1.2303,74.51,0.1774,0.0855,6.882,4.762e-06,66064.99,0.2407,0.08759,0.08691,1803.11,2.604e-05,0.2769,0.1073,2.953e-06,0.05338,4.983e-06,74.14,0.7915,0.3752,3.037,0.1691,0.645,1.2304,74.55,0.1773,0.08585,6.882,4.765e-06,66071.0,0.241,0.08759,0.08693,1803.16,2.605e-05,0.2766,0.1078,2.951e-06,0.05344,4.987e-06,74.11,0.7917,0.3745,3.038,0.1691,0.6447,1.2304,74.48,0.1772,0.0858,6.88,4.75e-06,66005.65,0.2412,0.08753,0.0868,1801.56,2.61e-05,0.276,0.108,2.95e-06,0.05343,4.98e-06,74.08,0.7912,0.3749,3.036,0.169,0.6444,1.2293,74.407,0.17718,0.0857,6.874,4.838e-06,66065.94,0.2402,0.087588,0.08764,1803.26,2.607e-05,0.2783,0.1076,2.952e-06,0.05357,4.986e-06,74.13,0.79076,0.3738,3.04,0.1725,0.6436,1.2298,74.292,0.17742,0.086,6.8813,4.7398e-06,66092.67,0.24,0.08755,0.08691,1803.24,2.612e-05,0.2754,0.1078,2.944444e-06,0.0533,4.98e-06,74.0656,0.8239,0.3739,3.0316,0.1688,0.644,1.22818,74.53,0.1774,0.0858,6.879,4.76e-06,66068.1,0.241,0.08763,0.0869,1803.14,2.602e-05,0.2755,0.1073,2.953e-06,0.05347,4.982e-06,74.12,0.7917,0.3745,3.0371,0.1691,0.6449,1.23039,74.29,0.1773,0.0856,6.876,4.753e-06,66060.0,0.2411,0.08763,0.08671,1803.11,2.603e-05,0.2766,0.10771,2.944e-06,0.05341,4.986e-06,74.14,0.7907,0.3753,3.036,0.169,0.6438,1.2303,74.51,0.1774,0.08588,6.881,4.76e-06,66066.2,0.2407,0.08761,0.08693,1803.06,2.6e-05,0.2766,0.10779,2.952e-06,0.05344,4.99e-06,74.14,0.7915,0.3752,3.037,0.1685,0.6449,1.2301
2026-06-16 13:38:00,74.68,0.1775,0.0861,6.885,4.77e-06,66061.99,0.2414,0.08767,0.0871,1804.18,2.61e-05,0.2774,0.1079,2.96e-06,0.05349,4.99e-06,74.25,0.7921,0.3761,3.044,0.1694,0.6438,1.2311,74.55,0.1776,0.086,6.881,4.764e-06,66065.0,0.2413,0.08765,0.08713,1804.31,2.604e-05,0.2773,0.1079,2.954e-06,0.0535,4.993e-06,74.26,0.792,0.3761,3.043,0.1692,0.6439,1.2311,74.67,0.1775,0.08603,6.884,4.767e-06,66076.6,0.2412,0.08762,0.08711,1804.43,2.605e-05,0.2774,0.1079,2.955e-06,0.05347,4.99e-06,74.26,0.7921,0.3763,3.044,0.1695,0.6437,1.2313,74.6,0.1773,0.086,6.88,4.77e-06,66014.42,0.2412,0.08759,0.087,1802.75,2.61e-05,0.277,0.108,2.96e-06,0.05342,4.98e-06,74.19,0.7914,0.376,3.041,0.17,0.6433,1.2302,74.407,0.17748,0.086,6.874,4.838e-06,66067.31,0.2402,0.087667,0.08764,1804.41,2.607e-05,0.2783,0.1076,2.952e-06,0.05357,4.986e-06,74.27,0.79076,0.3738,3.04,0.1725,0.6445,1.2311,74.292,0.177507,0.086,6.8813,4.7398e-06,66098.73,0.2403,0.08755,0.08711,1804.6,2.615e-05,0.2761,0.108,2.944444e-06,0.0533,4.98e-06,74.12,0.8247,0.3748,3.0384,0.1691,0.643,1.23,74.696,0.1775,0.086,6.879,4.76e-06,66061.9,0.241,0.08766,0.0871,1804.32,2.61e-05,0.2755,0.1073,2.954e-06,0.05349,4.991e-06,74.25,0.7922,0.376,3.0447,0.1693,0.6439,1.23119,74.62,0.1775,0.08594,6.881,4.758e-06,66068.65,0.2413,0.08767,0.087,1804.09,2.608e-05,0.2773,0.10791,2.954e-06,0.05346,4.994e-06,74.26,0.7915,0.3759,3.037,0.1694,0.644,1.2313,74.71,0.1775,0.08603,6.883,4.767e-06,66066.9,0.2414,0.08767,0.08714,1804.32,2.6e-05,0.2773,0.10796,2.955e-06,0.0535,4.993e-06,74.25,0.7921,0.3762,3.045,0.1693,0.6439,1.231
2026-06-16 13:39:00,74.74,0.1775,0.0861,6.881,4.77e-06,66038.33,0.2414,0.08764,0.0871,1803.66,2.611e-05,0.2773,0.1081,2.95e-06,0.05347,4.99e-06,74.23,0.7914,0.3762,3.036,0.1694,0.6435,1.2303,74.8,0.1775,0.0861,6.881,4.764e-06,66035.15,0.2416,0.08768,0.08719,1803.6,2.604e-05,0.2777,0.108,2.957e-06,0.05357,4.993e-06,74.23,0.7916,0.3765,3.037,0.1697,0.6443,1.2305,74.75,0.1776,0.08612,6.88,4.774e-06,66043.1,0.2413,0.08762,0.08703,1803.78,2.605e-05,0.2773,0.1081,2.958e-06,0.05349,4.994e-06,74.22,0.7914,0.3765,3.038,0.1694,0.6435,1.2306,74.7,0.1774,0.086,6.88,4.77e-06,65974.72,0.241,0.08757,0.087,1802.09,2.61e-05,0.277,0.108,2.96e-06,0.05342,4.98e-06,74.15,0.7908,0.3761,3.033,0.17,0.6434,1.2294,74.786,0.1775,0.086,6.874,4.838e-06,66041.49,0.2402,0.087734,0.08764,1803.57,2.607e-05,0.2783,0.1076,2.952e-06,0.05356,4.986e-06,74.23,0.79246,0.3738,3.0399,0.1725,0.6439,1.2306,74.292,0.177554,0.0862,6.8843,4.7398e-06,66116.21,0.2405,0.08755,0.08703,1803.87,2.616e-05,0.276,0.108,2.955555e-06,0.0533,4.99e-06,74.12,0.8223,0.3747,3.0303,0.1693,0.644,1.23119,74.735,0.1775,0.0861,6.881,4.773e-06,66041.6,0.241,0.08769,0.0871,1803.96,2.61e-05,0.2773,0.1081,2.956e-06,0.05346,4.993e-06,74.23,0.7916,0.3767,3.0369,0.1695,0.6446,1.23029,74.77,0.1774,0.08611,6.883,4.769e-06,66040.0,0.2413,0.08763,0.087,1803.41,2.61e-05,0.2774,0.1079,2.96e-06,0.05344,4.991e-06,74.22,0.792,0.3761,3.037,0.1693,0.6441,1.2303,74.82,0.1775,0.0861,6.881,4.774e-06,66037.7,0.2415,0.08763,0.08707,1803.56,2.6e-05,0.2777,0.10801,2.956e-06,0.05347,4.994e-06,74.22,0.7914,0.3761,3.037,0.1696,0.6434,1.2304
2026-06-16 13:40:00,74.81,0.1776,0.0861,6.884,4.77e-06,66079.57,0.2412,0.08771,0.087,1805.0,2.612e-05,0.2775,0.108,2.96e-06,0.0535,5e-06,74.29,0.792,0.376,3.042,0.1694,0.6458,1.2312,74.71,0.1776,0.0861,6.884,4.764e-06,66079.99,0.2416,0.08765,0.08701,1804.95,2.604e-05,0.2775,0.108,2.957e-06,0.05348,4.993e-06,74.29,0.7917,0.376,3.038,0.1695,0.6458,1.2313,74.81,0.1776,0.08603,6.882,4.774e-06,66088.5,0.2411,0.08763,0.08709,1805.07,2.605e-05,0.2775,0.1079,2.958e-06,0.05349,4.995e-06,74.28,0.7921,0.3761,3.042,0.1694,0.6459,1.2313,74.86,0.1774,0.086,6.88,4.77e-06,66024.03,0.241,0.08762,0.087,1803.36,2.61e-05,0.278,0.108,2.96e-06,0.05346,4.98e-06,74.21,0.7913,0.3759,3.039,0.17,0.6454,1.2302,74.786,0.17767,0.086,6.878,4.838e-06,66090.44,0.2402,0.087655,0.08764,1804.96,2.607e-05,0.2783,0.1076,2.952e-06,0.05356,4.986e-06,74.27,0.79196,0.3738,3.0399,0.1725,0.6439,1.2312,74.292,0.1777,0.0862,6.8834,4.7398e-06,66097.6,0.2401,0.08755,0.08703,1805.23,2.618e-05,0.2762,0.108,2.955555e-06,0.0533,4.99e-06,73.9957,0.8223,0.3747,3.0352,0.1692,0.645,1.23119,74.806,0.1776,0.0861,6.879,4.77e-06,66083.7,0.241,0.0877,0.087,1804.43,2.61e-05,0.2773,0.1081,2.958e-06,0.05348,4.992e-06,74.28,0.7919,0.376,3.0418,0.1695,0.6456,1.23122,74.72,0.1777,0.08607,6.883,4.774e-06,66078.08,0.2412,0.08771,0.08709,1804.96,2.611e-05,0.2775,0.10789,2.958e-06,0.0534,4.994e-06,74.3,0.7919,0.3759,3.037,0.1695,0.6457,1.2312,74.79,0.1776,0.08613,6.884,4.773e-06,66083.1,0.2412,0.0877,0.08712,1804.99,2.6e-05,0.2774,0.10795,2.958e-06,0.05347,4.993e-06,74.29,0.7919,0.3759,3.041,0.1694,0.6457,1.2313
2026-06-16 13:41:00,74.9,0.1776,0.0861,6.886,4.78e-06,66128.74,0.2412,0.08772,0.0871,1805.86,2.614e-05,0.2778,0.1078,2.95e-06,0.05351,5e-06,74.32,0.792,0.3764,3.041,0.1696,0.6439,1.2316,74.88,0.1776,0.0861,6.885,4.774e-06,66127.0,0.2416,0.08771,0.08711,1805.97,2.604e-05,0.2778,0.1078,2.959e-06,0.05351,4.993e-06,74.32,0.7921,0.3769,3.039,0.1698,0.644,1.2316,74.9,0.1777,0.08617,6.887,4.778e-06,66130.6,0.2412,0.08771,0.08705,1805.92,2.605e-05,0.2779,0.1078,2.959e-06,0.05357,4.992e-06,74.3,0.7921,0.3763,3.041,0.1696,0.6441,1.2319,74.8,0.1775,0.086,6.88,4.77e-06,66062.89,0.2408,0.08764,0.087,1804.19,2.61e-05,0.278,0.108,2.96e-06,0.05341,4.99e-06,74.24,0.7914,0.3758,3.033,0.17,0.6442,1.2306,74.786,0.17766,0.086,6.888,4.838e-06,66125.33,0.2402,0.087655,0.08764,1805.84,2.607e-05,0.2783,0.1076,2.952e-06,0.05356,4.986e-06,74.31,0.79196,0.3738,3.0399,0.1725,0.6467,1.2316,74.292,0.177654,0.0862,6.8856,4.7398e-06,66146.5,0.2392,0.08755,0.08711,1805.65,2.619e-05,0.2765,0.1078,2.955555e-06,0.0533,4.99e-06,74.1473,0.8223,0.3749,3.035,0.1694,0.644,1.23209,74.917,0.1779,0.0862,6.891,4.77e-06,66131.6,0.2412,0.08774,0.087,1806.15,2.614e-05,0.2773,0.108,2.959e-06,0.0535,4.995e-06,74.31,0.7922,0.3767,3.0407,0.1696,0.6439,1.23168,74.92,0.1777,0.08615,6.888,4.769e-06,66124.99,0.2412,0.08772,0.0872,1805.69,2.613e-05,0.2778,0.10777,2.959e-06,0.05349,4.991e-06,74.35,0.7919,0.3762,3.041,0.1696,0.646,1.2313,74.9,0.1776,0.0862,6.888,4.776e-06,66127.7,0.2412,0.08773,0.08712,1805.61,2.6e-05,0.2778,0.10772,2.958e-06,0.0535,4.995e-06,74.32,0.7921,0.3764,3.042,0.1694,0.6438,1.2316
2026-06-16 13:42:00,74.82,0.1776,0.0861,6.878,4.77e-06,66121.99,0.2412,0.08768,0.0871,1803.92,2.612e-05,0.2776,0.1077,2.96e-06,0.05344,4.99e-06,74.28,0.7916,0.3761,3.029,0.1696,0.6451,1.2303,74.82,0.1776,0.0861,6.877,4.774e-06,66122.64,0.2416,0.08768,0.08703,1803.95,2.604e-05,0.2778,0.1077,2.956e-06,0.05341,4.995e-06,74.28,0.7916,0.376,3.029,0.1698,0.645,1.2305,74.82,0.1776,0.08601,6.879,4.775e-06,66133.9,0.2411,0.08767,0.087,1803.87,2.605e-05,0.2777,0.1077,2.96e-06,0.0535,4.992e-06,74.28,0.7917,0.376,3.029,0.1696,0.6447,1.2306,74.72,0.1774,0.086,6.87,4.77e-06,66067.4,0.241,0.08764,0.0869,1802.59,2.61e-05,0.278,0.108,2.95e-06,0.05341,4.99e-06,74.22,0.7912,0.3758,3.026,0.17,0.6446,1.2293,74.786,0.17759,0.086,6.888,4.838e-06,66119.46,0.2402,0.087675,0.08764,1803.39,2.607e-05,0.2783,0.1076,2.959e-06,0.05356,4.986e-06,74.27,0.79206,0.3738,3.03,0.1725,0.6439,1.2303,74.292,0.177528,0.0865,6.8764,4.7398e-06,66156.66,0.239,0.08755,0.08713,1803.99,2.617e-05,0.2763,0.1078,2.955555e-06,0.0532,4.99e-06,74.129,0.8294,0.3746,3.0217,0.1694,0.644,1.2302,74.801,0.1776,0.0861,6.879,4.77e-06,66129.0,0.2411,0.08768,0.087,1803.88,2.614e-05,0.2773,0.108,2.957e-06,0.05343,4.993e-06,74.29,0.7917,0.3767,3.0288,0.1696,0.6442,1.23015,74.82,0.1775,0.08616,6.886,4.777e-06,66122.7,0.2411,0.08767,0.08699,1803.62,2.613e-05,0.278,0.10768,2.96e-06,0.05343,4.994e-06,74.28,0.7914,0.3759,3.03,0.1696,0.6441,1.2303,74.82,0.1776,0.08606,6.879,4.775e-06,66131.1,0.2412,0.08768,0.08703,1803.96,2.6e-05,0.2776,0.10773,2.957e-06,0.05344,4.991e-06,74.28,0.7916,0.3761,3.029,0.1694,0.6448,1.2303
2026-06-16 13:43:00,74.81,0.1777,0.086,6.879,4.77e-06,66123.99,0.2412,0.08769,0.0869,1804.42,2.613e-05,0.2777,0.1078,2.95e-06,0.05351,5e-06,74.27,0.7916,0.3763,3.029,0.1696,0.6435,1.2301,74.84,0.1777,0.086,6.879,4.774e-06,66128.5,0.2416,0.08767,0.08687,1804.33,2.615e-05,0.2777,0.1077,2.957e-06,0.05341,4.995e-06,74.27,0.7917,0.376,3.027,0.1698,0.6434,1.2301,74.82,0.1776,0.08605,6.88,4.775e-06,66133.3,0.2413,0.08766,0.08691,1804.38,2.605e-05,0.2777,0.1077,2.96e-06,0.05352,4.992e-06,74.27,0.7918,0.3761,3.029,0.1696,0.6434,1.2301,74.8,0.1775,0.086,6.87,4.77e-06,66075.13,0.2408,0.08763,0.0869,1802.52,2.61e-05,0.278,0.108,2.95e-06,0.0535,4.99e-06,74.2,0.7913,0.3759,3.026,0.17,0.643,1.2291,74.786,0.17768,0.086,6.888,4.838e-06,66126.4,0.2402,0.087687,0.08764,1804.38,2.607e-05,0.2783,0.1076,2.959e-06,0.05356,4.986e-06,74.26,0.79196,0.3738,3.03,0.1725,0.6439,1.2304,74.292,0.177528,0.0864,6.8765,4.7398e-06,66164.69,0.2392,0.087941,0.08702,1804.48,2.618e-05,0.2763,0.1077,2.955555e-06,0.0533,4.99e-06,74.0011,0.8277,0.3746,3.0226,0.1694,0.643,1.22999,74.818,0.1776,0.0861,6.88,4.77e-06,66126.0,0.2411,0.08769,0.0869,1804.02,2.614e-05,0.2773,0.108,2.957e-06,0.05349,4.991e-06,74.24,0.7916,0.3759,3.028,0.1696,0.6434,1.22996,74.8,0.1777,0.08608,6.878,4.777e-06,66124.89,0.241,0.08768,0.08707,1803.96,2.613e-05,0.2777,0.10768,2.957e-06,0.05345,4.995e-06,74.27,0.7917,0.3762,3.029,0.1696,0.6453,1.2302,74.81,0.1776,0.08606,6.879,4.774e-06,66131.0,0.2412,0.08766,0.08692,1804.47,2.6e-05,0.2776,0.10772,2.958e-06,0.05351,4.994e-06,74.28,0.7917,0.3762,3.028,0.1694,0.6431,1.2302
2026-06-16 14:08:00,74.59,0.1771,0.0858,6.848,4.75e-06,66102.0,0.2408,0.08753,0.0867,1798.57,2.604e-05,0.2771,0.1072,2.94e-06,0.05331,4.99e-06,73.91,0.7886,0.3791,3.025,0.169,0.6493,1.2272,74.54,0.1771,0.0858,6.847,4.748e-06,66100.0,0.2406,0.08754,0.08669,1798.94,2.608e-05,0.2772,0.1071,2.949e-06,0.05327,4.985e-06,73.92,0.7886,0.3791,3.023,0.169,0.6496,1.2273,74.59,0.1771,0.08581,6.848,4.751e-06,66103.1,0.2408,0.08754,0.08668,1798.73,2.6e-05,0.2768,0.1072,2.945e-06,0.05329,4.984e-06,73.92,0.7885,0.3792,3.025,0.1688,0.6493,1.2274,74.4,0.1767,0.0856,6.83,4.74e-06,66040.05,0.2406,0.08745,0.0864,1796.75,2.6e-05,0.277,0.107,2.94e-06,0.05326,4.99e-06,73.85,0.7866,0.3787,3.016,0.169,0.6488,1.2262,74.626,0.17713,0.0861,6.842,4.838e-06,66100.52,0.241,0.087503,0.08764,1798.72,2.607e-05,0.2783,0.1076,2.943e-06,0.05356,4.982e-06,73.92,0.78805,0.37976,3.0152,0.1725,0.65,1.2274,74.709,0.17719,0.0859,6.8488,4.7414e-06,66205.43,0.2398,0.087797,0.08674,1799.53,2.607e-05,0.2759,0.1072,2.943992e-06,0.0533,4.98e-06,73.8829,0.8222,0.3771,3.0177,0.1687,0.649,1.226,74.58,0.1771,0.0858,6.85,4.749e-06,66105.0,0.2407,0.08756,0.0867,1798.54,2.602e-05,0.2766,0.1072,2.949e-06,0.0533,4.985e-06,73.91,0.7886,0.379,3.0247,0.1689,0.6492,1.22738,74.61,0.1772,0.0858,6.843,4.756e-06,66104.91,0.2407,0.08752,0.08658,1798.6,2.603e-05,0.2769,0.1071,2.945e-06,0.05325,4.984e-06,73.91,0.7886,0.3791,3.023,0.1687,0.6492,1.2272,74.62,0.1771,0.0858,6.85,4.75e-06,66095.6,0.2407,0.08754,0.0867,1798.78,2.6e-05,0.2769,0.10723,2.947e-06,0.05331,4.985e-06,73.91,0.7886,0.3794,3.026,0.1688,0.6493,1.2273
2026-06-16 14:09:00,74.6,0.177,0.0859,6.844,4.75e-06,66106.0,0.2404,0.08753,0.0865,1798.65,2.602e-05,0.2768,0.1072,2.94e-06,0.05331,4.98e-06,73.95,0.7883,0.3794,3.021,0.1689,0.6424,1.2276,74.44,0.177,0.0858,6.844,4.75e-06,66106.46,0.2407,0.08747,0.0865,1798.66,2.608e-05,0.2772,0.1072,2.947e-06,0.05329,4.985e-06,73.95,0.7882,0.379,3.021,0.1687,0.6425,1.2275,74.6,0.177,0.08581,6.845,4.746e-06,66113.6,0.2403,0.08753,0.08652,1798.59,2.6e-05,0.2767,0.1072,2.947e-06,0.05328,4.984e-06,73.95,0.7882,0.3794,3.022,0.1688,0.6429,1.2276,74.64,0.177,0.0858,6.84,4.74e-06,66056.68,0.2408,0.08751,0.0866,1797.12,2.6e-05,0.277,0.108,2.94e-06,0.05326,4.99e-06,73.89,0.7894,0.3791,3.019,0.169,0.6422,1.2264,74.626,0.17701,0.0861,6.834,4.838e-06,66117.37,0.241,0.087515,0.08764,1798.78,2.607e-05,0.2783,0.1076,2.943e-06,0.05356,4.982e-06,73.96,0.78734,0.37976,3.0152,0.1725,0.6437,1.2276,74.709,0.177048,0.0859,6.8428,4.7414e-06,66190.46,0.2396,0.087568,0.08654,1798.95,2.604e-05,0.2758,0.1072,2.942795e-06,0.0533,4.98e-06,73.8829,0.8207,0.3773,3.0128,0.1686,0.642,1.226,74.617,0.177,0.0858,6.841,4.75e-06,66108.9,0.2407,0.0875,0.0865,1798.65,2.602e-05,0.277,0.1072,2.945e-06,0.05329,4.984e-06,73.93,0.7883,0.3791,3.0218,0.1689,0.6427,1.22651,74.6,0.177,0.0858,6.839,4.738e-06,66109.99,0.2405,0.08755,0.0865,1798.6,2.603e-05,0.2767,0.10708,2.947e-06,0.0533,4.982e-06,73.95,0.7874,0.3796,3.019,0.1687,0.6434,1.2276,74.62,0.177,0.08583,6.844,4.751e-06,66110.1,0.2404,0.08754,0.08654,1798.75,2.6e-05,0.2767,0.10725,2.949e-06,0.0533,4.984e-06,73.96,0.7882,0.3791,3.022,0.1687,0.6428,1.2275
2026-06-16 14:10:00,74.71,0.1772,0.0859,6.85,4.76e-06,66117.79,0.2409,0.08758,0.0868,1798.38,2.605e-05,0.2773,0.1074,2.96e-06,0.05333,4.98e-06,73.95,0.7897,0.3795,3.032,0.1691,0.6479,1.2287,74.72,0.1772,0.0859,6.849,4.755e-06,66123.37,0.2411,0.08759,0.08685,1798.31,2.608e-05,0.2774,0.1074,2.952e-06,0.05337,4.988e-06,73.95,0.7897,0.3794,3.034,0.1692,0.6479,1.2284,74.72,0.1773,0.08586,6.851,4.756e-06,66124.3,0.241,0.08764,0.08678,1798.52,2.6e-05,0.2775,0.1074,2.952e-06,0.05336,4.989e-06,73.96,0.7897,0.3797,3.032,0.1691,0.6477,1.2284,74.64,0.1771,0.0857,6.85,4.74e-06,66067.39,0.2408,0.0875,0.0867,1796.88,2.6e-05,0.277,0.108,2.95e-06,0.05326,4.98e-06,73.89,0.789,0.3794,3.029,0.169,0.6476,1.2275,74.626,0.17729,0.0861,6.856,4.838e-06,66123.3,0.241,0.087616,0.08764,1798.57,2.607e-05,0.2783,0.1076,2.943e-06,0.05356,4.982e-06,73.95,0.79036,0.37976,3.0152,0.1725,0.6449,1.2285,74.709,0.177286,0.086,6.8546,4.7414e-06,66222.19,0.24,0.087646,0.08684,1798.65,2.606e-05,0.2764,0.1074,2.949609e-06,0.0533,4.98e-06,73.8901,0.8215,0.3776,3.0237,0.1689,0.647,1.226,74.771,0.1773,0.086,6.855,4.756e-06,66114.7,0.241,0.08765,0.0868,1798.67,2.604e-05,0.277,0.1074,2.953e-06,0.05333,4.985e-06,73.98,0.7896,0.3798,3.0322,0.1693,0.6472,1.22858,74.78,0.1771,0.08593,6.851,4.755e-06,66122.23,0.241,0.08757,0.08682,1798.44,2.607e-05,0.2775,0.10739,2.95e-06,0.05341,4.985e-06,73.94,0.7906,0.3797,3.03,0.1688,0.6461,1.2286,74.77,0.1772,0.08599,6.851,4.756e-06,66124.2,0.2411,0.08758,0.08674,1798.77,2.6e-05,0.2773,0.10739,2.952e-06,0.05336,4.986e-06,73.95,0.7897,0.3797,3.034,0.1687,0.6478,1.2284
2026-06-16 14:11:00,74.62,0.1771,0.0858,6.845,4.75e-06,66096.98,0.2405,0.08752,0.0866,1798.09,2.603e-05,0.2769,0.1078,2.95e-06,0.05326,4.98e-06,73.91,0.7888,0.3782,3.019,0.1687,0.6454,1.2277,74.6,0.1772,0.0858,6.845,4.755e-06,66097.45,0.2411,0.08751,0.08657,1798.03,2.608e-05,0.2771,0.1077,2.948e-06,0.05325,4.988e-06,73.9,0.7888,0.3778,3.019,0.1689,0.6452,1.2277,74.59,0.1771,0.08574,6.846,4.752e-06,66102.7,0.2404,0.08752,0.08664,1798.04,2.6e-05,0.2769,0.1077,2.947e-06,0.05336,4.983e-06,73.9,0.7887,0.3785,3.019,0.1688,0.6452,1.2279,74.56,0.177,0.0857,6.84,4.74e-06,66039.47,0.2408,0.08743,0.0865,1796.48,2.6e-05,0.277,0.108,2.95e-06,0.05324,4.97e-06,73.84,0.7879,0.3781,3.016,0.169,0.6444,1.2266,74.626,0.17711,0.0861,6.844,4.838e-06,66098.23,0.241,0.087519,0.08764,1797.87,2.607e-05,0.2783,0.1079,2.943e-06,0.05356,4.982e-06,73.89,0.79036,0.37976,3.0152,0.1725,0.6449,1.2278,74.709,0.177143,0.0859,6.8447,4.7414e-06,66217.91,0.2395,0.087646,0.08654,1798.22,2.605e-05,0.2758,0.1076,2.946264e-06,0.0533,4.98e-06,73.853,0.8251,0.3762,3.0117,0.1686,0.645,1.226,74.599,0.1772,0.0859,6.843,4.756e-06,66109.7,0.241,0.08753,0.0866,1797.87,2.603e-05,0.277,0.1077,2.947e-06,0.05325,4.983e-06,73.88,0.7883,0.3784,3.0179,0.169,0.6454,1.22771,74.61,0.1772,0.08595,6.844,4.747e-06,66094.12,0.2406,0.08751,0.08654,1797.95,2.605e-05,0.2769,0.10782,2.951e-06,0.05323,4.98e-06,73.9,0.7887,0.3783,3.03,0.1685,0.6458,1.2275,74.62,0.1771,0.08572,6.845,4.756e-06,66096.5,0.2411,0.08752,0.08664,1798.01,2.6e-05,0.2773,0.10768,2.948e-06,0.05328,4.982e-06,73.9,0.7887,0.3781,3.02,0.1687,0.6455,1.2277
2026-06-16 14:12:00,74.51,0.177,0.0857,6.835,4.75e-06,66044.0,0.2402,0.08743,0.0864,1796.02,2.601e-05,0.2765,0.1074,2.95e-06,0.05322,4.98e-06,73.8,0.7875,0.3769,3.013,0.1686,0.6455,1.2263,74.51,0.177,0.0858,6.836,4.755e-06,66044.99,0.2403,0.08745,0.08634,1795.85,2.608e-05,0.2771,0.1075,2.945e-06,0.05325,4.988e-06,73.8,0.7874,0.3775,3.012,0.1685,0.6454,1.2262,74.5,0.177,0.0856,6.833,4.751e-06,66047.3,0.2402,0.08745,0.08631,1796.07,2.6e-05,0.2765,0.1075,2.944e-06,0.05327,4.982e-06,73.81,0.7875,0.3768,3.012,0.1685,0.6465,1.2262,74.44,0.1769,0.0856,6.83,4.74e-06,65993.59,0.2399,0.08735,0.0863,1794.24,2.6e-05,0.277,0.108,2.95e-06,0.05324,4.97e-06,73.72,0.7867,0.3768,3.009,0.169,0.6452,1.2252,74.626,0.17702,0.0857,6.833,4.838e-06,66040.68,0.241,0.087439,0.08764,1796.14,2.607e-05,0.2783,0.1075,2.944e-06,0.05356,4.982e-06,73.79,0.78754,0.37976,3.0071,0.1725,0.6458,1.2261,74.709,0.177079,0.0858,6.8357,4.7414e-06,66140.35,0.2394,0.087646,0.08644,1796.33,2.606e-05,0.2756,0.1073,2.941956e-06,0.0533,4.98e-06,73.7876,0.8231,0.3748,3.0057,0.1684,0.645,1.226,74.54,0.1772,0.0857,6.832,4.748e-06,66042.1,0.241,0.08748,0.0864,1795.55,2.603e-05,0.277,0.1075,2.945e-06,0.0532,4.979e-06,73.79,0.7873,0.3777,3.0133,0.1687,0.6458,1.22607,74.62,0.177,0.08578,6.845,4.752e-06,66046.94,0.2403,0.08744,0.08656,1795.5,2.602e-05,0.2767,0.10755,2.948e-06,0.05323,4.975e-06,73.8,0.7875,0.3769,3.022,0.1685,0.6458,1.2261,74.53,0.177,0.08565,6.834,4.751e-06,66053.3,0.2402,0.08744,0.08637,1796.23,2.6e-05,0.2768,0.10744,2.944e-06,0.05322,4.978e-06,73.8,0.7874,0.377,3.014,0.1687,0.6455,1.2261
2026-06-16 14:13:00,74.44,0.177,0.0857,6.834,4.75e-06,66044.79,0.2405,0.08743,0.0863,1795.43,2.603e-05,0.2765,0.1073,2.95e-06,0.05319,4.98e-06,73.76,0.7873,0.3763,3.012,0.1685,0.645,1.2257,74.55,0.177,0.0856,6.834,4.754e-06,66041.61,0.2403,0.08751,0.08627,1795.3,2.608e-05,0.2771,0.1074,2.947e-06,0.05319,4.984e-06,73.76,0.788,0.3762,3.013,0.1685,0.6454,1.2255,74.46,0.177,0.08559,6.837,4.746e-06,66044.5,0.2405,0.08743,0.08624,1795.26,2.6e-05,0.2765,0.1074,2.947e-06,0.05323,4.983e-06,73.77,0.7873,0.3765,3.015,0.1686,0.645,1.226,74.38,0.1768,0.0855,6.83,4.74e-06,65985.81,0.24,0.08734,0.0862,1794.0,2.6e-05,0.277,0.108,2.94e-06,0.05313,4.97e-06,73.68,0.7869,0.3761,3.011,0.169,0.645,1.2245,74.626,0.17697,0.0857,6.837,4.838e-06,66043.3,0.241,0.087567,0.08764,1795.31,2.607e-05,0.2783,0.1074,2.944e-06,0.05321,4.982e-06,73.77,0.78828,0.37976,3.0071,0.1725,0.6458,1.2257,74.709,0.177062,0.0859,6.8366,4.7414e-06,66140.35,0.239,0.087646,0.08644,1796.08,2.603e-05,0.2754,0.1073,2.940169e-06,0.0532,4.98e-06,73.78,0.8195,0.3743,3.008,0.1684,0.645,1.226,74.448,0.177,0.0857,6.839,4.75e-06,66048.1,0.241,0.08752,0.0863,1795.99,2.603e-05,0.277,0.1073,2.946e-06,0.05316,4.983e-06,73.76,0.7876,0.3763,3.0136,0.1686,0.6453,1.22545,74.52,0.177,0.08579,6.841,4.745e-06,66044.18,0.2405,0.08745,0.08627,1795.59,2.604e-05,0.2766,0.10741,2.95e-06,0.05327,4.976e-06,73.76,0.7877,0.3766,3.021,0.1682,0.6451,1.2255,74.47,0.177,0.08565,6.835,4.751e-06,66043.5,0.2404,0.08745,0.08629,1795.53,2.6e-05,0.2769,0.10735,2.947e-06,0.05318,4.978e-06,73.77,0.7874,0.3764,3.015,0.1687,0.6449,1.2258
2026-06-16 14:14:00,74.47,0.177,0.0856,6.838,4.75e-06,66027.23,0.2403,0.08744,0.0863,1795.95,2.602e-05,0.2762,0.1073,2.95e-06,0.0532,4.98e-06,73.78,0.7874,0.3768,3.019,0.1685,0.6446,1.2262,74.49,0.177,0.0855,6.838,4.754e-06,66031.84,0.2404,0.08746,0.08624,1796.0,2.608e-05,0.2765,0.1074,2.951e-06,0.05319,4.984e-06,73.78,0.7875,0.3765,3.017,0.1684,0.6449,1.2263,74.46,0.177,0.08563,6.837,4.742e-06,66038.3,0.2402,0.08746,0.08625,1795.89,2.6e-05,0.2764,0.1073,2.951e-06,0.05319,4.983e-06,73.78,0.7876,0.3766,3.018,0.1685,0.6452,1.2262,74.4,0.1769,0.0855,6.84,4.74e-06,65979.83,0.2401,0.08737,0.0862,1794.31,2.6e-05,0.276,0.108,2.95e-06,0.05321,4.97e-06,73.71,0.7867,0.3766,3.016,0.169,0.6446,1.2251,74.626,0.177,0.0857,6.835,4.838e-06,66029.34,0.241,0.087466,0.08764,1796.02,2.607e-05,0.2783,0.1071,2.944e-06,0.05321,4.982e-06,73.73,0.78828,0.37976,3.0071,0.1725,0.6443,1.2263,74.709,0.176999,0.0859,6.8376,4.7414e-06,66123.6,0.2392,0.087646,0.08635,1796.58,2.601e-05,0.2752,0.1072,2.946135e-06,0.0532,4.97e-06,73.6999,0.8195,0.3754,3.0107,0.1683,0.644,1.226,74.476,0.1769,0.0856,6.832,4.75e-06,66033.9,0.241,0.08752,0.0861,1795.7,2.602e-05,0.2763,0.1073,2.95e-06,0.05319,4.976e-06,73.77,0.787,0.3765,3.0174,0.1686,0.6446,1.22526,74.36,0.177,0.08571,6.837,4.747e-06,66034.52,0.2404,0.08747,0.08609,1796.01,2.601e-05,0.2761,0.10721,2.945e-06,0.05317,4.974e-06,73.78,0.7873,0.3767,3.013,0.1683,0.6444,1.2262,74.46,0.177,0.08564,6.839,4.751e-06,66033.6,0.2401,0.08746,0.0863,1796.23,2.601e-05,0.2761,0.10728,2.95e-06,0.0532,4.977e-06,73.78,0.7873,0.3767,3.019,0.1687,0.6446,1.2261
2026-06-16 14:15:00,74.59,0.1772,0.0857,6.848,4.75e-06,66054.0,0.2405,0.08754,0.0864,1796.94,2.604e-05,0.2768,0.1073,2.96e-06,0.05323,4.98e-06,73.84,0.7891,0.377,3.024,0.1687,0.6454,1.2269,74.61,0.1772,0.0856,6.847,4.754e-06,66050.06,0.2404,0.08755,0.08644,1797.09,2.608e-05,0.2767,0.1074,2.953e-06,0.05319,4.984e-06,73.85,0.7891,0.3767,3.022,0.1687,0.6455,1.2271,74.61,0.1772,0.08565,6.846,4.749e-06,66055.0,0.2405,0.08754,0.08641,1796.92,2.6e-05,0.2767,0.1073,2.952e-06,0.05321,4.979e-06,73.85,0.7889,0.3772,3.027,0.1687,0.6448,1.227,74.52,0.1771,0.0856,6.84,4.74e-06,65997.24,0.2404,0.08749,0.0863,1795.45,2.6e-05,0.276,0.108,2.94e-06,0.0532,4.97e-06,73.79,0.7885,0.3769,3.023,0.168,0.645,1.2257,74.626,0.1772,0.0857,6.847,4.838e-06,66057.27,0.241,0.087554,0.08764,1796.92,2.607e-05,0.2783,0.1071,2.95e-06,0.05321,4.982e-06,73.85,0.78889,0.37705,3.0071,0.1725,0.6448,1.227,74.709,0.177066,0.0859,6.8476,4.7414e-06,66148.94,0.2393,0.087646,0.08656,1797.53,2.605e-05,0.2757,0.1071,2.946135e-06,0.0532,4.97e-06,73.6999,0.8177,0.3749,3.0167,0.1686,0.645,1.226,74.561,0.1772,0.0857,6.846,4.748e-06,66045.9,0.241,0.08757,0.0864,1797.05,2.604e-05,0.2763,0.1073,2.953e-06,0.05323,4.979e-06,73.84,0.7892,0.377,3.0244,0.1687,0.6447,1.22677,74.53,0.1772,0.08561,6.848,4.749e-06,66047.99,0.2405,0.08753,0.0864,1797.03,2.603e-05,0.2765,0.10732,2.952e-06,0.0532,4.979e-06,73.85,0.789,0.3772,3.025,0.1686,0.6458,1.2268,74.62,0.1772,0.08569,6.847,4.749e-06,66049.4,0.2404,0.08754,0.08643,1797.16,2.605e-05,0.2767,0.10723,2.953e-06,0.05322,4.979e-06,73.86,0.789,0.3772,3.024,0.1687,0.6455,1.227
2026-06-16 14:16:00,74.34,0.1766,0.0854,6.824,4.73e-06,65912.01,0.2396,0.08727,0.0859,1789.21,2.59e-05,0.2749,0.1069,2.94e-06,0.05303,4.96e-06,73.6,0.785,0.3737,3.0,0.1681,0.6455,1.2233,74.23,0.1765,0.0852,6.821,4.726e-06,65907.11,0.2396,0.08729,0.08593,1789.17,2.587e-05,0.2746,0.1067,2.939e-06,0.05301,4.963e-06,73.6,0.7843,0.3737,3.001,0.1681,0.6453,1.2234,74.33,0.1767,0.08535,6.825,4.731e-06,65911.0,0.2395,0.08729,0.08597,1789.22,2.586e-05,0.2747,0.1069,2.94e-06,0.05305,4.96e-06,73.6,0.785,0.3739,3.002,0.168,0.6445,1.2237,74.26,0.1765,0.0853,6.82,4.72e-06,65851.45,0.2396,0.0872,0.0859,1787.64,2.58e-05,0.275,0.106,2.94e-06,0.05297,4.96e-06,73.54,0.7844,0.3739,2.999,0.168,0.645,1.2226,74.626,0.17656,0.0857,6.822,4.838e-06,65920.0,0.241,0.087304,0.08764,1789.24,2.591e-05,0.2749,0.1068,2.935e-06,0.053,4.982e-06,73.59,0.78474,0.37317,3.0071,0.1725,0.6448,1.2233,74.709,0.176555,0.0859,6.8166,4.7346e-06,65967.63,0.2386,0.087375,0.08647,1789.84,2.589e-05,0.2738,0.1067,2.937118e-06,0.0531,4.97e-06,73.4936,0.8165,0.3719,2.9898,0.1678,0.644,1.22304,74.309,0.1764,0.0853,6.82,4.727e-06,65920.0,0.2399,0.0873,0.0859,1789.31,2.59e-05,0.2745,0.1066,2.94e-06,0.05303,4.966e-06,73.61,0.7845,0.3741,3.0001,0.168,0.6442,1.22315,74.26,0.1767,0.08557,6.823,4.729e-06,65910.24,0.2396,0.0873,0.08585,1789.5,2.585e-05,0.275,0.1069,2.936e-06,0.0531,4.961e-06,73.57,0.7849,0.3742,3.007,0.1679,0.644,1.2234,74.34,0.1767,0.08542,6.825,4.731e-06,65910.7,0.2395,0.08731,0.08598,1789.14,2.584e-05,0.2747,0.10693,2.939e-06,0.05302,4.966e-06,73.61,0.785,0.374,3.0,0.168,0.6453,1.2235
2026-06-16 14:17:00,74.23,0.1761,0.0852,6.811,4.72e-06,65852.2,0.2394,0.08715,0.0858,1786.11,2.588e-05,0.2741,0.1068,2.93e-06,0.053,4.97e-06,73.43,0.7831,0.3723,2.988,0.1675,0.6444,1.2211,74.21,0.1761,0.0852,6.81,4.726e-06,65853.54,0.2396,0.08715,0.08578,1786.33,2.587e-05,0.2742,0.1068,2.934e-06,0.05299,4.963e-06,73.43,0.7832,0.3721,2.988,0.1676,0.6444,1.2211,74.23,0.1761,0.0852,6.811,4.73e-06,65852.5,0.2393,0.08717,0.08577,1786.32,2.586e-05,0.2742,0.1068,2.935e-06,0.05303,4.96e-06,73.43,0.7833,0.3725,2.988,0.1675,0.6446,1.2211,74.16,0.176,0.0851,6.81,4.72e-06,65800.0,0.2392,0.08708,0.0858,1784.88,2.59e-05,0.274,0.106,2.93e-06,0.05297,4.96e-06,73.36,0.7828,0.3722,2.986,0.167,0.6438,1.2198,74.626,0.17608,0.0857,6.812,4.838e-06,65853.02,0.241,0.087156,0.08764,1786.48,2.591e-05,0.2749,0.1069,2.94e-06,0.053,4.982e-06,73.43,0.78342,0.37233,2.9848,0.1725,0.6443,1.2214,74.709,0.176302,0.0859,6.8116,4.7346e-06,65961.04,0.2385,0.087351,0.08593,1787.41,2.595e-05,0.2737,0.1067,2.937118e-06,0.0529,4.97e-06,73.421,0.8156,0.3706,2.9822,0.1674,0.644,1.22285,74.237,0.1761,0.0853,6.81,4.727e-06,65860.0,0.2399,0.08723,0.0858,1786.34,2.588e-05,0.2743,0.1069,2.936e-06,0.05298,4.962e-06,73.43,0.7833,0.3725,2.9879,0.1675,0.6446,1.22116,74.28,0.1761,0.0854,6.81,4.726e-06,65857.09,0.2394,0.08718,0.08579,1786.59,2.588e-05,0.2745,0.10687,2.936e-06,0.05294,4.961e-06,73.43,0.7836,0.3728,2.993,0.1672,0.6437,1.2213,74.23,0.176,0.0852,6.81,4.724e-06,65857.7,0.2394,0.08717,0.08582,1786.57,2.584e-05,0.2742,0.1068,2.935e-06,0.05301,4.962e-06,73.43,0.7833,0.3724,2.988,0.1675,0.6441,1.2211
2026-06-16 14:18:00,73.97,0.1757,0.085,6.796,4.72e-06,65780.6,0.2383,0.08697,0.0852,1781.49,2.585e-05,0.2737,0.1065,2.93e-06,0.05292,4.95e-06,73.3,0.7825,0.3716,2.983,0.167,0.6454,1.2203,73.9,0.1757,0.085,6.795,4.715e-06,65782.62,0.2384,0.08692,0.0852,1781.54,2.585e-05,0.2736,0.1064,2.929e-06,0.05293,4.954e-06,73.3,0.7826,0.371,2.981,0.1668,0.6455,1.2203,73.96,0.1757,0.08502,6.796,4.711e-06,65790.2,0.2383,0.08695,0.08521,1781.31,2.584e-05,0.2737,0.1066,2.928e-06,0.0529,4.953e-06,73.29,0.7824,0.3716,2.984,0.1669,0.6455,1.2205,73.9,0.1755,0.085,6.8,4.71e-06,65736.27,0.2381,0.08688,0.0851,1780.36,2.59e-05,0.273,0.106,2.93e-06,0.05285,4.95e-06,73.24,0.7818,0.3713,2.979,0.167,0.6448,1.2191,73.943,0.1757,0.0857,6.794,4.838e-06,65792.83,0.241,0.08694,0.08764,1781.79,2.591e-05,0.2749,0.1066,2.929e-06,0.053,4.982e-06,73.29,0.78246,0.37233,2.9848,0.1725,0.6462,1.2203,74.2138,0.175812,0.0859,6.7946,4.7117e-06,65897.42,0.2375,0.087351,0.0853,1782.11,2.583e-05,0.2737,0.1064,2.93e-06,0.0529,4.97e-06,73.2876,0.8149,0.3695,2.98,0.1667,0.645,1.22095,73.958,0.1757,0.085,6.794,4.711e-06,65789.6,0.2383,0.08697,0.0851,1781.5,2.586e-05,0.2736,0.1066,2.929e-06,0.05293,4.955e-06,73.26,0.7823,0.3713,2.9826,0.1669,0.6455,1.21961,74.0,0.1758,0.08488,6.792,4.716e-06,65783.97,0.2384,0.08696,0.0851,1781.52,2.584e-05,0.2746,0.10669,2.931e-06,0.05301,4.953e-06,73.3,0.7822,0.3715,2.981,0.1667,0.6453,1.2203,73.91,0.1757,0.08498,6.792,4.712e-06,65786.3,0.2383,0.08698,0.08521,1781.51,2.582e-05,0.2735,0.10654,2.929e-06,0.05291,4.955e-06,73.31,0.7825,0.3713,2.985,0.1668,0.6453,1.2202
2026-06-16 14:19:00,73.88,0.1757,0.085,6.793,4.71e-06,65714.0,0.2387,0.087,0.0854,1780.82,2.586e-05,0.2732,0.1067,2.93e-06,0.05292,4.96e-06,73.25,0.7828,0.3716,2.983,0.1668,0.6415,1.2199,73.86,0.1757,0.0848,6.795,4.72e-06,65710.0,0.2385,0.08701,0.08551,1780.86,2.585e-05,0.2738,0.1067,2.928e-06,0.05289,4.953e-06,73.26,0.7832,0.371,2.984,0.1666,0.6415,1.2199,73.91,0.1758,0.08498,6.794,4.713e-06,65716.0,0.2387,0.08701,0.08545,1780.94,2.584e-05,0.2733,0.1067,2.931e-06,0.05289,4.953e-06,73.25,0.7828,0.3715,2.986,0.1667,0.6417,1.2199,73.82,0.1757,0.085,6.78,4.72e-06,65658.58,0.2385,0.08692,0.0854,1779.51,2.59e-05,0.273,0.106,2.93e-06,0.05293,4.95e-06,73.2,0.7824,0.3714,2.982,0.167,0.6416,1.2186,73.943,0.17568,0.0857,6.797,4.838e-06,65709.26,0.241,0.087016,0.08506,1781.26,2.591e-05,0.2749,0.1066,2.929e-06,0.05294,4.951e-06,73.24,0.78276,0.37233,2.9848,0.1725,0.6419,1.2198,74.2138,0.175802,0.086,6.7937,4.7117e-06,65828.85,0.2384,0.087351,0.08561,1781.37,2.585e-05,0.2737,0.1067,2.93e-06,0.0529,4.97e-06,73.307,0.8153,0.3703,2.9778,0.1667,0.641,1.21902,73.872,0.1758,0.0849,6.793,4.717e-06,65708.0,0.2383,0.08704,0.0854,1781.24,2.586e-05,0.2732,0.1067,2.929e-06,0.05291,4.954e-06,73.27,0.7831,0.3717,2.9835,0.1668,0.6417,1.21978,73.83,0.1757,0.08492,6.797,4.713e-06,65711.6,0.2386,0.087,0.0855,1781.46,2.585e-05,0.2736,0.10667,2.93e-06,0.05297,4.951e-06,73.25,0.7832,0.3715,2.982,0.1664,0.6414,1.2199,73.85,0.1757,0.08499,6.793,4.713e-06,65716.8,0.2386,0.08701,0.08547,1781.01,2.582e-05,0.2735,0.1066,2.931e-06,0.05291,4.953e-06,73.26,0.7827,0.3716,2.984,0.1668,0.6415,1.2199
2026-06-16 14:20:00,73.98,0.1757,0.085,6.799,4.72e-06,65741.99,0.2388,0.08709,0.0855,1781.78,2.588e-05,0.2736,0.1068,2.93e-06,0.05294,4.95e-06,73.27,0.7832,0.3713,2.987,0.167,0.6426,1.2206,73.95,0.1757,0.0851,6.794,4.721e-06,65745.65,0.2388,0.08709,0.08548,1781.84,2.585e-05,0.274,0.1068,2.929e-06,0.05289,4.953e-06,73.27,0.7831,0.3708,2.986,0.167,0.643,1.2199,73.98,0.1757,0.08503,6.799,4.714e-06,65752.1,0.2389,0.08707,0.08542,1781.77,2.584e-05,0.2733,0.1068,2.929e-06,0.05292,4.956e-06,73.25,0.7831,0.3716,2.988,0.1669,0.6427,1.2206,73.9,0.1756,0.0849,6.79,4.72e-06,65695.5,0.2385,0.08701,0.0854,1780.2,2.59e-05,0.273,0.106,2.92e-06,0.05289,4.96e-06,73.21,0.7827,0.3712,2.985,0.167,0.6422,1.2195,73.943,0.17574,0.0857,6.797,4.838e-06,65746.0,0.241,0.087084,0.08506,1782.03,2.591e-05,0.2749,0.1066,2.929e-06,0.05294,4.951e-06,73.22,0.78296,0.37233,2.9848,0.1725,0.6422,1.2199,74.2138,0.175653,0.0865,6.7957,4.7117e-06,65839.64,0.2373,0.087351,0.08561,1782.55,2.596e-05,0.2737,0.1067,2.93e-06,0.0529,4.97e-06,73.2479,0.8153,0.3695,2.9791,0.1668,0.642,1.22003,73.987,0.1756,0.085,6.789,4.714e-06,65747.6,0.2383,0.0871,0.0854,1781.66,2.587e-05,0.274,0.1067,2.927e-06,0.05294,4.953e-06,73.19,0.783,0.3711,2.9864,0.1668,0.6429,1.2206,73.83,0.1757,0.08499,6.792,4.718e-06,65740.0,0.2388,0.08709,0.08561,1781.73,2.588e-05,0.2735,0.10673,2.932e-06,0.05299,4.951e-06,73.27,0.7823,0.3715,2.986,0.1666,0.6419,1.2208,73.96,0.1756,0.08494,6.8,4.718e-06,65751.7,0.2388,0.0871,0.08542,1781.83,2.582e-05,0.2735,0.10679,2.931e-06,0.0529,4.954e-06,73.27,0.7831,0.3716,2.987,0.1668,0.6425,1.2206
2026-06-16 14:21:00,73.95,0.1756,0.085,6.796,4.72e-06,65700.01,0.2387,0.08706,0.0854,1779.54,2.59e-05,0.2734,0.1067,2.94e-06,0.0529,4.95e-06,73.2,0.7826,0.3716,2.982,0.167,0.6383,1.2192,73.97,0.1756,0.0851,6.796,4.725e-06,65700.5,0.2388,0.08716,0.08536,1779.41,2.585e-05,0.2736,0.1069,2.933e-06,0.05298,4.956e-06,73.21,0.7826,0.3715,2.985,0.167,0.6383,1.2193,73.98,0.1756,0.08495,6.798,4.718e-06,65704.6,0.2389,0.08706,0.08532,1779.72,2.591e-05,0.2739,0.1067,2.933e-06,0.0529,4.958e-06,73.21,0.7825,0.3725,2.984,0.1671,0.6383,1.2197,73.9,0.1754,0.0849,6.79,4.7e-06,65645.53,0.2385,0.08699,0.0853,1777.97,2.59e-05,0.273,0.106,2.93e-06,0.05289,4.96e-06,73.14,0.7819,0.3718,2.981,0.167,0.6378,1.2184,73.943,0.17563,0.0857,6.801,4.838e-06,65709.79,0.241,0.087062,0.08506,1779.46,2.591e-05,0.2749,0.1066,2.929e-06,0.05294,4.951e-06,73.22,0.78396,0.37233,2.9848,0.1725,0.6399,1.2193,74.2138,0.175741,0.0852,6.7956,4.7117e-06,65824.07,0.2384,0.087351,0.0855,1780.13,2.59e-05,0.2737,0.1067,2.93e-06,0.0529,4.97e-06,73.238,0.8153,0.3696,2.9785,0.1668,0.638,1.22003,73.945,0.1758,0.0851,6.798,4.724e-06,65705.7,0.2383,0.08708,0.0853,1779.92,2.588e-05,0.274,0.1068,2.93e-06,0.0529,4.954e-06,73.21,0.7825,0.3716,2.9836,0.167,0.6383,1.21932,74.06,0.1757,0.08513,6.801,4.722e-06,65704.42,0.2391,0.08711,0.08536,1779.8,2.592e-05,0.2733,0.10691,2.933e-06,0.053,4.958e-06,73.21,0.7827,0.3716,2.993,0.1667,0.6382,1.2193,73.98,0.1756,0.08496,6.798,4.716e-06,65706.1,0.2391,0.08707,0.08532,1779.78,2.582e-05,0.2741,0.10666,2.93e-06,0.05293,4.956e-06,73.21,0.7825,0.3719,2.982,0.1672,0.6382,1.219
2026-06-16 14:30:00,73.5,0.1743,0.0843,6.765,4.68e-06,65607.99,0.2359,0.08669,0.0852,1774.29,2.578e-05,0.2717,0.1062,2.91e-06,0.05272,4.93e-06,72.9,0.78,0.3717,2.962,0.1659,0.6312,1.2138,73.51,0.1743,0.0843,6.764,4.681e-06,65607.04,0.2356,0.08668,0.08528,1774.15,2.578e-05,0.2715,0.1062,2.913e-06,0.0527,4.935e-06,72.9,0.7801,0.3714,2.962,0.1656,0.6309,1.214,73.51,0.1744,0.0843,6.766,4.681e-06,65614.7,0.2358,0.08669,0.08522,1774.04,2.576e-05,0.2716,0.1062,2.913e-06,0.05271,4.934e-06,72.9,0.7802,0.3713,2.963,0.1656,0.6313,1.2139,73.44,0.1741,0.0843,6.76,4.68e-06,65553.21,0.2356,0.0866,0.085,1772.53,2.57e-05,0.271,0.106,2.91e-06,0.05267,4.93e-06,72.83,0.7795,0.3716,2.959,0.165,0.6307,1.213,73.855,0.17429,0.0842,6.753,4.838e-06,65604.15,0.241,0.086654,0.08506,1774.04,2.582e-05,0.2749,0.1066,2.91e-06,0.05294,4.935e-06,72.91,0.77946,0.37487,2.953,0.1725,0.6305,1.2142,73.4043,0.174533,0.0842,6.7646,4.6734e-06,65686.3,0.2356,0.086658,0.08518,1774.64,2.58e-05,0.2711,0.1061,2.909346e-06,0.0527,4.94e-06,72.8273,0.8152,0.3698,2.9563,0.1657,0.63,1.21437,73.502,0.1743,0.0843,6.763,4.682e-06,65609.1,0.2356,0.0867,0.0852,1774.36,2.572e-05,0.2711,0.1062,2.913e-06,0.05273,4.934e-06,72.88,0.7802,0.3716,2.9626,0.1659,0.6312,1.21391,73.48,0.1744,0.08433,6.765,4.684e-06,65610.9,0.2358,0.08665,0.08525,1774.14,2.577e-05,0.2718,0.10618,2.914e-06,0.0527,4.934e-06,72.89,0.7801,0.3716,2.961,0.1656,0.631,1.2139,73.5,0.1744,0.0843,6.768,4.68e-06,65609.8,0.2358,0.08669,0.08519,1774.25,2.572e-05,0.2715,0.10615,2.914e-06,0.05269,4.935e-06,72.9,0.7801,0.3712,2.963,0.1655,0.6311,1.2141
2026-06-16 14:31:00,73.03,0.1736,0.0839,6.727,4.66e-06,65458.0,0.2352,0.0864,0.0847,1769.48,2.567e-05,0.2705,0.1054,2.9e-06,0.05254,4.92e-06,72.67,0.7761,0.3695,2.951,0.1651,0.628,1.2098,73.01,0.1736,0.0838,6.724,4.66e-06,65458.63,0.2355,0.08639,0.0847,1769.4,2.571e-05,0.2706,0.1054,2.899e-06,0.05246,4.922e-06,72.67,0.7762,0.3688,2.951,0.165,0.6279,1.2098,73.05,0.1737,0.08386,6.727,4.659e-06,65469.7,0.2354,0.0864,0.08467,1769.25,2.576e-05,0.2704,0.1054,2.9e-06,0.05252,4.92e-06,72.67,0.7762,0.3698,2.952,0.1652,0.628,1.2099,72.92,0.1735,0.0838,6.72,4.65e-06,65407.99,0.235,0.08632,0.0846,1767.83,2.57e-05,0.271,0.106,2.9e-06,0.05248,4.91e-06,72.6,0.7755,0.3696,2.949,0.165,0.6274,1.2083,73.273,0.17364,0.084,6.726,4.838e-06,65458.95,0.2353,0.086403,0.08506,1769.4,2.582e-05,0.2749,0.1054,2.899e-06,0.05253,4.935e-06,72.68,0.77636,0.37487,2.953,0.1725,0.6279,1.2099,73.2075,0.173813,0.0833,6.7269,4.653e-06,65560.0,0.2352,0.086462,0.08478,1770.06,2.572e-05,0.2699,0.1054,2.906896e-06,0.0525,4.94e-06,72.6572,0.8069,0.3681,2.9443,0.1651,0.627,1.20984,73.007,0.1736,0.0838,6.724,4.659e-06,65464.6,0.2355,0.08641,0.0847,1769.23,2.571e-05,0.2704,0.1053,2.899e-06,0.05253,4.923e-06,72.66,0.7761,0.3709,2.951,0.1652,0.6277,1.20975,73.05,0.1736,0.08418,6.729,4.66e-06,65463.34,0.2352,0.08636,0.0847,1769.17,2.567e-05,0.2705,0.10547,2.901e-06,0.05248,4.919e-06,72.66,0.7763,0.3695,2.952,0.165,0.6276,1.2099,73.02,0.1737,0.08388,6.727,4.66e-06,65464.9,0.2354,0.08641,0.08469,1769.3,2.569e-05,0.2705,0.10539,2.9e-06,0.05252,4.923e-06,72.68,0.7761,0.3697,2.951,0.1651,0.628,1.2097
2026-06-16 14:32:00,72.85,0.1734,0.0837,6.721,4.66e-06,65396.01,0.2347,0.08631,0.0845,1766.16,2.565e-05,0.2697,0.1052,2.9e-06,0.05245,4.92e-06,72.47,0.7738,0.3703,2.947,0.1646,0.6258,1.2078,72.9,0.1734,0.0837,6.721,4.66e-06,65396.47,0.2348,0.08631,0.0846,1766.22,2.566e-05,0.27,0.1051,2.895e-06,0.05248,4.919e-06,72.47,0.7737,0.3691,2.948,0.1646,0.6257,1.2078,72.85,0.1734,0.08362,6.723,4.65e-06,65401.9,0.2348,0.08631,0.08453,1766.09,2.565e-05,0.2699,0.1052,2.896e-06,0.05245,4.92e-06,72.47,0.7738,0.3702,2.949,0.1645,0.6267,1.2079,72.9,0.1734,0.0836,6.72,4.65e-06,65338.18,0.2346,0.08624,0.0845,1764.34,2.56e-05,0.27,0.106,2.89e-06,0.05248,4.91e-06,72.4,0.773,0.3708,2.947,0.165,0.6252,1.2068,72.957,0.17353,0.0837,6.73,4.838e-06,65398.63,0.2353,0.086335,0.08506,1766.14,2.582e-05,0.2749,0.1055,2.899e-06,0.05253,4.92e-06,72.47,0.77394,0.37487,2.9489,0.1725,0.6265,1.2079,72.9977,0.173587,0.0836,6.722,4.653e-06,65518.28,0.2348,0.086459,0.0847,1766.66,2.571e-05,0.2691,0.1051,2.902013e-06,0.0524,4.94e-06,72.4672,0.8069,0.3684,2.9414,0.1644,0.627,1.2055,72.873,0.1735,0.0837,6.725,4.65e-06,65401.6,0.2348,0.08633,0.0846,1766.22,2.567e-05,0.2701,0.1052,2.896e-06,0.05244,4.918e-06,72.47,0.7736,0.3709,2.9484,0.1645,0.6257,1.20769,72.92,0.1733,0.08391,6.725,4.657e-06,65402.75,0.2348,0.0863,0.0846,1766.04,2.567e-05,0.2696,0.10528,2.895e-06,0.05248,4.918e-06,72.47,0.7734,0.3703,2.944,0.1644,0.6261,1.2078,72.88,0.1734,0.08367,6.723,4.651e-06,65394.2,0.2347,0.08632,0.08451,1766.17,2.569e-05,0.2697,0.10513,2.895e-06,0.05246,4.916e-06,72.46,0.774,0.3703,2.949,0.1646,0.626,1.208
2026-06-16 14:33:00,72.88,0.1732,0.0838,6.729,4.66e-06,65413.99,0.2348,0.08635,0.0843,1766.35,2.565e-05,0.27,0.1053,2.89e-06,0.05249,4.91e-06,72.46,0.7744,0.3707,2.947,0.1648,0.626,1.2068,72.86,0.1732,0.0837,6.725,4.653e-06,65415.0,0.2346,0.08632,0.0844,1766.2,2.564e-05,0.27,0.1051,2.894e-06,0.05241,4.917e-06,72.46,0.7742,0.3705,2.946,0.1647,0.6252,1.2068,72.89,0.1732,0.08379,6.729,4.656e-06,65425.0,0.2348,0.08634,0.0843,1766.32,2.564e-05,0.27,0.1053,2.898e-06,0.05246,4.92e-06,72.43,0.7744,0.3707,2.948,0.1647,0.6261,1.207,72.8,0.173,0.0837,6.73,4.65e-06,65364.19,0.2348,0.08627,0.0843,1765.16,2.57e-05,0.27,0.106,2.89e-06,0.05253,4.92e-06,72.4,0.7738,0.3705,2.945,0.165,0.625,1.2056,72.834,0.1732,0.0838,6.724,4.838e-06,65414.25,0.2353,0.086309,0.08506,1766.56,2.582e-05,0.2749,0.1055,2.898e-06,0.05253,4.92e-06,72.44,0.77364,0.37487,2.9471,0.1725,0.625,1.2065,72.9977,0.173255,0.0837,6.729,4.653e-06,65500.01,0.2344,0.08658,0.08455,1767.13,2.572e-05,0.2695,0.1053,2.89983e-06,0.0525,4.94e-06,72.3972,0.8076,0.3685,2.9416,0.1646,0.625,1.20576,72.878,0.1731,0.0837,6.726,4.656e-06,65407.6,0.235,0.08633,0.0845,1766.31,2.567e-05,0.2699,0.1051,2.896e-06,0.05247,4.919e-06,72.43,0.7743,0.3709,2.9482,0.1647,0.6251,1.20617,72.79,0.1731,0.08371,6.726,4.65e-06,65400.0,0.2347,0.08633,0.0844,1766.11,2.566e-05,0.2696,0.10518,2.897e-06,0.05246,4.918e-06,72.45,0.7739,0.3709,2.947,0.1645,0.6251,1.2069,72.88,0.1732,0.0838,6.725,4.649e-06,65421.9,0.2345,0.08635,0.08438,1766.4,2.564e-05,0.2697,0.10523,2.896e-06,0.05248,4.92e-06,72.47,0.7742,0.3708,2.948,0.1645,0.6259,1.2067
2026-06-16 14:34:00,73.06,0.1738,0.0841,6.745,4.68e-06,65568.01,0.2363,0.08657,0.0848,1773.14,2.576e-05,0.2712,0.106,2.9e-06,0.05268,4.94e-06,72.68,0.7774,0.3731,2.957,0.1655,0.6351,1.2098,72.89,0.1738,0.084,6.742,4.659e-06,65566.86,0.2366,0.08656,0.08479,1773.13,2.564e-05,0.2711,0.1059,2.907e-06,0.05265,4.929e-06,72.68,0.7773,0.3728,2.955,0.1649,0.6354,1.2099,73.04,0.1738,0.08407,6.745,4.674e-06,65569.7,0.2363,0.08655,0.08477,1772.94,2.578e-05,0.2708,0.1061,2.908e-06,0.05264,4.929e-06,72.68,0.7772,0.3733,2.96,0.1657,0.6353,1.2098,73.04,0.1734,0.0841,6.74,4.67e-06,65505.38,0.2365,0.08648,0.0847,1771.48,2.57e-05,0.271,0.106,2.9e-06,0.05272,4.93e-06,72.61,0.7767,0.373,2.955,0.166,0.6346,1.2087,72.834,0.1739,0.0838,6.742,4.838e-06,65559.9,0.2379,0.086565,0.08506,1773.11,2.582e-05,0.2749,0.1059,2.898e-06,0.05253,4.92e-06,72.68,0.77671,0.37487,2.95,0.1725,0.6352,1.2101,72.9977,0.173898,0.084,6.7439,4.653e-06,65662.09,0.2356,0.08658,0.08492,1773.43,2.58e-05,0.2706,0.106,2.906112e-06,0.0526,4.93e-06,72.5523,0.8076,0.3712,2.9506,0.1655,0.634,1.20921,73.042,0.1738,0.0841,6.743,4.674e-06,65569.5,0.2443,0.08658,0.0847,1772.97,2.576e-05,0.2703,0.1061,2.908e-06,0.05267,4.934e-06,72.69,0.7771,0.3729,2.9578,0.1655,0.6357,1.20978,73.04,0.1738,0.08405,6.743,4.677e-06,65588.68,0.2364,0.08652,0.08428,1773.14,2.569e-05,0.2712,0.10614,2.908e-06,0.0525,4.933e-06,72.67,0.7771,0.3731,2.96,0.1652,0.6349,1.2103,73.05,0.1738,0.08405,6.741,4.672e-06,65569.1,0.2364,0.08656,0.08478,1773.1,2.578e-05,0.271,0.10604,2.908e-06,0.05266,4.936e-06,72.69,0.7772,0.3732,2.958,0.1656,0.6351,1.2098
2026-06-16 14:35:00,73.07,0.1734,0.0841,6.743,4.67e-06,65584.43,0.2359,0.08655,0.0847,1774.83,2.575e-05,0.2709,0.1061,2.9e-06,0.05268,4.94e-06,72.65,0.7769,0.373,2.955,0.1654,0.6356,1.2106,73.09,0.1734,0.084,6.744,4.659e-06,65587.09,0.236,0.08655,0.08489,1774.83,2.564e-05,0.271,0.1062,2.906e-06,0.05276,4.936e-06,72.66,0.7769,0.3735,2.956,0.1653,0.636,1.2103,73.08,0.1734,0.08404,6.745,4.668e-06,65588.9,0.2356,0.08654,0.0847,1774.5,2.578e-05,0.2709,0.1061,2.913e-06,0.05277,4.943e-06,72.65,0.7771,0.3734,2.957,0.1654,0.6357,1.2107,73.0,0.1733,0.084,6.74,4.67e-06,65527.99,0.2357,0.08648,0.0846,1773.36,2.57e-05,0.271,0.106,2.9e-06,0.05272,4.94e-06,72.59,0.7764,0.3728,2.953,0.166,0.6351,1.2095,72.834,0.17341,0.0838,6.747,4.838e-06,65578.59,0.2379,0.086534,0.08506,1774.71,2.582e-05,0.2749,0.106,2.906e-06,0.05253,4.92e-06,72.66,0.77671,0.37487,2.95,0.1725,0.6352,1.2107,72.9977,0.173486,0.0839,6.747,4.653e-06,65662.08,0.2355,0.086616,0.08482,1775.55,2.58e-05,0.2703,0.1059,2.911111e-06,0.0526,4.94e-06,72.7362,0.8084,0.3711,2.9487,0.1653,0.635,1.211,73.085,0.1734,0.0841,6.748,4.673e-06,65580.0,0.2368,0.08656,0.0847,1774.63,2.576e-05,0.2716,0.106,2.906e-06,0.05271,4.936e-06,72.65,0.777,0.3743,2.9549,0.1656,0.6359,1.21025,73.11,0.1733,0.08417,6.749,4.668e-06,65578.21,0.2364,0.08651,0.08486,1774.74,2.575e-05,0.2717,0.10618,2.91e-06,0.05274,4.939e-06,72.65,0.777,0.3736,2.961,0.1651,0.6357,1.2108,73.11,0.1734,0.08405,6.748,4.668e-06,65590.1,0.236,0.08655,0.08466,1775.0,2.581e-05,0.2715,0.10591,2.906e-06,0.05273,4.94e-06,72.64,0.777,0.3732,2.956,0.1656,0.6356,1.2106
2026-06-16 14:36:00,73.1,0.1734,0.0841,6.75,4.67e-06,65610.0,0.2361,0.0866,0.0849,1776.4,2.574e-05,0.2712,0.1061,2.91e-06,0.0527,4.94e-06,72.66,0.7777,0.3738,2.963,0.1656,0.6381,1.2111,73.12,0.1734,0.0841,6.75,4.671e-06,65609.0,0.2363,0.08662,0.08492,1776.33,2.564e-05,0.271,0.1061,2.907e-06,0.05266,4.937e-06,72.68,0.7776,0.3735,2.963,0.1653,0.638,1.2113,73.12,0.1735,0.08408,6.751,4.668e-06,65610.5,0.236,0.0866,0.08481,1776.18,2.578e-05,0.2711,0.1061,2.909e-06,0.0527,4.939e-06,72.66,0.7778,0.3739,2.963,0.1656,0.6382,1.2113,73.08,0.1734,0.0841,6.74,4.67e-06,65545.99,0.2359,0.08653,0.0848,1774.78,2.57e-05,0.271,0.106,2.9e-06,0.05264,4.94e-06,72.62,0.777,0.3736,2.96,0.166,0.6376,1.2105,72.834,0.17341,0.0841,6.75,4.838e-06,65610.4,0.2379,0.08666,0.08506,1776.37,2.582e-05,0.2749,0.1061,2.909e-06,0.05253,4.92e-06,72.67,0.77671,0.37487,2.95,0.1725,0.6382,1.2114,72.9977,0.173537,0.084,6.7507,4.653e-06,65694.74,0.2353,0.086676,0.08493,1777.07,2.578e-05,0.2706,0.106,2.911111e-06,0.0526,4.93e-06,72.6187,0.8055,0.3718,2.9567,0.1655,0.637,1.21138,73.108,0.1735,0.0841,6.751,4.67e-06,65615.0,0.2373,0.0866,0.0849,1777.23,2.575e-05,0.2716,0.1061,2.906e-06,0.05269,4.938e-06,72.66,0.7777,0.3736,2.9617,0.1655,0.6373,1.21103,73.09,0.1735,0.0841,6.749,4.67e-06,65612.21,0.2361,0.08658,0.0848,1776.46,2.574e-05,0.2712,0.10614,2.91e-06,0.05268,4.938e-06,72.66,0.7775,0.3738,2.963,0.1653,0.6364,1.2116,73.11,0.1735,0.08416,6.75,4.669e-06,65608.6,0.2363,0.08662,0.08486,1776.48,2.575e-05,0.2711,0.106,2.906e-06,0.05269,4.94e-06,72.65,0.7779,0.3739,2.963,0.1656,0.6382,1.2112
2026-06-16 14:37:00,73.2,0.1735,0.0841,6.753,4.68e-06,65618.01,0.236,0.0866,0.0848,1776.77,2.576e-05,0.2713,0.1063,2.9e-06,0.05273,4.94e-06,72.7,0.7784,0.3742,2.963,0.1657,0.6383,1.2104,73.26,0.1736,0.0841,6.753,4.676e-06,65619.01,0.236,0.08662,0.085,1776.85,2.575e-05,0.2717,0.1062,2.908e-06,0.05274,4.939e-06,72.71,0.7784,0.3744,2.962,0.1658,0.6382,1.2104,73.21,0.1735,0.08418,6.751,4.674e-06,65622.2,0.236,0.08661,0.08489,1776.7,2.578e-05,0.2712,0.1063,2.911e-06,0.05276,4.939e-06,72.7,0.7785,0.3742,2.963,0.1656,0.6383,1.2105,73.16,0.1733,0.0841,6.75,4.67e-06,65549.99,0.2359,0.08649,0.0849,1774.89,2.57e-05,0.271,0.107,2.9e-06,0.05275,4.94e-06,72.64,0.7774,0.374,2.959,0.166,0.6374,1.2094,72.834,0.17349,0.0841,6.75,4.838e-06,65614.65,0.2379,0.086605,0.08506,1776.83,2.582e-05,0.2749,0.1062,2.909e-06,0.05253,4.92e-06,72.72,0.77671,0.37487,2.9667,0.1725,0.6384,1.2105,72.9977,0.173541,0.0842,6.7517,4.653e-06,65698.77,0.2351,0.086881,0.08495,1777.09,2.577e-05,0.2707,0.1062,2.911111e-06,0.0526,4.93e-06,72.621,0.8142,0.3723,2.9568,0.1655,0.637,1.21138,73.188,0.1736,0.0842,6.75,4.676e-06,65621.7,0.2368,0.0866,0.0849,1776.55,2.575e-05,0.2714,0.1063,2.909e-06,0.05271,4.939e-06,72.7,0.7784,0.374,2.9632,0.1656,0.6382,1.2104,73.22,0.1734,0.0841,6.752,4.677e-06,65620.0,0.236,0.08659,0.08501,1776.67,2.578e-05,0.2714,0.10613,2.908e-06,0.05272,4.941e-06,72.7,0.7784,0.3742,2.964,0.1654,0.637,1.2106,73.2,0.1735,0.08418,6.753,4.67e-06,65619.1,0.236,0.08662,0.08492,1776.58,2.575e-05,0.2714,0.10624,2.908e-06,0.05275,4.943e-06,72.7,0.7786,0.3742,2.964,0.1657,0.6382,1.2105
2026-06-16 14:38:00,73.33,0.1734,0.0843,6.759,4.68e-06,65623.98,0.2367,0.08666,0.0849,1777.4,2.579e-05,0.2718,0.1064,2.91e-06,0.05282,4.94e-06,72.76,0.7787,0.3752,2.972,0.1659,0.6397,1.2108,73.34,0.1734,0.0842,6.759,4.68e-06,65629.58,0.2366,0.08666,0.08491,1777.39,2.58e-05,0.2716,0.1064,2.91e-06,0.05276,4.946e-06,72.77,0.7788,0.3748,2.973,0.166,0.6394,1.2107,73.31,0.1735,0.08428,6.758,4.68e-06,65634.4,0.2366,0.08669,0.08492,1777.42,2.58e-05,0.2717,0.1064,2.91e-06,0.05279,4.946e-06,72.77,0.779,0.3751,2.973,0.166,0.6393,1.2109,73.28,0.1734,0.0843,6.75,4.67e-06,65571.29,0.2369,0.08658,0.085,1775.71,2.57e-05,0.272,0.107,2.9e-06,0.05275,4.94e-06,72.69,0.7783,0.3748,2.97,0.166,0.6393,1.2097,72.834,0.17341,0.0841,6.759,4.838e-06,65623.57,0.2379,0.086654,0.08506,1777.25,2.582e-05,0.2749,0.1064,2.909e-06,0.05253,4.92e-06,72.75,0.77671,0.37475,2.9647,0.1725,0.6403,1.2109,72.9977,0.173595,0.0841,6.7587,4.653e-06,65729.54,0.2365,0.086716,0.08506,1777.85,2.577e-05,0.2712,0.1063,2.911111e-06,0.0528,4.94e-06,72.6772,0.8129,0.3729,2.9682,0.1659,0.639,1.21028,73.347,0.1734,0.0842,6.755,4.679e-06,65628.0,0.237,0.08668,0.085,1777.68,2.575e-05,0.2719,0.1064,2.91e-06,0.0528,4.945e-06,72.77,0.7788,0.3751,2.9734,0.1659,0.6398,1.2106,73.33,0.1734,0.08425,6.752,4.685e-06,65618.58,0.2367,0.08662,0.0851,1777.54,2.58e-05,0.2718,0.10633,2.91e-06,0.0528,4.946e-06,72.77,0.7793,0.3751,2.971,0.1656,0.6405,1.2108,73.29,0.1735,0.0843,6.756,4.68e-06,65633.1,0.2368,0.08667,0.08496,1777.54,2.575e-05,0.2717,0.10641,2.911e-06,0.0528,4.947e-06,72.77,0.7788,0.3751,2.973,0.166,0.6397,1.2108
2026-06-16 14:39:00,73.42,0.1737,0.0844,6.768,4.69e-06,65660.0,0.2368,0.08672,0.0852,1777.98,2.586e-05,0.2722,0.1066,2.92e-06,0.05287,4.95e-06,72.82,0.78,0.3762,2.974,0.1663,0.6421,1.2113,73.49,0.1737,0.0843,6.767,4.688e-06,65659.35,0.2371,0.08671,0.08532,1777.85,2.58e-05,0.2721,0.1065,2.915e-06,0.05286,4.949e-06,72.82,0.78,0.376,2.974,0.1661,0.6422,1.2111,73.42,0.1737,0.08442,6.768,4.689e-06,65666.6,0.2366,0.0867,0.08525,1778.17,2.58e-05,0.2721,0.1066,2.915e-06,0.05286,4.947e-06,72.82,0.78,0.3763,2.976,0.1664,0.642,1.2109,73.36,0.1736,0.0843,6.76,4.69e-06,65597.09,0.2369,0.08665,0.0852,1776.52,2.59e-05,0.272,0.107,2.91e-06,0.0529,4.95e-06,72.76,0.7792,0.3761,2.971,0.167,0.6413,1.2102,72.834,0.17374,0.0841,6.767,4.838e-06,65650.23,0.2379,0.086704,0.08506,1777.78,2.582e-05,0.2749,0.1064,2.914e-06,0.05253,4.92e-06,72.82,0.77966,0.37475,2.9647,0.1725,0.642,1.2115,72.9977,0.173817,0.0844,6.7646,4.6827e-06,65751.34,0.2365,0.086757,0.08542,1778.29,2.586e-05,0.2717,0.1065,2.911111e-06,0.0528,4.94e-06,72.7619,0.8103,0.3742,2.9686,0.1663,0.64,1.21028,73.408,0.1737,0.0844,6.768,4.689e-06,65657.5,0.2375,0.08671,0.0853,1777.51,2.585e-05,0.2721,0.1066,2.915e-06,0.05285,4.952e-06,72.81,0.7796,0.3762,2.9727,0.1662,0.6427,1.21077,73.42,0.1738,0.08418,6.765,4.69e-06,65663.96,0.2368,0.08669,0.08533,1777.52,2.586e-05,0.2723,0.10665,2.917e-06,0.05286,4.957e-06,72.79,0.7796,0.3763,2.967,0.1661,0.6422,1.2116,73.43,0.1737,0.08441,6.766,4.686e-06,65661.5,0.237,0.08672,0.08525,1778.09,2.582e-05,0.2722,0.10657,2.916e-06,0.05286,4.956e-06,72.83,0.7799,0.3763,2.974,0.1664,0.6422,1.2114
2026-06-16 14:40:00,73.66,0.1743,0.0846,6.784,4.7e-06,65726.0,0.237,0.08692,0.0854,1780.73,2.592e-05,0.273,0.1068,2.93e-06,0.05301,4.96e-06,73.02,0.7817,0.3783,2.984,0.167,0.6404,1.2124,73.68,0.1743,0.0845,6.785,4.695e-06,65728.23,0.2371,0.08693,0.08546,1780.67,2.595e-05,0.2732,0.1069,2.924e-06,0.053,4.961e-06,73.03,0.7815,0.3777,2.986,0.167,0.6404,1.2125,73.68,0.1743,0.08477,6.785,4.702e-06,65733.6,0.237,0.08692,0.08542,1780.89,2.58e-05,0.273,0.1068,2.924e-06,0.05296,4.96e-06,73.04,0.7817,0.3784,2.983,0.167,0.6403,1.2126,73.54,0.1742,0.0845,6.77,4.69e-06,65670.43,0.2368,0.08684,0.0853,1779.2,2.59e-05,0.272,0.107,2.92e-06,0.05294,4.95e-06,72.97,0.781,0.378,2.98,0.167,0.6395,1.2114,73.547,0.17435,0.0845,6.785,4.838e-06,65723.79,0.2379,0.086964,0.08506,1780.76,2.582e-05,0.2749,0.1064,2.918e-06,0.05253,4.92e-06,73.04,0.77966,0.37475,2.9839,0.1725,0.6402,1.2126,72.9977,0.174307,0.0843,6.7842,4.6938e-06,65798.74,0.237,0.086757,0.08558,1781.75,2.594e-05,0.2724,0.1067,2.922222e-06,0.053,4.94e-06,72.7619,0.8052,0.3762,2.9773,0.1669,0.64,1.21028,73.666,0.1744,0.0846,6.784,4.7e-06,65723.8,0.2375,0.08693,0.0854,1780.59,2.59e-05,0.2723,0.1068,2.923e-06,0.05298,4.963e-06,73.03,0.7816,0.378,2.9827,0.167,0.6403,1.21253,73.54,0.1742,0.08461,6.785,4.703e-06,65724.54,0.2371,0.08691,0.08533,1780.86,2.585e-05,0.273,0.1069,2.919e-06,0.05294,4.961e-06,73.03,0.7817,0.3784,2.976,0.1668,0.6397,1.2126,73.67,0.1743,0.08461,6.785,4.699e-06,65734.3,0.237,0.08694,0.08548,1780.74,2.591e-05,0.273,0.10678,2.923e-06,0.05299,4.964e-06,73.01,0.7816,0.3783,2.983,0.1668,0.6405,1.2125
2026-06-16 14:41:00,73.63,0.1742,0.0846,6.78,4.71e-06,65739.53,0.237,0.08689,0.0855,1781.71,2.591e-05,0.273,0.1069,2.93e-06,0.053,4.96e-06,72.99,0.7812,0.3774,2.981,0.1669,0.6392,1.2119,73.62,0.1742,0.0845,6.78,4.703e-06,65741.52,0.2371,0.08689,0.08539,1781.72,2.594e-05,0.2732,0.1069,2.922e-06,0.05297,4.959e-06,72.99,0.7811,0.3774,2.982,0.167,0.6393,1.2119,73.64,0.1743,0.0846,6.778,4.699e-06,65744.2,0.2369,0.08689,0.08533,1781.61,2.58e-05,0.2729,0.1069,2.923e-06,0.05298,4.96e-06,73.0,0.7811,0.3775,2.982,0.167,0.6396,1.212,73.56,0.1741,0.0845,6.77,4.7e-06,65675.0,0.2368,0.08678,0.0853,1780.05,2.59e-05,0.272,0.107,2.91e-06,0.05296,4.95e-06,72.92,0.7804,0.3774,2.98,0.167,0.6372,1.2108,73.616,0.17415,0.0845,6.785,4.838e-06,65738.87,0.2379,0.086895,0.08506,1781.61,2.582e-05,0.2749,0.1064,2.918e-06,0.05253,4.92e-06,73.0,0.78106,0.37475,2.9839,0.1725,0.6409,1.212,72.9977,0.174443,0.0845,6.7796,4.6938e-06,65816.12,0.2366,0.086757,0.08552,1782.32,2.593e-05,0.2724,0.1067,2.922222e-06,0.053,4.94e-06,72.9446,0.8052,0.3756,2.9763,0.1668,0.639,1.21028,73.656,0.1742,0.0846,6.78,4.698e-06,65744.4,0.2375,0.08691,0.0854,1781.78,2.59e-05,0.2723,0.1068,2.923e-06,0.05297,4.961e-06,72.99,0.7807,0.3781,2.9812,0.167,0.6399,1.21187,73.59,0.1743,0.08461,6.777,4.706e-06,65739.24,0.2371,0.08688,0.08537,1781.74,2.591e-05,0.273,0.1069,2.925e-06,0.05298,4.961e-06,73.0,0.7809,0.3776,2.98,0.1666,0.6404,1.2121,73.54,0.1742,0.08461,6.777,4.699e-06,65741.8,0.237,0.08692,0.08533,1781.73,2.591e-05,0.2729,0.10687,2.923e-06,0.05299,4.961e-06,73.0,0.7811,0.3775,2.983,0.1671,0.6395,1.212
2026-06-16 14:42:00,73.59,0.1742,0.0846,6.77,4.69e-06,65709.79,0.237,0.08688,0.0854,1781.11,2.591e-05,0.2729,0.1067,2.92e-06,0.05298,4.97e-06,72.96,0.781,0.3769,2.976,0.1668,0.6383,1.2111,73.58,0.1741,0.0845,6.77,4.703e-06,65709.95,0.2369,0.08687,0.08535,1781.21,2.593e-05,0.2732,0.1068,2.92e-06,0.05297,4.961e-06,72.96,0.781,0.377,2.974,0.167,0.6383,1.2111,73.61,0.174,0.08454,6.771,4.698e-06,65719.1,0.237,0.0869,0.08532,1781.11,2.58e-05,0.2729,0.1069,2.922e-06,0.05299,4.961e-06,72.96,0.7811,0.3774,2.977,0.1668,0.6384,1.2112,73.44,0.1739,0.0843,6.76,4.7e-06,65653.53,0.2365,0.08675,0.0852,1779.65,2.59e-05,0.272,0.107,2.91e-06,0.05292,4.96e-06,72.9,0.7802,0.3768,2.973,0.167,0.6378,1.2101,73.642,0.1741,0.0845,6.77,4.838e-06,65714.38,0.2379,0.086898,0.08506,1781.2,2.582e-05,0.2749,0.1064,2.918e-06,0.05253,4.92e-06,72.96,0.78086,0.37475,2.9839,0.1725,0.6387,1.2109,72.9977,0.17417,0.0845,6.7701,4.6931e-06,65794.39,0.2359,0.0869,0.08552,1781.42,2.592e-05,0.2723,0.1067,2.922222e-06,0.0529,4.96e-06,72.9426,0.8052,0.3748,2.9715,0.1666,0.638,1.21118,73.558,0.1741,0.0846,6.77,4.694e-06,65713.1,0.2372,0.0869,0.0853,1781.17,2.59e-05,0.2723,0.1068,2.922e-06,0.05297,4.961e-06,72.97,0.7808,0.3771,2.977,0.1668,0.6387,1.211,73.63,0.1741,0.08457,6.768,4.696e-06,65712.57,0.237,0.08686,0.08539,1781.07,2.591e-05,0.2728,0.10683,2.921e-06,0.05296,4.96e-06,72.96,0.7808,0.3768,2.977,0.1665,0.6387,1.2112,73.64,0.1742,0.08453,6.772,4.697e-06,65717.4,0.237,0.08689,0.08532,1781.16,2.589e-05,0.2729,0.10675,2.92e-06,0.05298,4.963e-06,72.96,0.7809,0.377,2.978,0.1671,0.6382,1.2111
2026-06-16 14:45:00,73.66,0.1746,0.0846,6.778,4.71e-06,65748.0,0.2368,0.08699,0.0855,1783.42,2.596e-05,0.2735,0.1071,2.93e-06,0.05299,4.97e-06,73.03,0.7834,0.3782,2.974,0.1673,0.6424,1.2127,73.67,0.1746,0.0845,6.777,4.71e-06,65745.57,0.2367,0.08697,0.0855,1783.41,2.595e-05,0.2736,0.107,2.926e-06,0.05296,4.979e-06,73.02,0.7834,0.378,2.975,0.1671,0.6426,1.2125,73.67,0.1746,0.08461,6.777,4.708e-06,65753.4,0.2368,0.08697,0.08552,1783.46,2.596e-05,0.2735,0.1071,2.926e-06,0.05298,4.977e-06,73.04,0.7831,0.3783,2.976,0.1674,0.6423,1.2127,73.62,0.1744,0.0845,6.77,4.7e-06,65687.29,0.2365,0.08684,0.0854,1781.61,2.59e-05,0.273,0.107,2.92e-06,0.05293,4.97e-06,72.95,0.7828,0.378,2.97,0.167,0.642,1.2118,73.51,0.17463,0.0844,6.771,4.838e-06,65751.29,0.2379,0.086991,0.08506,1783.33,2.582e-05,0.2749,0.1071,2.92e-06,0.05253,4.98e-06,73.02,0.78296,0.37475,2.9839,0.1725,0.6393,1.2126,73.388,0.174857,0.0845,6.7766,4.6931e-06,65842.15,0.2359,0.087209,0.08551,1783.85,2.6e-05,0.273,0.1068,2.922222e-06,0.053,4.95e-06,72.9598,0.8052,0.3758,2.9697,0.1669,0.641,1.21002,73.668,0.1746,0.0846,6.78,4.708e-06,65753.0,0.2373,0.087,0.0855,1783.67,2.594e-05,0.2733,0.107,2.926e-06,0.05297,4.978e-06,73.01,0.7832,0.3781,2.9732,0.1672,0.6426,1.21247,73.66,0.1745,0.08456,6.777,4.715e-06,65746.2,0.2368,0.08697,0.08553,1783.39,2.598e-05,0.2734,0.10694,2.926e-06,0.05301,4.977e-06,73.02,0.7833,0.3784,2.976,0.1671,0.6423,1.2128,73.69,0.1746,0.08462,6.776,4.71e-06,65747.8,0.2367,0.08699,0.08554,1783.62,2.595e-05,0.2734,0.10702,2.925e-06,0.05297,4.98e-06,73.02,0.7833,0.3782,2.973,0.1674,0.6427,1.2128
2026-06-16 14:46:00,73.54,0.1744,0.0845,6.775,4.71e-06,65730.0,0.2364,0.08693,0.0853,1781.91,2.594e-05,0.2732,0.1071,2.92e-06,0.05298,4.97e-06,72.96,0.7833,0.3776,2.967,0.1672,0.6419,1.2112,73.52,0.1744,0.0845,6.771,4.71e-06,65729.99,0.2367,0.08692,0.08536,1782.2,2.595e-05,0.2737,0.1071,2.923e-06,0.05296,4.974e-06,72.95,0.7831,0.3771,2.965,0.1671,0.6418,1.2111,73.53,0.1743,0.08444,6.77,4.709e-06,65738.5,0.2364,0.08693,0.08528,1781.94,2.596e-05,0.2732,0.107,2.923e-06,0.053,4.975e-06,72.97,0.7832,0.3774,2.968,0.1673,0.6414,1.2112,73.4,0.1743,0.0844,6.77,4.7e-06,65677.84,0.2362,0.08686,0.0852,1780.19,2.59e-05,0.273,0.107,2.92e-06,0.05293,4.96e-06,72.89,0.7825,0.3774,2.964,0.167,0.641,1.2102,73.51,0.17435,0.0844,6.77,4.838e-06,65726.74,0.2369,0.086905,0.08506,1782.05,2.582e-05,0.2749,0.1069,2.92e-06,0.05253,4.98e-06,72.94,0.78256,0.37475,2.9839,0.1725,0.6423,1.2113,73.388,0.174412,0.0845,6.7752,4.6931e-06,65808.29,0.2354,0.086916,0.08539,1782.3,2.596e-05,0.2727,0.1069,2.922222e-06,0.053,4.97e-06,72.8501,0.8058,0.3753,2.9618,0.1671,0.641,1.21002,73.526,0.1743,0.0845,6.77,4.704e-06,65732.9,0.2374,0.0869,0.0853,1781.7,2.594e-05,0.2733,0.1071,2.923e-06,0.05296,4.97e-06,72.94,0.783,0.3775,2.9664,0.1672,0.6409,1.21137,73.52,0.1743,0.0846,6.78,4.706e-06,65720.74,0.2365,0.0869,0.0856,1781.71,2.592e-05,0.2732,0.10701,2.922e-06,0.05297,4.971e-06,72.95,0.7832,0.3776,2.969,0.1669,0.642,1.2112,73.54,0.1744,0.08445,6.775,4.702e-06,65742.2,0.2368,0.08696,0.08528,1782.12,2.597e-05,0.2731,0.10698,2.925e-06,0.05297,4.974e-06,72.96,0.7831,0.3776,2.966,0.1673,0.6418,1.2113
2026-06-16 14:47:00,73.43,0.1744,0.0844,6.772,4.71e-06,65675.99,0.2361,0.08682,0.0851,1779.94,2.591e-05,0.2728,0.1069,2.92e-06,0.05291,4.97e-06,72.91,0.7824,0.3761,2.958,0.1671,0.6393,1.211,73.48,0.1744,0.0844,6.77,4.71e-06,65678.73,0.2367,0.08682,0.08503,1779.98,2.595e-05,0.273,0.1069,2.92e-06,0.05296,4.974e-06,72.91,0.7824,0.3762,2.958,0.1671,0.6399,1.2111,73.45,0.1744,0.08438,6.77,4.703e-06,65682.6,0.2361,0.08683,0.08504,1780.04,2.592e-05,0.2728,0.1069,2.92e-06,0.0529,4.97e-06,72.91,0.7822,0.3772,2.958,0.1673,0.6398,1.2111,73.36,0.1743,0.0843,6.77,4.7e-06,65620.06,0.2359,0.08677,0.085,1778.16,2.59e-05,0.273,0.107,2.92e-06,0.05293,4.96e-06,72.86,0.7816,0.3758,2.955,0.167,0.6388,1.2099,73.51,0.17448,0.0844,6.774,4.838e-06,65682.75,0.2363,0.086827,0.08506,1779.91,2.582e-05,0.2749,0.1069,2.92e-06,0.05253,4.98e-06,72.92,0.78256,0.37475,2.9839,0.1725,0.6423,1.2109,73.388,0.174545,0.0843,6.7714,4.6931e-06,65779.73,0.2352,0.086895,0.08519,1780.16,2.592e-05,0.2722,0.1069,2.922222e-06,0.0529,4.97e-06,72.8576,0.8039,0.3738,2.9538,0.167,0.638,1.21002,73.419,0.1744,0.0845,6.773,4.704e-06,65676.4,0.2364,0.08685,0.0851,1779.63,2.594e-05,0.2733,0.107,2.92e-06,0.05289,4.972e-06,72.91,0.7822,0.3771,2.959,0.1672,0.6394,1.21082,73.45,0.1744,0.0844,6.775,4.704e-06,65674.85,0.2362,0.08683,0.08529,1780.11,2.591e-05,0.273,0.10689,2.921e-06,0.05288,4.967e-06,72.91,0.7822,0.376,2.966,0.1667,0.6418,1.2112,73.43,0.1744,0.08442,6.771,4.703e-06,65682.3,0.236,0.08684,0.08507,1780.13,2.597e-05,0.2731,0.10687,2.921e-06,0.05289,4.971e-06,72.91,0.7824,0.3761,2.959,0.1672,0.6394,1.211
2026-06-16 14:48:00,73.42,0.1745,0.0844,6.773,4.71e-06,65653.4,0.2365,0.08679,0.0852,1779.63,2.589e-05,0.2727,0.1069,2.92e-06,0.05288,4.96e-06,72.91,0.7824,0.3751,2.957,0.1673,0.642,1.2113,73.44,0.1745,0.0844,6.775,4.71e-06,65653.66,0.2362,0.0868,0.08513,1779.62,2.595e-05,0.2728,0.107,2.92e-06,0.05289,4.974e-06,72.91,0.7823,0.3755,2.955,0.1673,0.6421,1.2114,73.43,0.1744,0.08438,6.772,4.702e-06,65659.6,0.2365,0.08679,0.08511,1779.66,2.592e-05,0.273,0.107,2.922e-06,0.05287,4.97e-06,72.92,0.7823,0.3752,2.957,0.1675,0.642,1.2113,73.36,0.1743,0.0843,6.77,4.7e-06,65582.0,0.2365,0.08672,0.085,1778.01,2.59e-05,0.273,0.107,2.92e-06,0.05283,4.96e-06,72.86,0.7811,0.3746,2.952,0.167,0.6415,1.2102,73.551,0.17439,0.0844,6.774,4.838e-06,65645.76,0.2363,0.086781,0.08506,1779.48,2.582e-05,0.2749,0.1069,2.92e-06,0.05253,4.98e-06,72.92,0.78326,0.37475,2.9839,0.1725,0.6423,1.2112,73.388,0.174602,0.0845,6.7722,4.6931e-06,65760.16,0.2356,0.086895,0.08528,1780.24,2.59e-05,0.2721,0.1069,2.922222e-06,0.0528,4.97e-06,72.9525,0.8036,0.3732,2.953,0.1671,0.641,1.21261,73.424,0.1745,0.0845,6.772,4.707e-06,65659.1,0.2369,0.08679,0.0852,1779.84,2.594e-05,0.2733,0.1069,2.921e-06,0.05286,4.969e-06,72.91,0.7822,0.3754,2.9557,0.1673,0.6422,1.21105,73.54,0.1745,0.08453,6.775,4.706e-06,65660.01,0.2364,0.08681,0.0852,1779.6,2.592e-05,0.273,0.10696,2.923e-06,0.0529,4.966e-06,72.91,0.7826,0.375,2.962,0.167,0.642,1.2115,73.46,0.1745,0.0845,6.773,4.705e-06,65651.6,0.2367,0.08679,0.08513,1779.4,2.597e-05,0.2731,0.10693,2.92e-06,0.05286,4.972e-06,72.91,0.7824,0.3751,2.957,0.1673,0.6419,1.2113
2026-06-16 14:49:00,73.4,0.1744,0.0843,6.771,4.71e-06,65663.99,0.2365,0.08677,0.0851,1779.47,2.589e-05,0.2726,0.107,2.91e-06,0.05285,4.96e-06,72.89,0.7813,0.3757,2.955,0.1673,0.6383,1.2108,73.4,0.1744,0.0844,6.77,4.71e-06,65666.77,0.2362,0.08675,0.0851,1779.38,2.595e-05,0.2728,0.107,2.917e-06,0.05289,4.974e-06,72.89,0.7814,0.3758,2.953,0.1673,0.6384,1.211,73.43,0.1743,0.0843,6.771,4.7e-06,65669.2,0.2363,0.08675,0.0851,1779.4,2.589e-05,0.2725,0.107,2.922e-06,0.05283,4.97e-06,72.89,0.7814,0.3757,2.958,0.1673,0.6393,1.2107,73.35,0.1743,0.0844,6.78,4.7e-06,65604.1,0.2365,0.08669,0.0851,1777.8,2.59e-05,0.273,0.107,2.92e-06,0.05283,4.96e-06,72.83,0.7809,0.3754,2.952,0.167,0.6378,1.2097,73.551,0.17439,0.0843,6.774,4.838e-06,65665.36,0.2363,0.086776,0.08506,1779.39,2.582e-05,0.2749,0.1069,2.92e-06,0.05253,4.98e-06,72.9,0.78326,0.37475,2.9839,0.1725,0.6402,1.2109,73.388,0.17452,0.0843,6.7706,4.6931e-06,65768.83,0.2353,0.086895,0.08527,1779.8,2.591e-05,0.2721,0.1069,2.922222e-06,0.0528,4.96e-06,72.8799,0.8039,0.3731,2.953,0.1671,0.638,1.21046,73.403,0.1744,0.0844,6.771,4.7e-06,65661.4,0.2366,0.08676,0.0851,1779.55,2.59e-05,0.2733,0.1069,2.918e-06,0.05282,4.968e-06,72.9,0.7814,0.3759,2.9564,0.1673,0.6387,1.21102,73.4,0.1744,0.08435,6.772,4.701e-06,65660.22,0.2363,0.08676,0.08517,1779.71,2.588e-05,0.2726,0.10698,2.916e-06,0.05285,4.967e-06,72.89,0.7816,0.3756,2.956,0.167,0.6397,1.2109,73.43,0.1744,0.08432,6.77,4.7e-06,65667.6,0.2366,0.08678,0.0851,1779.44,2.597e-05,0.2726,0.10697,2.917e-06,0.05284,4.97e-06,72.89,0.7814,0.3755,2.956,0.1673,0.6384,1.211
2026-06-16 14:50:00,73.46,0.1746,0.0845,6.773,4.7e-06,65688.03,0.2368,0.0868,0.0851,1780.55,2.59e-05,0.2728,0.1071,2.92e-06,0.05288,4.97e-06,72.95,0.7819,0.3763,2.957,0.1673,0.6414,1.2114,73.52,0.1746,0.0844,6.772,4.71e-06,65689.98,0.2367,0.08683,0.08507,1780.41,2.595e-05,0.2728,0.1071,2.918e-06,0.05286,4.971e-06,72.95,0.7817,0.3764,2.958,0.1673,0.6417,1.2114,73.48,0.1746,0.08439,6.775,4.705e-06,65690.8,0.2366,0.08684,0.08508,1780.66,2.589e-05,0.2728,0.1072,2.922e-06,0.05287,4.97e-06,72.96,0.7821,0.3763,2.957,0.1675,0.6419,1.2115,73.42,0.1743,0.0844,6.77,4.7e-06,65629.34,0.2365,0.08673,0.0851,1778.89,2.59e-05,0.273,0.107,2.92e-06,0.05283,4.96e-06,72.89,0.7813,0.3764,2.955,0.167,0.641,1.2103,73.536,0.17458,0.0845,6.781,4.838e-06,65691.48,0.237,0.086802,0.08506,1780.67,2.582e-05,0.2749,0.1069,2.917e-06,0.05253,4.98e-06,72.96,0.78326,0.37535,2.9839,0.1725,0.6419,1.2113,73.388,0.174694,0.0843,6.7716,4.6931e-06,65814.74,0.2357,0.086895,0.08527,1780.81,2.593e-05,0.2722,0.107,2.922222e-06,0.0529,4.96e-06,72.8799,0.8033,0.3739,2.953,0.1671,0.64,1.21177,73.507,0.1746,0.0844,6.774,4.704e-06,65687.4,0.2371,0.08684,0.0851,1780.47,2.59e-05,0.2733,0.107,2.921e-06,0.05286,4.973e-06,72.98,0.7816,0.3765,2.9562,0.1674,0.6421,1.21125,73.53,0.1746,0.08442,6.781,4.707e-06,65690.0,0.2367,0.0868,0.08513,1780.55,2.589e-05,0.2729,0.10713,2.921e-06,0.05292,4.969e-06,72.96,0.7815,0.3762,2.963,0.167,0.6384,1.2116,73.49,0.1746,0.08441,6.773,4.704e-06,65689.6,0.2366,0.0868,0.08509,1780.54,2.597e-05,0.2728,0.10711,2.92e-06,0.0529,4.972e-06,72.95,0.7818,0.3763,2.958,0.1675,0.6414,1.2114
2026-06-16 15:36:00,75.2,0.1747,0.0849,6.807,4.73e-06,65936.0,0.2367,0.08729,0.0852,1785.41,2.602e-05,0.2739,0.1072,2.94e-06,0.05353,4.98e-06,73.53,0.7851,0.3786,3.059,0.1679,0.6513,1.2164,75.22,0.1747,0.0848,6.805,4.735e-06,65935.96,0.2358,0.08729,0.08522,1785.4,2.6e-05,0.2743,0.1072,2.94e-06,0.05353,4.993e-06,73.53,0.7852,0.3776,3.059,0.1681,0.6521,1.2164,75.2,0.1748,0.08485,6.806,4.733e-06,65939.1,0.2369,0.0873,0.08517,1785.29,2.603e-05,0.2738,0.1072,2.941e-06,0.05359,4.992e-06,73.52,0.785,0.3785,3.058,0.168,0.6509,1.2165,75.1,0.1746,0.0848,6.8,4.72e-06,65879.32,0.2363,0.08719,0.0851,1783.66,2.6e-05,0.274,0.107,2.93e-06,0.05349,4.98e-06,73.46,0.7843,0.3783,3.056,0.167,0.6504,1.2152,75.294,0.17471,0.0845,6.808,4.678e-06,65931.52,0.237,0.087249,0.08506,1785.33,2.604e-05,0.2749,0.1066,2.92e-06,0.05348,4.983e-06,73.52,0.78706,0.378,3.0482,0.1725,0.6524,1.2161,74.9344,0.174692,0.0848,6.8052,4.7142e-06,66071.8,0.2363,0.087433,0.08523,1785.74,2.6e-05,0.2736,0.107,2.94261e-06,0.0532,4.98e-06,73.4892,0.8055,0.3765,3.0511,0.1677,0.651,1.21639,75.192,0.1746,0.0849,6.807,4.729e-06,65938.4,0.237,0.08731,0.0852,1785.41,2.601e-05,0.2738,0.1073,2.943e-06,0.05354,4.99e-06,73.49,0.7852,0.3781,3.0579,0.168,0.6515,1.21638,75.17,0.1747,0.08486,6.805,4.728e-06,65934.42,0.2367,0.08729,0.0852,1785.35,2.601e-05,0.2739,0.10718,2.94e-06,0.05358,4.989e-06,73.52,0.7851,0.3784,3.058,0.1677,0.6517,1.2165,75.22,0.1747,0.08481,6.807,4.733e-06,65939.0,0.2371,0.0873,0.0852,1785.53,2.606e-05,0.2743,0.10709,2.941e-06,0.05356,4.996e-06,73.53,0.7852,0.3785,3.058,0.1681,0.651,1.2164
2026-06-16 15:37:00,75.0,0.1743,0.0847,6.796,4.72e-06,65908.0,0.2363,0.08722,0.0851,1784.01,2.597e-05,0.2736,0.1069,2.94e-06,0.05344,4.99e-06,73.43,0.7842,0.3771,3.051,0.1677,0.6488,1.2147,75.01,0.1742,0.0848,6.795,4.735e-06,65901.55,0.2358,0.08724,0.08499,1784.01,2.599e-05,0.2743,0.107,2.936e-06,0.05349,4.987e-06,73.44,0.7841,0.3767,3.051,0.1681,0.6475,1.2148,75.01,0.1743,0.08471,6.797,4.725e-06,65907.2,0.2364,0.08723,0.08499,1784.03,2.598e-05,0.2738,0.107,2.935e-06,0.05343,4.986e-06,73.44,0.7841,0.377,3.05,0.168,0.6483,1.215,74.96,0.1741,0.0846,6.78,4.72e-06,65845.75,0.2361,0.08714,0.0849,1782.25,2.6e-05,0.274,0.107,2.93e-06,0.0534,4.98e-06,73.36,0.7834,0.3768,3.049,0.167,0.648,1.2135,75.294,0.17424,0.0848,6.808,4.678e-06,65912.58,0.237,0.087242,0.08506,1783.74,2.604e-05,0.2749,0.1066,2.92e-06,0.05348,4.983e-06,73.44,0.78706,0.37632,3.0523,0.1725,0.6505,1.2147,74.9344,0.174483,0.0846,6.7965,4.7142e-06,66033.2,0.2357,0.087296,0.08512,1784.83,2.596e-05,0.2732,0.107,2.94261e-06,0.0532,4.98e-06,73.4874,0.8045,0.3749,3.0478,0.1674,0.647,1.2141,75.006,0.1743,0.0848,6.798,4.722e-06,65916.9,0.2367,0.08725,0.085,1784.14,2.598e-05,0.2738,0.1073,2.939e-06,0.05343,4.987e-06,73.45,0.7843,0.377,3.0501,0.168,0.6485,1.21504,75.06,0.1743,0.08472,6.797,4.728e-06,65903.11,0.2365,0.08722,0.08501,1784.31,2.598e-05,0.2739,0.10704,2.938e-06,0.05357,4.986e-06,73.45,0.7843,0.3771,3.056,0.1673,0.6489,1.2147,75.08,0.1743,0.08473,6.797,4.727e-06,65906.5,0.2371,0.08723,0.08502,1784.0,2.598e-05,0.2743,0.10689,2.935e-06,0.05344,4.991e-06,73.45,0.7842,0.3769,3.051,0.1681,0.6487,1.2147
2026-06-16 15:38:00,75.03,0.1742,0.0847,6.793,4.72e-06,65891.73,0.2362,0.08721,0.0849,1782.98,2.6e-05,0.2732,0.107,2.93e-06,0.05346,4.99e-06,73.42,0.7841,0.3773,3.052,0.1676,0.6466,1.215,75.04,0.1742,0.0848,6.793,4.735e-06,65894.6,0.2358,0.08721,0.08489,1783.2,2.598e-05,0.2733,0.1069,2.935e-06,0.05344,4.984e-06,73.42,0.784,0.3767,3.052,0.1681,0.6466,1.2147,75.05,0.1743,0.08466,6.793,4.722e-06,65894.8,0.2363,0.08721,0.08487,1783.02,2.597e-05,0.2731,0.107,2.934e-06,0.05345,4.983e-06,73.43,0.7841,0.3772,3.051,0.1676,0.6469,1.2149,74.92,0.174,0.0846,6.78,4.71e-06,65836.31,0.2359,0.08715,0.0848,1781.31,2.59e-05,0.273,0.107,2.93e-06,0.0534,4.98e-06,73.36,0.7834,0.3773,3.049,0.167,0.6462,1.2137,75.294,0.17421,0.0848,6.808,4.678e-06,65889.34,0.237,0.087215,0.08506,1783.05,2.604e-05,0.2749,0.1066,2.92e-06,0.05348,4.983e-06,73.42,0.78706,0.37632,3.0513,0.1725,0.6505,1.2148,74.9344,0.174288,0.0846,6.7911,4.7142e-06,66026.83,0.2355,0.087296,0.08501,1783.17,2.598e-05,0.2728,0.107,2.94261e-06,0.0532,4.98e-06,73.354,0.8045,0.3754,3.044,0.1674,0.647,1.21355,75.025,0.1743,0.0847,6.793,4.72e-06,65882.0,0.2367,0.08724,0.0849,1782.98,2.597e-05,0.2738,0.1073,2.936e-06,0.05347,4.984e-06,73.41,0.7842,0.3774,3.0512,0.1676,0.647,1.21483,75.05,0.1742,0.08472,6.797,4.724e-06,65890.0,0.2363,0.08722,0.08491,1783.09,2.599e-05,0.2731,0.107,2.936e-06,0.05346,4.982e-06,73.44,0.7839,0.377,3.052,0.1672,0.6485,1.2153,75.08,0.1743,0.08471,6.799,4.722e-06,65895.4,0.2364,0.08724,0.0849,1783.15,2.597e-05,0.2731,0.1069,2.936e-06,0.05345,4.983e-06,73.41,0.7841,0.3773,3.05,0.1681,0.6467,1.2149
2026-06-16 15:39:00,74.9,0.1742,0.0846,6.79,4.72e-06,65843.95,0.2362,0.08712,0.0848,1781.12,2.597e-05,0.2729,0.1068,2.93e-06,0.05344,4.98e-06,73.35,0.7839,0.3772,3.04,0.1672,0.6458,1.2131,74.84,0.1742,0.0848,6.789,4.722e-06,65839.95,0.2358,0.08711,0.0848,1781.25,2.601e-05,0.2729,0.1068,2.932e-06,0.05343,4.984e-06,73.34,0.7839,0.3771,3.04,0.1672,0.6457,1.2133,74.92,0.1744,0.08454,6.789,4.716e-06,65844.9,0.2362,0.08709,0.08479,1781.08,2.597e-05,0.2728,0.1068,2.931e-06,0.05341,4.978e-06,73.35,0.7838,0.3771,3.041,0.1673,0.6459,1.2132,74.82,0.1741,0.0845,6.78,4.71e-06,65784.0,0.2361,0.08705,0.0848,1779.58,2.59e-05,0.273,0.107,2.93e-06,0.05341,4.98e-06,73.3,0.783,0.3769,3.04,0.167,0.6442,1.212,75.294,0.17426,0.0848,6.808,4.678e-06,65837.63,0.237,0.087102,0.08506,1781.12,2.604e-05,0.2749,0.1066,2.92e-06,0.05348,4.983e-06,73.35,0.78706,0.37632,3.0513,0.1725,0.6505,1.2132,74.9344,0.174319,0.0847,6.7885,4.7142e-06,65950.38,0.2353,0.087296,0.08491,1781.3,2.596e-05,0.2726,0.107,2.94261e-06,0.0533,4.98e-06,73.2724,0.8062,0.3747,3.033,0.167,0.644,1.2124,74.911,0.1742,0.0847,6.787,4.714e-06,65846.6,0.2367,0.08712,0.0848,1780.87,2.597e-05,0.2738,0.1068,2.933e-06,0.05345,4.979e-06,73.34,0.7834,0.3772,3.0406,0.1676,0.6458,1.21292,74.84,0.1742,0.08459,6.789,4.715e-06,65844.36,0.2362,0.08712,0.0848,1781.18,2.598e-05,0.273,0.10683,2.932e-06,0.05345,4.977e-06,73.36,0.7831,0.377,3.04,0.1669,0.6447,1.2135,74.94,0.1742,0.08456,6.787,4.715e-06,65844.4,0.2363,0.08708,0.0848,1781.06,2.597e-05,0.2728,0.10677,2.934e-06,0.05344,4.98e-06,73.35,0.784,0.3772,3.042,0.1673,0.6458,1.2131
2026-06-16 15:40:00,75.02,0.1745,0.0847,6.795,4.72e-06,65888.83,0.2362,0.08717,0.0849,1782.65,2.596e-05,0.2732,0.1069,2.94e-06,0.05347,4.98e-06,73.39,0.7839,0.3774,3.048,0.1674,0.6454,1.2141,75.05,0.1744,0.0847,6.792,4.722e-06,65887.93,0.2358,0.08711,0.08489,1782.61,2.598e-05,0.2733,0.1068,2.936e-06,0.05347,4.98e-06,73.39,0.7838,0.3771,3.049,0.1672,0.6453,1.2142,75.01,0.1743,0.08464,6.796,4.716e-06,65885.2,0.2362,0.08716,0.08492,1782.61,2.597e-05,0.273,0.1069,2.935e-06,0.05341,4.979e-06,73.4,0.7835,0.3771,3.047,0.1675,0.6454,1.214,74.94,0.1743,0.0846,6.79,4.71e-06,65828.57,0.2362,0.08708,0.0849,1780.92,2.59e-05,0.273,0.107,2.93e-06,0.05343,4.97e-06,73.35,0.7832,0.3769,3.046,0.167,0.6444,1.213,75.063,0.17437,0.0848,6.808,4.678e-06,65877.45,0.237,0.087149,0.08506,1782.66,2.604e-05,0.2749,0.1066,2.92e-06,0.05348,4.983e-06,73.37,0.78396,0.37632,3.0413,0.1725,0.6446,1.2142,74.9344,0.174448,0.0847,6.7955,4.7142e-06,65972.37,0.2355,0.087296,0.08492,1783.08,2.594e-05,0.2727,0.1067,2.94261e-06,0.0533,4.98e-06,73.3024,0.8036,0.3756,3.037,0.1672,0.644,1.21312,75.035,0.1745,0.0846,6.79,4.717e-06,65883.8,0.2365,0.0871,0.0849,1782.36,2.597e-05,0.2738,0.1069,2.934e-06,0.05347,4.98e-06,73.35,0.7835,0.3771,3.0487,0.1674,0.645,1.21409,75.0,0.1745,0.08472,6.796,4.72e-06,65888.34,0.2363,0.08713,0.0849,1782.75,2.599e-05,0.2732,0.1069,2.934e-06,0.05347,4.982e-06,73.4,0.7837,0.3766,3.047,0.1672,0.6447,1.2142,75.03,0.1744,0.08461,6.795,4.715e-06,65885.9,0.2364,0.08719,0.0849,1782.8,2.598e-05,0.273,0.10689,2.936e-06,0.05345,4.98e-06,73.41,0.7838,0.3769,3.048,0.1676,0.6453,1.214
2026-06-16 15:41:00,74.94,0.1742,0.0847,6.793,4.72e-06,65874.01,0.2363,0.08713,0.085,1781.68,2.596e-05,0.2733,0.107,2.93e-06,0.05342,4.98e-06,73.35,0.7836,0.3774,3.049,0.1676,0.6436,1.2125,75.05,0.1742,0.0847,6.793,4.725e-06,65870.28,0.2358,0.08716,0.08495,1781.71,2.598e-05,0.2733,0.1069,2.936e-06,0.05345,4.98e-06,73.36,0.7835,0.3771,3.05,0.1672,0.6444,1.2126,74.97,0.1743,0.08466,6.793,4.716e-06,65870.3,0.2364,0.08714,0.08489,1781.69,2.597e-05,0.2731,0.107,2.935e-06,0.05341,4.983e-06,73.37,0.7834,0.3772,3.049,0.1675,0.6442,1.2125,74.88,0.174,0.0846,6.78,4.71e-06,65815.86,0.2362,0.08706,0.0848,1780.2,2.59e-05,0.273,0.107,2.93e-06,0.0534,4.97e-06,73.3,0.7829,0.3768,3.047,0.167,0.643,1.2115,75.063,0.1742,0.0848,6.797,4.678e-06,65862.15,0.237,0.087204,0.08506,1781.47,2.604e-05,0.2749,0.1066,2.92e-06,0.05348,4.983e-06,73.39,0.78396,0.37632,3.05,0.1725,0.6445,1.2125,74.9344,0.174286,0.0846,6.7961,4.7142e-06,65972.37,0.2355,0.087449,0.08502,1782.01,2.595e-05,0.2728,0.107,2.93999e-06,0.0533,4.98e-06,73.3423,0.8084,0.3752,3.042,0.1674,0.642,1.21312,74.947,0.1742,0.0846,6.795,4.724e-06,65872.7,0.2365,0.08716,0.085,1781.69,2.599e-05,0.2738,0.1069,2.938e-06,0.05345,4.983e-06,73.36,0.7837,0.3774,3.05,0.1676,0.6444,1.21349,74.98,0.1741,0.08468,6.797,4.723e-06,65870.28,0.2362,0.08713,0.0849,1781.64,2.596e-05,0.2733,0.10697,2.936e-06,0.05346,4.984e-06,73.4,0.7837,0.3774,3.049,0.1673,0.6439,1.2126,75.0,0.1742,0.08465,6.793,4.725e-06,65875.6,0.2364,0.08715,0.08494,1781.87,2.598e-05,0.273,0.10691,2.937e-06,0.05343,4.985e-06,73.37,0.7835,0.3773,3.05,0.1676,0.6435,1.2126
2026-06-16 15:51:00,74.46,0.1742,0.0847,6.789,4.74e-06,65910.0,0.2369,0.08714,0.0848,1781.78,2.6e-05,0.2733,0.1071,2.94e-06,0.05349,4.98e-06,73.35,0.7842,0.3758,3.04,0.1674,0.6436,1.2123,74.48,0.1742,0.0845,6.789,4.736e-06,65912.1,0.2361,0.08714,0.08481,1781.88,2.594e-05,0.273,0.1071,2.938e-06,0.05349,4.974e-06,73.34,0.7839,0.3752,3.038,0.1674,0.6436,1.2123,74.47,0.1742,0.08467,6.788,4.734e-06,65911.7,0.2369,0.08713,0.08485,1781.87,2.602e-05,0.273,0.1071,2.937e-06,0.05346,4.976e-06,73.36,0.7838,0.3759,3.036,0.1675,0.6435,1.2122,74.41,0.174,0.0847,6.78,4.74e-06,65862.39,0.2364,0.08707,0.0848,1780.39,2.6e-05,0.272,0.107,2.93e-06,0.05335,4.97e-06,73.28,0.7835,0.3756,3.035,0.168,0.6422,1.2111,74.685,0.17421,0.0845,6.781,4.678e-06,65906.09,0.237,0.087147,0.08506,1781.95,2.604e-05,0.2724,0.1066,2.92e-06,0.05348,4.983e-06,73.34,0.78411,0.37632,3.0208,0.1667,0.6431,1.2116,74.9344,0.174204,0.0844,6.7859,4.7142e-06,65990.87,0.236,0.08719,0.08498,1782.14,2.6e-05,0.2726,0.1067,2.93613e-06,0.0533,4.97e-06,73.1992,0.8042,0.3742,3.0319,0.1673,0.642,1.20792,74.474,0.1742,0.0847,6.787,4.729e-06,65917.2,0.2371,0.08715,0.0848,1781.4,2.597e-05,0.2728,0.107,2.937e-06,0.05348,4.975e-06,73.31,0.7839,0.3758,3.037,0.1675,0.6432,1.2118,74.47,0.1742,0.08458,6.787,4.731e-06,65911.67,0.2369,0.08714,0.0848,1781.35,2.598e-05,0.2729,0.10707,2.937e-06,0.05345,4.976e-06,73.35,0.7841,0.3758,3.037,0.1672,0.6424,1.2124,74.51,0.1741,0.08467,6.787,4.734e-06,65919.8,0.237,0.08716,0.08481,1781.78,2.589e-05,0.273,0.10705,2.938e-06,0.05348,4.972e-06,73.35,0.7841,0.3756,3.039,0.1674,0.6434,1.2123
2026-06-16 15:52:00,74.51,0.1742,0.0847,6.794,4.74e-06,65927.58,0.2368,0.08716,0.0849,1782.97,2.6e-05,0.2733,0.1071,2.93e-06,0.05351,4.98e-06,73.37,0.7843,0.3755,3.041,0.1676,0.6436,1.2123,74.37,0.1743,0.0847,6.789,4.736e-06,65925.8,0.2361,0.08713,0.08484,1782.89,2.594e-05,0.273,0.1071,2.939e-06,0.0535,4.974e-06,73.37,0.7843,0.3754,3.041,0.1674,0.6429,1.2124,74.52,0.1743,0.08467,6.794,4.735e-06,65928.9,0.2369,0.08718,0.08488,1782.85,2.602e-05,0.273,0.1072,2.935e-06,0.05346,4.978e-06,73.36,0.7842,0.3755,3.04,0.1676,0.6435,1.2123,74.48,0.1742,0.0847,6.78,4.74e-06,65873.55,0.2364,0.08714,0.0848,1781.28,2.6e-05,0.274,0.107,2.93e-06,0.05335,4.98e-06,73.3,0.7837,0.3757,3.037,0.168,0.6429,1.2113,74.685,0.17431,0.0845,6.786,4.678e-06,65918.98,0.237,0.087134,0.08506,1782.82,2.604e-05,0.2724,0.1066,2.92e-06,0.05348,4.983e-06,73.36,0.78425,0.37632,3.0208,0.1667,0.643,1.2123,74.9344,0.174314,0.0845,6.7879,4.7142e-06,66017.05,0.2363,0.08719,0.08498,1783.2,2.6e-05,0.2729,0.107,2.942918e-06,0.0533,4.97e-06,73.3188,0.8042,0.3739,3.0328,0.1673,0.642,1.20792,74.522,0.1742,0.0847,6.794,4.733e-06,65925.2,0.2371,0.08717,0.0849,1782.89,2.599e-05,0.2728,0.107,2.939e-06,0.05352,4.979e-06,73.38,0.7843,0.3758,3.0406,0.1677,0.6439,1.21212,74.47,0.1743,0.08469,6.794,4.735e-06,65928.09,0.2368,0.08716,0.08491,1782.87,2.601e-05,0.2733,0.1071,2.936e-06,0.05349,4.981e-06,73.38,0.7844,0.3758,3.037,0.1674,0.643,1.2124,74.54,0.1742,0.08473,6.793,4.734e-06,65932.0,0.237,0.08718,0.08489,1782.82,2.589e-05,0.273,0.10704,2.94e-06,0.0535,4.979e-06,73.38,0.7843,0.3759,3.041,0.1674,0.6436,1.2123
2026-06-16 15:53:00,74.52,0.1743,0.0847,6.796,4.75e-06,65952.0,0.237,0.08724,0.085,1784.2,2.601e-05,0.2737,0.1071,2.94e-06,0.05355,4.99e-06,73.41,0.7845,0.3758,3.047,0.1676,0.6449,1.2132,74.49,0.1743,0.0847,6.793,4.743e-06,65958.29,0.2372,0.08725,0.08492,1784.44,2.594e-05,0.2736,0.1071,2.942e-06,0.05354,4.974e-06,73.41,0.7846,0.3754,3.047,0.1674,0.645,1.2131,74.52,0.1743,0.08472,6.794,4.739e-06,65963.0,0.237,0.08724,0.08498,1784.3,2.602e-05,0.2736,0.1072,2.942e-06,0.05356,4.982e-06,73.41,0.7841,0.3757,3.046,0.1676,0.6447,1.2131,74.46,0.1741,0.0848,6.79,4.74e-06,65907.22,0.2371,0.08718,0.0849,1782.84,2.6e-05,0.274,0.107,2.93e-06,0.05355,4.98e-06,73.35,0.7837,0.3757,3.044,0.168,0.644,1.212,74.685,0.17424,0.0845,6.793,4.678e-06,65950.44,0.237,0.087241,0.08506,1783.89,2.604e-05,0.2724,0.1066,2.92e-06,0.05353,4.983e-06,73.39,0.78475,0.37632,3.0208,0.1667,0.6438,1.213,74.9344,0.174337,0.0847,6.7933,4.7346e-06,66048.61,0.2359,0.08719,0.08498,1784.47,2.601e-05,0.2732,0.1069,2.942918e-06,0.0533,4.97e-06,73.36,0.8042,0.3742,3.0388,0.1675,0.644,1.20792,74.559,0.1743,0.0847,6.795,4.733e-06,65954.8,0.2375,0.08726,0.085,1784.03,2.602e-05,0.2733,0.107,2.941e-06,0.05356,4.982e-06,73.41,0.7839,0.376,3.046,0.1677,0.6451,1.2131,74.52,0.1743,0.08474,6.792,4.742e-06,65953.17,0.2371,0.08724,0.08491,1784.12,2.601e-05,0.2735,0.10707,2.94e-06,0.05356,4.981e-06,73.43,0.7843,0.3757,3.042,0.1674,0.6438,1.2134,74.55,0.1743,0.08471,6.792,4.741e-06,65963.7,0.237,0.08725,0.08494,1784.52,2.589e-05,0.2736,0.10709,2.942e-06,0.05356,4.983e-06,73.41,0.7844,0.3755,3.046,0.1677,0.6447,1.2131
2026-06-16 15:54:00,74.51,0.1743,0.0847,6.796,4.74e-06,65939.14,0.2369,0.08724,0.0851,1783.99,2.601e-05,0.2737,0.107,2.94e-06,0.05354,4.99e-06,73.38,0.7844,0.3751,3.047,0.1676,0.6431,1.2127,74.54,0.1743,0.0848,6.796,4.743e-06,65941.11,0.2372,0.08725,0.08504,1784.16,2.594e-05,0.2736,0.1069,2.939e-06,0.05353,4.981e-06,73.39,0.7844,0.3754,3.048,0.1674,0.643,1.2128,74.58,0.1743,0.0847,6.792,4.739e-06,65945.3,0.2369,0.08724,0.08504,1784.02,2.602e-05,0.2736,0.1069,2.938e-06,0.05356,4.98e-06,73.39,0.7839,0.3752,3.047,0.1676,0.643,1.2129,74.44,0.1742,0.0848,6.79,4.74e-06,65887.01,0.2371,0.08716,0.085,1782.6,2.6e-05,0.274,0.107,2.93e-06,0.05355,4.98e-06,73.34,0.7839,0.3755,3.046,0.168,0.6428,1.2117,74.685,0.17432,0.0845,6.793,4.678e-06,65942.04,0.237,0.087192,0.08506,1784.0,2.604e-05,0.2724,0.1066,2.92e-06,0.05353,4.983e-06,73.39,0.78475,0.37632,3.0208,0.1667,0.644,1.2128,74.9344,0.174284,0.0847,6.7928,4.7346e-06,66022.62,0.2367,0.08745,0.08506,1784.5,2.601e-05,0.2732,0.1069,2.942918e-06,0.0533,4.97e-06,73.36,0.8042,0.3737,3.0397,0.1674,0.642,1.20792,74.547,0.1743,0.0847,6.796,4.737e-06,65944.0,0.2375,0.08724,0.085,1784.05,2.602e-05,0.2733,0.107,2.939e-06,0.05354,4.98e-06,73.39,0.7842,0.376,3.0469,0.1676,0.643,1.21259,74.54,0.1743,0.08472,6.795,4.738e-06,65940.0,0.2368,0.08723,0.08504,1783.95,2.601e-05,0.2737,0.10693,2.937e-06,0.05358,4.98e-06,73.39,0.7843,0.375,3.044,0.1674,0.6438,1.2127,74.54,0.1743,0.08471,6.793,4.74e-06,65946.3,0.237,0.08724,0.08507,1784.09,2.602e-05,0.2736,0.10693,2.939e-06,0.05356,4.98e-06,73.38,0.7841,0.3754,3.047,0.1677,0.6431,1.2128
2026-06-16 15:55:00,74.57,0.1745,0.0849,6.802,4.75e-06,65962.0,0.2375,0.0874,0.0852,1784.83,2.604e-05,0.274,0.1071,2.95e-06,0.05363,4.98e-06,73.46,0.7851,0.3758,3.041,0.1678,0.6444,1.2139,74.58,0.1745,0.0848,6.8,4.743e-06,65960.0,0.2374,0.08741,0.08524,1784.77,2.605e-05,0.2736,0.1069,2.942e-06,0.05365,4.981e-06,73.46,0.7851,0.3755,3.043,0.1674,0.6443,1.2141,74.59,0.1746,0.08489,6.799,4.741e-06,65960.9,0.2373,0.08741,0.08521,1784.9,2.602e-05,0.2738,0.1071,2.938e-06,0.05362,4.984e-06,73.47,0.785,0.3758,3.042,0.1676,0.6446,1.214,74.53,0.1744,0.0848,6.79,4.74e-06,65896.9,0.2371,0.08733,0.0852,1783.54,2.59e-05,0.274,0.107,2.93e-06,0.05355,4.98e-06,73.4,0.7842,0.3757,3.041,0.168,0.6448,1.2128,74.525,0.17454,0.0845,6.793,4.678e-06,65954.81,0.237,0.087388,0.08506,1784.86,2.604e-05,0.2724,0.1066,2.92e-06,0.05363,4.983e-06,73.47,0.785,0.37632,3.0507,0.1667,0.6435,1.214,74.9344,0.174447,0.0847,6.7928,4.7346e-06,66081.52,0.2366,0.0875,0.08507,1784.46,2.601e-05,0.2733,0.1068,2.942918e-06,0.0534,4.98e-06,73.4212,0.8042,0.3743,3.0337,0.1677,0.643,1.20792,74.607,0.1745,0.0849,6.801,4.741e-06,65978.4,0.2377,0.08741,0.0852,1785.52,2.602e-05,0.2733,0.107,2.942e-06,0.05364,4.982e-06,73.47,0.7854,0.3752,3.0418,0.1678,0.6445,1.21394,74.48,0.1746,0.08484,6.8,4.741e-06,65963.74,0.2374,0.0874,0.08515,1784.93,2.605e-05,0.2739,0.10698,2.939e-06,0.05365,4.983e-06,73.48,0.7852,0.3758,3.043,0.1676,0.6447,1.2138,74.59,0.1745,0.08487,6.801,4.744e-06,65958.8,0.2374,0.08742,0.08525,1784.88,2.603e-05,0.2738,0.10707,2.943e-06,0.0536,4.98e-06,73.48,0.7851,0.3758,3.042,0.1677,0.6444,1.2139
2026-06-16 16:18:00,74.45,0.1748,0.0848,6.794,4.74e-06,65778.01,0.237,0.08692,0.0849,1777.53,2.602e-05,0.2743,0.1069,2.94e-06,0.05354,4.99e-06,73.32,0.7846,0.3759,3.106,0.1679,0.6371,1.2123,74.44,0.1748,0.0849,6.795,4.758e-06,65775.01,0.2374,0.08696,0.0851,1777.52,2.601e-05,0.2744,0.1071,2.939e-06,0.05355,4.988e-06,73.32,0.7848,0.376,3.106,0.1679,0.637,1.2123,74.47,0.1748,0.08477,6.797,4.746e-06,65775.4,0.2371,0.08693,0.08489,1777.55,2.606e-05,0.2742,0.107,2.94e-06,0.05355,4.985e-06,73.31,0.7849,0.3758,3.104,0.168,0.6371,1.2128,74.38,0.1746,0.0848,6.79,4.75e-06,65708.0,0.2368,0.08684,0.0848,1775.96,2.6e-05,0.274,0.107,2.93e-06,0.0535,4.98e-06,73.25,0.7841,0.3756,3.102,0.167,0.6364,1.2113,74.664,0.17478,0.0845,6.797,4.678e-06,65773.62,0.2372,0.086908,0.08506,1778.03,2.604e-05,0.2724,0.1066,2.94e-06,0.05363,4.983e-06,73.32,0.78346,0.37564,3.1474,0.1667,0.6381,1.2123,74.2242,0.174852,0.0845,6.7914,4.7433e-06,65873.88,0.2365,0.08715,0.0852,1778.02,2.602e-05,0.2735,0.1068,2.942564e-06,0.0534,4.97e-06,73.1779,0.8099,0.3748,3.1007,0.1676,0.636,1.21258,74.438,0.1748,0.0848,6.794,4.749e-06,65784.0,0.2376,0.08699,0.0849,1777.8,2.606e-05,0.2744,0.1068,2.94e-06,0.05355,4.986e-06,73.32,0.7853,0.3768,3.1038,0.1679,0.6373,1.21244,74.64,0.1749,0.08482,6.798,4.75e-06,65773.45,0.237,0.08692,0.08486,1777.69,2.604e-05,0.2745,0.10697,2.938e-06,0.05353,4.988e-06,73.32,0.7849,0.3759,3.114,0.1676,0.6372,1.2123,74.48,0.1747,0.08479,6.795,4.755e-06,65773.8,0.2374,0.08692,0.08491,1777.52,2.6e-05,0.2745,0.10683,2.94e-06,0.05357,4.986e-06,73.32,0.7848,0.376,3.109,0.1679,0.6371,1.2124
2026-06-16 16:19:00,74.25,0.1746,0.0847,6.789,4.74e-06,65750.01,0.2368,0.08691,0.0848,1776.15,2.6e-05,0.2737,0.1068,2.93e-06,0.05352,4.98e-06,73.28,0.7844,0.3758,3.102,0.1676,0.6359,1.2126,74.27,0.1746,0.0849,6.791,4.758e-06,65750.0,0.2372,0.08691,0.08478,1776.24,2.6e-05,0.274,0.1071,2.938e-06,0.05355,4.981e-06,73.27,0.7845,0.3766,3.102,0.1677,0.6359,1.2127,74.29,0.1746,0.08464,6.79,4.741e-06,65754.8,0.2367,0.08691,0.0848,1776.27,2.606e-05,0.2738,0.1068,2.937e-06,0.05353,4.977e-06,73.27,0.7846,0.3757,3.1,0.1676,0.6356,1.2126,74.22,0.1744,0.0848,6.79,4.74e-06,65694.65,0.2364,0.08683,0.0848,1774.84,2.6e-05,0.273,0.107,2.93e-06,0.0535,4.98e-06,73.2,0.7838,0.3756,3.099,0.167,0.6358,1.2117,74.664,0.17482,0.0847,6.797,4.678e-06,65752.89,0.2372,0.086916,0.08506,1776.32,2.604e-05,0.2724,0.1066,2.939e-06,0.05363,4.983e-06,73.26,0.78346,0.37564,3.1474,0.1667,0.6381,1.2125,74.2242,0.17466,0.0844,6.7877,4.7433e-06,65856.73,0.2367,0.08715,0.08489,1777.14,2.6e-05,0.2729,0.1068,2.942564e-06,0.0534,4.98e-06,73.1779,0.8099,0.3746,3.0935,0.1675,0.635,1.21258,74.249,0.1747,0.0847,6.789,4.74e-06,65751.1,0.2376,0.08691,0.0848,1776.26,2.606e-05,0.2744,0.1068,2.937e-06,0.05352,4.977e-06,73.28,0.7843,0.3761,3.1013,0.1676,0.6358,1.21237,74.26,0.1746,0.0848,6.789,4.745e-06,65754.26,0.2368,0.08691,0.08486,1776.16,2.6e-05,0.2743,0.107,2.937e-06,0.05353,4.98e-06,73.29,0.7844,0.3757,3.105,0.1674,0.6356,1.2128,74.28,0.1746,0.08468,6.795,4.747e-06,65757.7,0.2374,0.08691,0.08479,1776.21,2.6e-05,0.2745,0.10671,2.938e-06,0.05355,4.98e-06,73.29,0.7844,0.3758,3.104,0.1678,0.6358,1.2126
2026-06-16 16:20:00,74.43,0.1746,0.0848,6.793,4.74e-06,65774.0,0.2369,0.08692,0.0849,1776.84,2.599e-05,0.2738,0.1069,2.94e-06,0.05359,4.98e-06,73.3,0.7845,0.3762,3.117,0.1677,0.6445,1.2131,74.39,0.1746,0.0849,6.794,4.744e-06,65774.34,0.2372,0.08691,0.08475,1776.7,2.599e-05,0.2736,0.1071,2.937e-06,0.05357,4.981e-06,73.3,0.7843,0.3759,3.112,0.1676,0.6442,1.2131,74.43,0.1746,0.08465,6.792,4.738e-06,65777.8,0.2368,0.08691,0.08486,1776.75,2.606e-05,0.2736,0.1069,2.937e-06,0.05353,4.977e-06,73.31,0.7844,0.376,3.116,0.1677,0.6445,1.2131,74.36,0.1744,0.0848,6.79,4.74e-06,65719.65,0.2364,0.08684,0.0848,1775.16,2.6e-05,0.273,0.107,2.93e-06,0.0535,4.98e-06,73.24,0.784,0.3758,3.113,0.167,0.6433,1.2119,74.664,0.17461,0.0847,6.797,4.678e-06,65771.84,0.2372,0.086912,0.08506,1776.7,2.604e-05,0.2724,0.1066,2.939e-06,0.05363,4.983e-06,73.31,0.78346,0.37564,3.1474,0.1667,0.6448,1.2132,74.2242,0.174669,0.0845,6.7877,4.7341e-06,65839.61,0.2367,0.08715,0.08499,1777.62,2.598e-05,0.2731,0.1068,2.942564e-06,0.0535,4.97e-06,73.2061,0.8099,0.3748,3.1075,0.1675,0.644,1.21258,74.447,0.1747,0.0847,6.792,4.738e-06,65774.5,0.2376,0.08692,0.0848,1776.81,2.606e-05,0.2736,0.1068,2.938e-06,0.05358,4.976e-06,73.3,0.7843,0.3759,3.1153,0.1677,0.645,1.21309,74.37,0.1746,0.08472,6.789,4.746e-06,65773.93,0.2368,0.08692,0.08484,1776.65,2.599e-05,0.2736,0.10683,2.934e-06,0.05355,4.98e-06,73.31,0.7845,0.3757,3.11,0.1675,0.6444,1.2134,74.43,0.1745,0.08466,6.795,4.74e-06,65780.8,0.2374,0.08692,0.0849,1776.68,2.6e-05,0.2736,0.10687,2.938e-06,0.05356,4.978e-06,73.32,0.7846,0.3761,3.116,0.1678,0.6443,1.2131
2026-06-16 16:21:00,74.46,0.1746,0.0847,6.793,4.74e-06,65805.34,0.2367,0.0869,0.085,1777.11,2.599e-05,0.2739,0.1069,2.93e-06,0.05358,4.98e-06,73.33,0.7846,0.3759,3.114,0.1677,0.6457,1.2133,74.46,0.1746,0.0849,6.794,4.744e-06,65807.69,0.2366,0.08689,0.08487,1777.06,2.599e-05,0.2736,0.1069,2.938e-06,0.05361,4.981e-06,73.33,0.7845,0.3759,3.111,0.1677,0.6446,1.2127,74.42,0.1746,0.08474,6.795,4.741e-06,65808.6,0.2366,0.08689,0.08487,1777.05,2.606e-05,0.2739,0.1068,2.938e-06,0.05361,4.976e-06,73.32,0.7843,0.3759,3.111,0.1678,0.6448,1.2129,74.41,0.1744,0.0846,6.78,4.74e-06,65750.21,0.2364,0.08682,0.0849,1775.52,2.6e-05,0.273,0.107,2.93e-06,0.0535,4.98e-06,73.26,0.7839,0.3757,3.11,0.167,0.6446,1.2121,74.664,0.17458,0.0847,6.797,4.678e-06,65800.47,0.2372,0.086911,0.08506,1777.05,2.604e-05,0.2724,0.1066,2.939e-06,0.05363,4.983e-06,73.33,0.78346,0.37564,3.1474,0.1667,0.6448,1.2134,74.2242,0.174565,0.0844,6.7877,4.7341e-06,65879.45,0.2359,0.08715,0.08498,1777.51,2.599e-05,0.2732,0.1068,2.942564e-06,0.0535,4.97e-06,73.2061,0.8098,0.3748,3.097,0.1675,0.644,1.21258,74.445,0.1746,0.0847,6.797,4.738e-06,65805.3,0.2376,0.08689,0.0849,1777.01,2.606e-05,0.2736,0.1068,2.938e-06,0.05359,4.976e-06,73.33,0.7847,0.3758,3.1125,0.1677,0.645,1.21316,74.41,0.1745,0.08472,6.795,4.739e-06,65800.0,0.2367,0.08689,0.08499,1776.84,2.6e-05,0.274,0.10691,2.936e-06,0.05355,4.977e-06,73.32,0.7847,0.3758,3.111,0.1676,0.6441,1.2135,74.48,0.1744,0.08477,6.796,4.74e-06,65810.8,0.2366,0.08689,0.08489,1777.18,2.6e-05,0.274,0.10683,2.938e-06,0.05361,4.977e-06,73.34,0.7846,0.3759,3.112,0.1677,0.6457,1.2133
2026-06-16 16:47:00,74.25,0.1733,0.0844,6.783,4.73e-06,65777.06,0.2362,0.0865,0.0844,1778.42,2.591e-05,0.2725,0.1062,2.93e-06,0.0532,4.97e-06,73.15,0.783,0.3757,3.077,0.1668,0.6355,1.2129,74.25,0.1733,0.0844,6.783,4.728e-06,65779.07,0.2365,0.08651,0.08436,1778.42,2.592e-05,0.2724,0.1064,2.929e-06,0.05324,4.972e-06,73.15,0.783,0.3759,3.078,0.1667,0.6352,1.213,74.25,0.1733,0.08437,6.784,4.726e-06,65782.1,0.2361,0.08653,0.08439,1778.52,2.59e-05,0.2724,0.1062,2.929e-06,0.05326,4.967e-06,73.15,0.7829,0.3759,3.076,0.1668,0.6344,1.213,74.2,0.173,0.0845,6.78,4.72e-06,65711.8,0.2361,0.08641,0.0844,1776.79,2.58e-05,0.272,0.106,2.92e-06,0.05305,4.96e-06,73.07,0.7819,0.3757,3.073,0.167,0.6346,1.2118,74.113,0.17323,0.0845,6.79,4.678e-06,65772.31,0.2366,0.086533,0.08506,1778.6,2.604e-05,0.2724,0.1066,2.939e-06,0.05332,4.983e-06,73.15,0.78483,0.37564,3.0745,0.167,0.6358,1.2129,74.2242,0.173331,0.0842,6.7806,4.7142e-06,65847.29,0.2353,0.086652,0.08454,1778.83,2.591e-05,0.2715,0.1062,2.930728e-06,0.0532,4.96e-06,73.1894,0.8099,0.3748,3.0673,0.1666,0.635,1.21312,74.236,0.1732,0.0845,6.782,4.724e-06,65774.9,0.2366,0.08651,0.0844,1778.48,2.59e-05,0.2725,0.1062,2.93e-06,0.0532,4.964e-06,73.16,0.783,0.3759,3.0766,0.1668,0.6347,1.21296,74.33,0.1732,0.08447,6.782,4.723e-06,65777.83,0.2361,0.0865,0.08446,1778.53,2.592e-05,0.2725,0.10623,2.929e-06,0.0532,4.965e-06,73.16,0.7831,0.3757,3.078,0.1667,0.6335,1.213,74.27,0.1733,0.08439,6.783,4.726e-06,65781.9,0.2364,0.08651,0.08442,1778.55,2.587e-05,0.2724,0.10616,2.93e-06,0.05323,4.966e-06,73.15,0.783,0.3759,3.077,0.167,0.6353,1.2131
2026-06-16 16:48:00,74.09,0.173,0.0843,6.771,4.72e-06,65720.01,0.2357,0.0864,0.0842,1776.03,2.587e-05,0.2719,0.1061,2.92e-06,0.05309,4.96e-06,73.02,0.7818,0.375,3.059,0.1664,0.6335,1.2108,74.15,0.173,0.0843,6.773,4.723e-06,65720.0,0.2365,0.0864,0.08408,1776.0,2.592e-05,0.2724,0.1061,2.924e-06,0.0531,4.959e-06,73.02,0.7818,0.3754,3.058,0.1664,0.6333,1.2109,74.1,0.173,0.08426,6.771,4.714e-06,65719.7,0.236,0.0864,0.08407,1776.15,2.59e-05,0.272,0.1061,2.925e-06,0.0531,4.963e-06,73.01,0.7818,0.375,3.06,0.1668,0.6334,1.2115,74.04,0.1729,0.0843,6.77,4.71e-06,65651.4,0.2355,0.08631,0.0841,1774.69,2.58e-05,0.272,0.106,2.92e-06,0.05307,4.95e-06,72.95,0.781,0.3747,3.057,0.167,0.6336,1.2096,74.113,0.173,0.0845,6.79,4.678e-06,65717.51,0.2366,0.086374,0.08506,1776.16,2.604e-05,0.2724,0.1066,2.939e-06,0.05332,4.983e-06,73.02,0.78483,0.37564,3.0697,0.167,0.6358,1.2112,74.2242,0.173331,0.084,6.7696,4.7142e-06,65795.4,0.2348,0.086652,0.08426,1777.08,2.586e-05,0.2709,0.106,2.930728e-06,0.0532,4.96e-06,73.0436,0.8099,0.3738,3.0562,0.1662,0.634,1.21312,74.091,0.1731,0.0843,6.773,4.717e-06,65716.4,0.2366,0.0864,0.0841,1776.14,2.587e-05,0.2725,0.1061,2.929e-06,0.05308,4.958e-06,73.01,0.7821,0.3759,3.0601,0.1665,0.6338,1.21078,74.21,0.173,0.08444,6.774,4.714e-06,65734.08,0.2357,0.0864,0.0841,1776.33,2.587e-05,0.272,0.10608,2.923e-06,0.0531,4.959e-06,73.03,0.7818,0.3751,3.067,0.1662,0.6332,1.2108,74.13,0.173,0.08427,6.773,4.715e-06,65722.2,0.2364,0.08641,0.08409,1776.21,2.587e-05,0.272,0.10604,2.925e-06,0.0531,4.961e-06,73.03,0.7818,0.3749,3.06,0.1664,0.6336,1.2111
2026-06-16 16:49:00,74.18,0.1732,0.0844,6.775,4.72e-06,65733.98,0.2363,0.08644,0.0843,1776.72,2.588e-05,0.272,0.1062,2.92e-06,0.05315,4.95e-06,73.04,0.782,0.3755,3.063,0.1667,0.6356,1.212,74.15,0.1732,0.0843,6.777,4.723e-06,65727.52,0.2361,0.08645,0.08427,1776.78,2.592e-05,0.2721,0.1061,2.924e-06,0.05313,4.959e-06,73.04,0.7819,0.3754,3.063,0.1664,0.6356,1.2123,74.19,0.1732,0.08436,6.775,4.715e-06,65728.9,0.2364,0.08645,0.0843,1776.83,2.59e-05,0.2719,0.1063,2.925e-06,0.05311,4.96e-06,73.05,0.7819,0.3755,3.062,0.1665,0.6354,1.2121,74.09,0.173,0.0843,6.77,4.71e-06,65658.17,0.2359,0.08636,0.0842,1775.43,2.58e-05,0.272,0.107,2.92e-06,0.05307,4.95e-06,72.97,0.7808,0.375,3.059,0.167,0.6348,1.2109,74.113,0.17319,0.0845,6.79,4.678e-06,65735.93,0.2366,0.086446,0.08506,1776.74,2.604e-05,0.2724,0.1066,2.939e-06,0.05332,4.983e-06,73.04,0.78483,0.37564,3.0697,0.167,0.6341,1.2123,74.2242,0.173273,0.0841,6.7736,4.7142e-06,65806.95,0.236,0.086652,0.08446,1778.04,2.589e-05,0.2709,0.1061,2.930728e-06,0.0532,4.95e-06,73.0436,0.8117,0.3743,3.0534,0.1664,0.634,1.21312,74.182,0.1733,0.0844,6.774,4.714e-06,65726.9,0.2366,0.08646,0.0843,1777.16,2.587e-05,0.2719,0.1063,2.926e-06,0.05313,4.959e-06,73.05,0.7822,0.3754,3.0632,0.1666,0.6353,1.21224,74.14,0.1732,0.08437,6.775,4.721e-06,65734.54,0.2363,0.08645,0.0841,1776.98,2.587e-05,0.272,0.10613,2.925e-06,0.05309,4.959e-06,73.05,0.7818,0.3754,3.055,0.1665,0.6332,1.212,74.19,0.1732,0.0843,6.775,4.716e-06,65733.2,0.2361,0.08645,0.08431,1776.77,2.587e-05,0.2721,0.10625,2.925e-06,0.05313,4.961e-06,73.05,0.7819,0.3755,3.062,0.1666,0.6357,1.2121
2026-06-16 16:50:00,74.25,0.1733,0.0844,6.782,4.72e-06,65762.0,0.236,0.08652,0.0843,1779.15,2.59e-05,0.2723,0.1063,2.93e-06,0.05314,4.96e-06,73.11,0.7826,0.3757,3.072,0.1666,0.6365,1.2135,74.15,0.1732,0.0844,6.78,4.723e-06,65765.91,0.2358,0.08648,0.08434,1779.14,2.592e-05,0.2722,0.1061,2.927e-06,0.05314,4.962e-06,73.12,0.7826,0.3754,3.071,0.1664,0.6368,1.213,74.25,0.1732,0.08441,6.78,4.719e-06,65767.1,0.2361,0.08652,0.08434,1779.4,2.59e-05,0.2723,0.1063,2.927e-06,0.05315,4.961e-06,73.13,0.7826,0.3758,3.071,0.1666,0.6366,1.2134,74.18,0.1731,0.0844,6.77,4.72e-06,65698.41,0.2359,0.08644,0.0843,1777.67,2.58e-05,0.272,0.107,2.92e-06,0.05307,4.95e-06,73.04,0.7819,0.3755,3.068,0.167,0.636,1.2123,74.113,0.17318,0.0845,6.778,4.678e-06,65768.27,0.2358,0.086442,0.08506,1779.49,2.604e-05,0.2724,0.1066,2.939e-06,0.05332,4.983e-06,73.11,0.78177,0.37564,3.0697,0.167,0.6341,1.2133,74.2242,0.173326,0.0841,6.7819,4.7142e-06,65799.55,0.2353,0.086652,0.08447,1779.62,2.591e-05,0.2713,0.1062,2.930728e-06,0.0532,4.95e-06,73.0436,0.8072,0.3746,3.0623,0.1664,0.636,1.21267,74.256,0.1731,0.0844,6.779,4.72e-06,65752.6,0.2361,0.08652,0.0843,1779.06,2.587e-05,0.2719,0.1063,2.926e-06,0.05314,4.962e-06,73.11,0.7826,0.3759,3.0717,0.1668,0.6368,1.21345,74.2,0.1732,0.0844,6.779,4.722e-06,65762.83,0.2361,0.08652,0.08423,1779.28,2.59e-05,0.2721,0.1062,2.927e-06,0.05312,4.962e-06,73.12,0.7824,0.3757,3.073,0.1666,0.6359,1.2136,74.24,0.1732,0.0844,6.782,4.72e-06,65768.8,0.2361,0.08652,0.08434,1779.2,2.587e-05,0.2719,0.10633,2.93e-06,0.05315,4.964e-06,73.12,0.7825,0.3754,3.071,0.1665,0.6366,1.2135
2026-06-16 17:22:00,74.17,0.1731,0.0846,6.784,4.72e-06,65712.41,0.237,0.08657,0.0845,1780.01,2.592e-05,0.2728,0.1065,2.93e-06,0.05327,4.97e-06,73.08,0.7832,0.378,3.138,0.1666,0.6534,1.2153,74.21,0.1731,0.0848,6.783,4.726e-06,65713.8,0.2372,0.08657,0.08443,1779.97,2.598e-05,0.273,0.1067,2.937e-06,0.05334,4.974e-06,73.07,0.7833,0.3784,3.135,0.1666,0.6528,1.2153,74.17,0.1732,0.08445,6.784,4.722e-06,65715.6,0.2371,0.08658,0.08442,1780.0,2.6e-05,0.2728,0.1065,2.937e-06,0.05326,4.963e-06,73.07,0.7833,0.3783,3.138,0.1666,0.6524,1.2153,74.16,0.1731,0.0845,6.78,4.72e-06,65650.91,0.2369,0.08651,0.0845,1778.65,2.59e-05,0.273,0.107,2.94e-06,0.05334,4.96e-06,73.01,0.7833,0.3778,3.135,0.167,0.6522,1.2142,74.517,0.17307,0.0845,6.812,4.678e-06,65711.1,0.2375,0.08666,0.08425,1780.03,2.604e-05,0.2724,0.1066,2.93e-06,0.05333,4.955e-06,73.07,0.78496,0.37564,3.1352,0.167,0.6557,1.2153,74.139,0.173143,0.0843,6.781,4.733e-06,65792.19,0.2372,0.087116,0.08468,1780.56,2.59e-05,0.2716,0.1063,2.948809e-06,0.0533,4.98e-06,73.0696,0.8081,0.3763,3.1282,0.1664,0.652,1.21555,74.173,0.1731,0.0847,6.783,4.72e-06,65713.7,0.2375,0.08658,0.0844,1779.99,2.599e-05,0.274,0.1067,2.939e-06,0.05326,4.962e-06,73.07,0.7835,0.3788,3.1375,0.1666,0.653,1.21521,74.16,0.1731,0.08457,6.785,4.724e-06,65711.02,0.2371,0.08656,0.08457,1780.24,2.593e-05,0.2727,0.10659,2.939e-06,0.05337,4.963e-06,73.08,0.7833,0.3779,3.136,0.1664,0.6533,1.2153,74.18,0.1731,0.08448,6.783,4.721e-06,65714.5,0.2371,0.08657,0.0844,1780.18,2.592e-05,0.2728,0.10642,2.937e-06,0.05327,4.963e-06,73.08,0.7834,0.3777,3.138,0.1668,0.6534,1.2153
2026-06-16 17:39:00,74.24,0.173,0.0846,6.791,4.73e-06,65725.99,0.2359,0.08669,0.0845,1783.01,2.591e-05,0.2729,0.1065,2.94e-06,0.05332,4.95e-06,73.21,0.7833,0.3797,3.095,0.1668,0.6582,1.2121,74.28,0.173,0.0846,6.79,4.74e-06,65731.18,0.2361,0.08668,0.08439,1782.59,2.594e-05,0.2731,0.1065,2.944e-06,0.0533,4.962e-06,73.21,0.7831,0.3799,3.093,0.1669,0.6582,1.2119,74.26,0.173,0.08451,6.792,4.735e-06,65732.0,0.236,0.08668,0.08438,1783.11,2.597e-05,0.2728,0.1065,2.943e-06,0.05344,4.96e-06,73.19,0.783,0.3796,3.092,0.1668,0.6582,1.2119,74.17,0.1728,0.0844,6.79,4.73e-06,65669.69,0.2361,0.0866,0.0844,1781.6,2.59e-05,0.275,0.107,2.94e-06,0.05317,4.95e-06,73.15,0.7826,0.3795,3.089,0.167,0.6576,1.2108,74.434,0.17297,0.0848,6.79,4.678e-06,65717.43,0.2373,0.086695,0.08425,1783.17,2.597e-05,0.2724,0.1066,2.93e-06,0.05333,4.955e-06,73.2,0.78356,0.37564,3.14,0.167,0.6576,1.212,74.139,0.173145,0.084,6.7882,4.7329e-06,65802.15,0.2359,0.087131,0.08471,1783.27,2.588e-05,0.2717,0.1064,2.944076e-06,0.0532,4.96e-06,73.427,0.8151,0.3774,3.0842,0.1666,0.657,1.215,74.274,0.173,0.0846,6.79,4.731e-06,65729.4,0.236,0.08671,0.0844,1782.61,2.593e-05,0.274,0.1069,2.943e-06,0.05329,4.957e-06,73.21,0.7832,0.3795,3.0959,0.1667,0.6576,1.21187,74.29,0.173,0.08464,6.79,4.736e-06,65721.86,0.236,0.08669,0.08447,1783.33,2.59e-05,0.2733,0.10651,2.938e-06,0.0534,4.957e-06,73.2,0.7836,0.3797,3.097,0.1665,0.6583,1.2119,74.25,0.1729,0.08451,6.792,4.741e-06,65739.3,0.2361,0.08669,0.08446,1783.3,2.591e-05,0.2732,0.10644,2.946e-06,0.05331,4.961e-06,73.2,0.7833,0.3795,3.093,0.1668,0.6583,1.212
2026-06-16 17:40:00,74.3,0.173,0.0846,6.792,4.73e-06,65737.8,0.2364,0.08672,0.0846,1783.44,2.592e-05,0.2729,0.1065,2.95e-06,0.05332,4.95e-06,73.24,0.7839,0.3794,3.099,0.1668,0.6575,1.2127,74.28,0.173,0.0846,6.793,4.74e-06,65740.1,0.2361,0.08672,0.0845,1783.54,2.594e-05,0.2731,0.1065,2.943e-06,0.05329,4.962e-06,73.24,0.7838,0.3791,3.096,0.1669,0.6575,1.2127,74.31,0.173,0.08453,6.792,4.73e-06,65742.1,0.2362,0.08669,0.08452,1783.61,2.589e-05,0.2729,0.1065,2.942e-06,0.05344,4.958e-06,73.24,0.7838,0.3793,3.097,0.1667,0.6572,1.2126,74.24,0.173,0.0844,6.79,4.73e-06,65674.93,0.2361,0.08663,0.0844,1781.87,2.59e-05,0.275,0.107,2.94e-06,0.05317,4.95e-06,73.18,0.7831,0.3794,3.094,0.167,0.657,1.2113,74.434,0.17301,0.0848,6.79,4.678e-06,65733.96,0.2373,0.086695,0.08425,1783.51,2.597e-05,0.2724,0.1066,2.93e-06,0.05333,4.955e-06,73.22,0.78356,0.37564,3.14,0.167,0.6576,1.2126,74.139,0.173048,0.0844,6.7918,4.7329e-06,65805.97,0.2363,0.087131,0.08467,1784.25,2.589e-05,0.2718,0.1065,2.944076e-06,0.0532,4.96e-06,73.427,0.8151,0.3773,3.0892,0.1666,0.656,1.21088,74.291,0.173,0.0846,6.794,4.73e-06,65743.7,0.236,0.08669,0.0845,1783.58,2.593e-05,0.274,0.1069,2.942e-06,0.05329,4.957e-06,73.24,0.7831,0.3794,3.0988,0.1667,0.6575,1.21264,74.25,0.1731,0.08453,6.789,4.732e-06,65735.99,0.2364,0.08671,0.08447,1783.6,2.592e-05,0.2729,0.10651,2.941e-06,0.05335,4.958e-06,73.25,0.7839,0.3795,3.088,0.1665,0.6573,1.2127,74.25,0.173,0.08451,6.792,4.732e-06,65742.7,0.2361,0.08672,0.08452,1783.5,2.591e-05,0.2732,0.10646,2.946e-06,0.05331,4.961e-06,73.26,0.7838,0.3795,3.098,0.1668,0.6576,1.2126
2026-06-16 17:49:00,75.25,0.1741,0.0851,6.843,4.77e-06,65941.94,0.2378,0.08718,0.0852,1796.63,2.606e-05,0.2753,0.1074,2.97e-06,0.05356,4.98e-06,73.69,0.7886,0.3797,3.17,0.1679,0.6582,1.2198,75.27,0.1741,0.0852,6.843,4.77e-06,65948.03,0.2378,0.08715,0.0853,1796.7,2.592e-05,0.2754,0.1074,2.963e-06,0.05356,4.976e-06,73.69,0.7885,0.3797,3.166,0.1679,0.6581,1.2196,75.27,0.1741,0.08521,6.843,4.769e-06,65946.9,0.2378,0.08717,0.08528,1796.68,2.589e-05,0.2752,0.1074,2.966e-06,0.05356,4.979e-06,73.7,0.7884,0.3797,3.169,0.1679,0.6578,1.2198,75.18,0.174,0.0851,6.84,4.76e-06,65887.01,0.2377,0.08708,0.0852,1794.97,2.6e-05,0.275,0.107,2.96e-06,0.05348,4.98e-06,73.62,0.7879,0.3797,3.168,0.167,0.6571,1.2186,75.177,0.17417,0.0848,6.84,4.678e-06,65942.55,0.2373,0.087207,0.08425,1796.6,2.597e-05,0.2724,0.1066,2.93e-06,0.05333,4.955e-06,73.67,0.789,0.37564,3.161,0.167,0.6571,1.2196,74.9344,0.173934,0.0851,6.8409,4.7606e-06,65991.98,0.2369,0.08736,0.08534,1796.96,2.602e-05,0.2739,0.1073,2.96181e-06,0.0534,4.97e-06,73.607,0.8159,0.3773,3.1671,0.1677,0.657,1.21838,75.264,0.1741,0.0852,6.843,4.765e-06,65944.7,0.2377,0.08719,0.0853,1796.63,2.604e-05,0.2743,0.1074,2.964e-06,0.05353,4.978e-06,73.69,0.7886,0.3798,3.1688,0.1679,0.658,1.21975,75.07,0.1741,0.0852,6.84,4.766e-06,65939.39,0.2378,0.08718,0.08513,1796.78,2.605e-05,0.2751,0.10732,2.962e-06,0.05356,4.977e-06,73.7,0.7887,0.3797,3.167,0.1675,0.6579,1.2197,75.21,0.1741,0.0852,6.843,4.768e-06,65947.2,0.238,0.08716,0.08522,1796.85,2.591e-05,0.2752,0.10739,2.965e-06,0.05356,4.979e-06,73.69,0.7887,0.3798,3.167,0.1678,0.658,1.2199
2026-06-16 17:50:00,75.39,0.1744,0.0852,6.842,4.77e-06,65938.01,0.2381,0.08719,0.0853,1795.49,2.607e-05,0.2755,0.1074,2.97e-06,0.05356,4.98e-06,73.63,0.7888,0.3801,3.171,0.1679,0.6592,1.2189,75.37,0.1745,0.0852,6.841,4.768e-06,65938.23,0.2378,0.0872,0.08534,1795.51,2.609e-05,0.2755,0.1074,2.965e-06,0.05356,4.98e-06,73.63,0.7889,0.3802,3.169,0.1679,0.6595,1.2192,75.38,0.1744,0.08521,6.84,4.766e-06,65938.9,0.2379,0.08721,0.08531,1795.67,2.589e-05,0.2756,0.1074,2.965e-06,0.05358,4.976e-06,73.62,0.7887,0.3801,3.17,0.1679,0.6591,1.219,75.34,0.1743,0.0851,6.84,4.76e-06,65875.09,0.2377,0.08712,0.0853,1794.01,2.61e-05,0.275,0.107,2.95e-06,0.05348,4.98e-06,73.55,0.7886,0.3798,3.174,0.167,0.6574,1.2178,75.39,0.17441,0.0848,6.84,4.678e-06,65935.68,0.2373,0.087177,0.08425,1795.61,2.597e-05,0.2724,0.1066,2.93e-06,0.05358,4.955e-06,73.68,0.789,0.37564,3.161,0.167,0.659,1.2192,75.2525,0.174454,0.0848,6.8402,4.7606e-06,66040.1,0.2372,0.087375,0.08538,1796.42,2.603e-05,0.2742,0.1073,2.96181e-06,0.0534,4.97e-06,73.651,0.8169,0.3775,3.1663,0.1677,0.658,1.21838,75.431,0.1745,0.0852,6.841,4.765e-06,65940.3,0.2381,0.08718,0.0854,1795.72,2.605e-05,0.2752,0.1074,2.964e-06,0.05357,4.975e-06,73.62,0.789,0.3802,3.1702,0.1679,0.6595,1.2193,75.37,0.1745,0.08518,6.842,4.76e-06,65940.01,0.2381,0.08719,0.08541,1795.76,2.608e-05,0.2754,0.10739,2.965e-06,0.05359,4.98e-06,73.63,0.7887,0.3802,3.17,0.1678,0.6597,1.2189,75.38,0.1744,0.08525,6.843,4.768e-06,65938.8,0.2381,0.08719,0.08531,1795.54,2.607e-05,0.2754,0.10739,2.965e-06,0.05358,4.976e-06,73.64,0.7889,0.3798,3.169,0.1681,0.6591,1.2191
2026-06-16 17:51:00,75.52,0.1746,0.0852,6.85,4.77e-06,65961.99,0.238,0.08727,0.0854,1797.85,2.608e-05,0.2756,0.1074,2.96e-06,0.0536,4.98e-06,73.73,0.7901,0.3807,3.18,0.168,0.6565,1.2203,75.51,0.1746,0.0852,6.851,4.768e-06,65965.0,0.2378,0.08726,0.08532,1797.7,2.61e-05,0.2755,0.1075,2.967e-06,0.0536,4.978e-06,73.74,0.7901,0.3803,3.182,0.1679,0.657,1.2204,75.42,0.1746,0.0852,6.85,4.765e-06,65969.5,0.2379,0.08727,0.08537,1797.85,2.589e-05,0.2755,0.1073,2.967e-06,0.05359,4.977e-06,73.74,0.7898,0.3806,3.181,0.1679,0.6565,1.2203,75.43,0.1746,0.0851,6.85,4.77e-06,65907.51,0.2381,0.0872,0.0854,1796.27,2.61e-05,0.275,0.107,2.97e-06,0.05348,4.98e-06,73.65,0.7899,0.3804,3.178,0.167,0.6561,1.2192,75.393,0.17466,0.0848,6.849,4.678e-06,65951.88,0.2373,0.087245,0.08425,1797.83,2.597e-05,0.2724,0.1066,2.93e-06,0.05358,4.955e-06,73.72,0.79,0.37564,3.161,0.167,0.6571,1.2202,75.3518,0.174562,0.0848,6.85,4.7606e-06,66009.5,0.2375,0.087375,0.08538,1798.61,2.604e-05,0.2744,0.1074,2.96181e-06,0.0534,4.97e-06,73.656,0.816,0.3779,3.1721,0.1679,0.656,1.21509,75.541,0.1747,0.0852,6.849,4.765e-06,65966.7,0.2381,0.08725,0.0854,1798.07,2.609e-05,0.2752,0.1075,2.965e-06,0.05361,4.977e-06,73.74,0.7902,0.3802,3.1794,0.1679,0.6568,1.22025,75.37,0.1747,0.08531,6.849,4.772e-06,65963.88,0.2379,0.08727,0.08531,1797.95,2.608e-05,0.2755,0.10729,2.965e-06,0.05363,4.978e-06,73.73,0.79,0.3805,3.183,0.1678,0.6565,1.2202,75.46,0.1746,0.08519,6.852,4.768e-06,65971.8,0.2381,0.08726,0.08539,1797.99,2.607e-05,0.2755,0.10734,2.967e-06,0.05361,4.977e-06,73.74,0.79,0.3803,3.181,0.168,0.6565,1.2201
2026-06-16 17:52:00,75.62,0.1747,0.0853,6.856,4.77e-06,66011.46,0.2386,0.08731,0.0855,1799.35,2.611e-05,0.2759,0.1076,2.97e-06,0.05368,4.98e-06,73.83,0.7906,0.3815,3.184,0.1684,0.6568,1.2214,75.61,0.1747,0.0853,6.857,4.768e-06,66014.23,0.2385,0.0873,0.0855,1799.49,2.61e-05,0.276,0.1075,2.97e-06,0.05371,4.978e-06,73.82,0.7906,0.3815,3.183,0.1683,0.6569,1.2215,75.63,0.1747,0.08533,6.856,4.774e-06,66016.7,0.2385,0.0873,0.08551,1799.53,2.589e-05,0.2758,0.1075,2.971e-06,0.05371,4.982e-06,73.82,0.7906,0.3814,3.183,0.1683,0.6563,1.2215,75.46,0.1745,0.0853,6.85,4.77e-06,65953.64,0.2386,0.08723,0.0854,1797.95,2.61e-05,0.275,0.107,2.97e-06,0.05368,4.98e-06,73.76,0.7898,0.3813,3.18,0.169,0.6562,1.2203,75.393,0.17466,0.0848,6.855,4.678e-06,66011.98,0.2373,0.087275,0.08425,1798.99,2.597e-05,0.2724,0.1066,2.93e-06,0.05358,4.955e-06,73.82,0.791,0.37564,3.161,0.167,0.6555,1.2215,75.6774,0.174741,0.0848,6.8552,4.7606e-06,66077.45,0.2375,0.087375,0.08558,1799.99,2.607e-05,0.2747,0.1075,2.96923e-06,0.0535,4.97e-06,73.75,0.8196,0.379,3.1805,0.1682,0.655,1.22122,75.638,0.1747,0.0852,6.855,4.771e-06,66016.8,0.2383,0.08728,0.0855,1799.41,2.611e-05,0.2756,0.1076,2.97e-06,0.05369,4.982e-06,73.82,0.7907,0.3809,3.184,0.1684,0.657,1.22143,75.58,0.1746,0.08531,6.855,4.778e-06,66007.95,0.2385,0.0873,0.0856,1799.32,2.61e-05,0.2759,0.10749,2.97e-06,0.05369,4.982e-06,73.82,0.7906,0.3815,3.185,0.1681,0.6555,1.2213,75.6,0.1746,0.08532,6.856,4.773e-06,66014.5,0.2385,0.08731,0.08554,1799.51,2.611e-05,0.2757,0.10756,2.971e-06,0.05366,4.977e-06,73.81,0.7907,0.3814,3.183,0.1684,0.6568,1.2214
2026-06-16 18:02:00,76.05,0.1763,0.0863,6.899,4.83e-06,66186.0,0.2398,0.08771,0.0864,1805.86,2.629e-05,0.2782,0.1082,3e-06,0.05399,5.01e-06,74.15,0.7967,0.3856,3.231,0.1702,0.662,1.2284,76.05,0.1762,0.0863,6.899,4.832e-06,66181.08,0.2397,0.08771,0.08643,1805.94,2.631e-05,0.2783,0.1082,2.992e-06,0.054,5.004e-06,74.15,0.7967,0.3854,3.228,0.1701,0.6619,1.2282,76.07,0.1762,0.08636,6.899,4.829e-06,66189.2,0.2399,0.08771,0.08638,1806.26,2.631e-05,0.2781,0.1082,2.992e-06,0.05401,5.006e-06,74.16,0.7967,0.3853,3.23,0.1702,0.6616,1.2284,75.96,0.1761,0.0863,6.89,4.83e-06,66124.89,0.2396,0.08764,0.0864,1804.25,2.63e-05,0.278,0.108,2.99e-06,0.05395,5e-06,74.08,0.7959,0.3856,3.228,0.17,0.6617,1.227,76.132,0.17623,0.0862,6.891,4.678e-06,66181.01,0.239,0.087713,0.08425,1806.07,2.618e-05,0.2779,0.1081,2.988e-06,0.05398,4.955e-06,74.16,0.79666,0.37564,3.2258,0.1702,0.6639,1.2284,75.7839,0.176268,0.0853,6.8983,4.8163e-06,66258.87,0.2392,0.087873,0.08631,1806.3,2.623e-05,0.2767,0.1082,2.99305e-06,0.0538,5e-06,74.0557,0.8172,0.3838,3.2209,0.1697,0.661,1.22753,76.025,0.1762,0.0863,6.898,4.829e-06,66191.3,0.2395,0.0877,0.0864,1806.19,2.628e-05,0.2777,0.1083,2.992e-06,0.054,5.007e-06,74.14,0.7967,0.3854,3.2303,0.1702,0.6615,1.22832,75.85,0.1762,0.08625,6.898,4.826e-06,66181.04,0.2397,0.08772,0.08645,1806.17,2.628e-05,0.2779,0.10791,2.992e-06,0.05389,5.007e-06,74.13,0.7964,0.3855,3.229,0.1697,0.6618,1.2282,76.07,0.1762,0.08632,6.9,4.831e-06,66189.7,0.2398,0.08771,0.08641,1806.24,2.63e-05,0.2779,0.10822,2.991e-06,0.05398,5.006e-06,74.17,0.7965,0.3857,3.23,0.1701,0.6619,1.2284
2026-06-16 18:03:00,76.18,0.1766,0.0866,6.907,4.84e-06,66224.08,0.2403,0.08785,0.0866,1807.86,2.632e-05,0.279,0.1085,2.99e-06,0.05415,5.01e-06,74.29,0.7985,0.387,3.233,0.1707,0.6627,1.2307,76.19,0.1766,0.0866,6.905,4.839e-06,66223.29,0.2404,0.08785,0.08678,1808.01,2.632e-05,0.2791,0.1085,2.998e-06,0.05415,5.01e-06,74.29,0.7984,0.3873,3.228,0.1707,0.6626,1.2306,76.19,0.1766,0.0866,6.907,4.837e-06,66227.2,0.2402,0.08786,0.08659,1808.09,2.633e-05,0.279,0.1085,2.997e-06,0.05414,5.01e-06,74.29,0.7983,0.3873,3.233,0.1707,0.6627,1.2305,76.12,0.1765,0.0864,6.9,4.83e-06,66160.0,0.2403,0.08779,0.0866,1806.28,2.63e-05,0.278,0.108,2.99e-06,0.05405,5e-06,74.22,0.7977,0.3869,3.23,0.17,0.6622,1.2294,76.167,0.17656,0.0862,6.908,4.678e-06,66229.0,0.239,0.087857,0.08425,1807.82,2.618e-05,0.2786,0.1081,2.996e-06,0.05398,4.955e-06,74.29,0.79811,0.37564,3.2318,0.1702,0.6631,1.2306,75.7839,0.176536,0.0861,6.9089,4.8163e-06,66314.08,0.2383,0.087859,0.08662,1808.42,2.626e-05,0.2777,0.1085,3e-06,0.054,5e-06,74.214,0.8187,0.3858,3.2243,0.1703,0.662,1.22687,76.171,0.1766,0.0866,6.909,4.841e-06,66235.0,0.2402,0.08783,0.0867,1808.37,2.63e-05,0.2789,0.1085,2.998e-06,0.05417,5.012e-06,74.33,0.7985,0.3873,3.2335,0.1708,0.6629,1.23067,76.13,0.1766,0.08653,6.907,4.834e-06,66228.0,0.2404,0.08785,0.0867,1808.03,2.628e-05,0.279,0.10857,2.989e-06,0.0541,5.013e-06,74.29,0.7984,0.3869,3.231,0.1699,0.6637,1.2306,76.19,0.1766,0.08666,6.907,4.837e-06,66221.5,0.2404,0.08784,0.08664,1808.3,2.634e-05,0.2787,0.10858,2.997e-06,0.05416,5.008e-06,74.3,0.7984,0.3873,3.23,0.1709,0.6626,1.2306
2026-06-16 18:04:00,75.92,0.1762,0.0863,6.89,4.82e-06,66102.01,0.24,0.0877,0.0863,1803.06,2.626e-05,0.2778,0.1082,2.99e-06,0.05403,5e-06,74.09,0.7961,0.3853,3.214,0.1701,0.6647,1.2284,75.9,0.1761,0.0863,6.89,4.825e-06,66100.1,0.2399,0.08773,0.08637,1802.99,2.631e-05,0.2778,0.1083,2.988e-06,0.05399,5.006e-06,74.09,0.7959,0.3855,3.214,0.1703,0.6647,1.2284,75.93,0.1761,0.08628,6.89,4.819e-06,66108.1,0.2401,0.08769,0.08629,1803.3,2.633e-05,0.2778,0.1082,2.991e-06,0.05403,5.009e-06,74.1,0.796,0.3856,3.212,0.1701,0.6645,1.2283,75.87,0.176,0.0862,6.88,4.81e-06,66041.92,0.2399,0.08761,0.0863,1801.55,2.62e-05,0.278,0.108,2.98e-06,0.05404,5e-06,74.03,0.7953,0.3852,3.209,0.17,0.6638,1.2273,75.879,0.17615,0.0862,6.908,4.678e-06,66098.05,0.239,0.087686,0.08425,1802.99,2.618e-05,0.2786,0.1081,2.996e-06,0.05398,4.955e-06,74.1,0.79811,0.37564,3.2318,0.1702,0.6646,1.2284,75.7839,0.176318,0.0861,6.8888,4.8163e-06,66176.54,0.2393,0.087859,0.08632,1803.18,2.62e-05,0.2766,0.1081,3e-06,0.0538,5e-06,74.214,0.8216,0.3828,3.2062,0.1699,0.663,1.22687,75.904,0.1761,0.0863,6.891,4.82e-06,66106.0,0.2402,0.08772,0.0864,1803.25,2.63e-05,0.2789,0.1085,2.988e-06,0.05404,5.002e-06,74.09,0.7962,0.3855,3.212,0.1701,0.665,1.22833,76.02,0.1761,0.08653,6.891,4.823e-06,66099.28,0.24,0.0877,0.08632,1803.16,2.626e-05,0.2779,0.10825,2.99e-06,0.05413,5.003e-06,74.1,0.7961,0.3852,3.215,0.1699,0.6637,1.2284,75.89,0.1761,0.08632,6.891,4.819e-06,66098.8,0.2403,0.0877,0.08632,1803.47,2.634e-05,0.278,0.10817,2.99e-06,0.05407,5e-06,74.1,0.796,0.3855,3.21,0.1701,0.6642,1.2284
2026-06-16 18:05:00,75.85,0.1757,0.0863,6.886,4.81e-06,66106.65,0.2399,0.08765,0.0862,1802.91,2.624e-05,0.2774,0.1081,2.98e-06,0.054,5e-06,74.02,0.7947,0.386,3.219,0.17,0.6645,1.2275,75.87,0.1758,0.0863,6.886,4.825e-06,66104.99,0.2399,0.08767,0.08619,1802.87,2.631e-05,0.2778,0.1082,2.985e-06,0.05399,5.006e-06,74.01,0.7946,0.3861,3.218,0.1703,0.6641,1.2274,75.86,0.1758,0.08622,6.886,4.813e-06,66112.7,0.24,0.08766,0.08618,1803.0,2.623e-05,0.2773,0.1082,2.985e-06,0.054,5e-06,74.03,0.7947,0.3861,3.218,0.17,0.664,1.2272,75.82,0.1757,0.0862,6.88,4.81e-06,66051.02,0.24,0.08761,0.0863,1801.33,2.62e-05,0.278,0.108,2.98e-06,0.054,5e-06,73.94,0.7941,0.3859,3.215,0.17,0.6634,1.2263,75.928,0.17586,0.0862,6.908,4.678e-06,66111.26,0.239,0.087644,0.08425,1802.96,2.618e-05,0.2786,0.1081,2.987e-06,0.05398,4.955e-06,74.02,0.79811,0.37564,3.2152,0.1702,0.6643,1.2274,75.7839,0.175959,0.0857,6.8844,4.7959e-06,66181.28,0.2393,0.087859,0.08622,1803.76,2.618e-05,0.276,0.1081,2.989655e-06,0.0538,5e-06,74.214,0.8215,0.3843,3.2173,0.1698,0.663,1.22662,75.857,0.1758,0.0863,6.886,4.814e-06,66109.6,0.2402,0.08765,0.0862,1803.35,2.623e-05,0.2789,0.1082,2.987e-06,0.05401,4.999e-06,74.01,0.7947,0.3863,3.2188,0.17,0.6643,1.22733,75.87,0.1758,0.08635,6.886,4.823e-06,66103.84,0.2399,0.08764,0.08625,1802.95,2.624e-05,0.2773,0.10808,2.985e-06,0.05403,5.002e-06,74.0,0.7948,0.3859,3.21,0.1698,0.6637,1.2275,75.95,0.1758,0.08622,6.887,4.82e-06,66112.1,0.2403,0.08764,0.08623,1803.44,2.634e-05,0.2774,0.10819,2.987e-06,0.054,4.999e-06,74.02,0.7946,0.3861,3.218,0.17,0.6643,1.2273
2026-06-16 18:06:00,75.99,0.176,0.0863,6.895,4.81e-06,66128.01,0.2401,0.0877,0.0864,1803.88,2.626e-05,0.2775,0.1084,2.99e-06,0.05406,5e-06,74.07,0.7963,0.3866,3.225,0.1701,0.6633,1.2289,75.99,0.176,0.0863,6.895,4.825e-06,66128.4,0.2399,0.08772,0.0864,1803.84,2.631e-05,0.2778,0.1082,2.987e-06,0.05399,5.002e-06,74.07,0.7962,0.3866,3.225,0.1701,0.6636,1.2287,76.0,0.176,0.08626,6.894,4.817e-06,66127.3,0.2401,0.0877,0.08637,1803.99,2.623e-05,0.2777,0.1084,2.987e-06,0.054,5.003e-06,74.06,0.7961,0.3871,3.227,0.1701,0.664,1.2291,75.91,0.1758,0.0862,6.88,4.81e-06,66066.5,0.24,0.08763,0.0863,1802.46,2.62e-05,0.278,0.108,2.98e-06,0.054,5e-06,74.04,0.7957,0.3864,3.223,0.169,0.6628,1.2277,76.007,0.17599,0.0862,6.892,4.678e-06,66128.23,0.239,0.087715,0.08425,1803.96,2.618e-05,0.2786,0.1081,2.986e-06,0.05398,4.955e-06,74.07,0.79811,0.37564,3.2162,0.1702,0.6648,1.2292,75.7839,0.17616,0.0858,6.8934,4.7959e-06,66208.43,0.2389,0.087859,0.08632,1804.52,2.619e-05,0.2761,0.1083,2.989655e-06,0.0539,5e-06,74.214,0.8215,0.3848,3.2185,0.1699,0.662,1.22872,76.002,0.176,0.0863,6.895,4.815e-06,66127.5,0.2404,0.08773,0.0864,1803.88,2.623e-05,0.2789,0.1082,2.987e-06,0.05408,5.003e-06,74.06,0.7961,0.3863,3.2246,0.1701,0.6635,1.22911,75.98,0.1759,0.08629,6.895,4.819e-06,66123.15,0.2401,0.08771,0.0864,1803.87,2.625e-05,0.2776,0.1084,2.989e-06,0.05404,5.004e-06,74.06,0.7964,0.3869,3.226,0.1698,0.6631,1.2289,76.01,0.176,0.08628,6.895,4.82e-06,66127.5,0.2403,0.0877,0.08636,1804.14,2.634e-05,0.2776,0.10834,2.988e-06,0.05404,5.002e-06,74.06,0.7961,0.387,3.226,0.1701,0.6633,1.2292
2026-06-16 18:07:00,75.98,0.1761,0.0862,6.892,4.81e-06,66093.99,0.2404,0.08768,0.0862,1803.99,2.624e-05,0.2773,0.1083,2.99e-06,0.05406,5e-06,74.13,0.7959,0.3859,3.226,0.17,0.6612,1.2298,75.89,0.176,0.0862,6.887,4.818e-06,66094.99,0.2403,0.08766,0.08612,1803.85,2.624e-05,0.2774,0.1082,2.983e-06,0.05404,5.002e-06,74.13,0.7957,0.3857,3.218,0.1699,0.6613,1.2299,75.93,0.1758,0.08615,6.89,4.815e-06,66100.2,0.2401,0.08769,0.08618,1804.26,2.623e-05,0.2774,0.1083,2.985e-06,0.05402,4.999e-06,74.14,0.7955,0.386,3.226,0.1699,0.6616,1.2299,75.9,0.1759,0.0862,6.89,4.81e-06,66036.15,0.2402,0.08761,0.0862,1802.51,2.62e-05,0.277,0.108,2.98e-06,0.054,4.99e-06,74.07,0.7953,0.3857,3.223,0.169,0.6608,1.2289,76.007,0.17604,0.0862,6.892,4.678e-06,66084.03,0.239,0.087689,0.08425,1804.25,2.618e-05,0.2786,0.1081,2.986e-06,0.05398,4.955e-06,74.14,0.79811,0.37564,3.2162,0.1702,0.6607,1.2299,75.7839,0.176145,0.0857,6.8904,4.7959e-06,66149.93,0.2397,0.087859,0.08622,1804.3,2.617e-05,0.2759,0.1083,2.988888e-06,0.0539,5e-06,74.0675,0.8215,0.3834,3.2196,0.1697,0.66,1.22906,75.97,0.176,0.0862,6.892,4.815e-06,66096.3,0.2405,0.08768,0.0862,1804.41,2.623e-05,0.2789,0.1083,2.986e-06,0.05407,5e-06,74.13,0.7956,0.3858,3.2264,0.17,0.6611,1.22986,75.93,0.176,0.08624,6.891,4.82e-06,66091.16,0.2403,0.08768,0.08618,1804.15,2.624e-05,0.2774,0.10835,2.984e-06,0.05407,5.002e-06,74.13,0.7957,0.3859,3.221,0.1696,0.66,1.2298,75.96,0.176,0.08631,6.889,4.814e-06,66096.9,0.24,0.08769,0.0862,1804.41,2.634e-05,0.2774,0.10833,2.986e-06,0.05405,4.999e-06,74.14,0.7959,0.3858,3.227,0.1701,0.6614,1.23
2026-06-16 18:08:00,76.03,0.176,0.0863,6.892,4.82e-06,66103.0,0.2402,0.08767,0.0863,1804.16,2.623e-05,0.2774,0.1084,2.99e-06,0.05406,5.01e-06,74.11,0.7957,0.3859,3.219,0.17,0.6639,1.2297,76.06,0.1761,0.0863,6.893,4.815e-06,66101.8,0.2403,0.08769,0.08619,1804.2,2.624e-05,0.2774,0.1084,2.987e-06,0.05405,5.002e-06,74.09,0.7958,0.3858,3.221,0.1699,0.6637,1.2299,76.04,0.1761,0.08631,6.892,4.815e-06,66104.4,0.2403,0.08771,0.08623,1804.25,2.623e-05,0.2776,0.1083,2.987e-06,0.05404,5.002e-06,74.12,0.7958,0.3861,3.219,0.17,0.6634,1.2295,75.96,0.176,0.0862,6.88,4.81e-06,66038.56,0.2402,0.0876,0.0862,1802.6,2.62e-05,0.277,0.108,2.98e-06,0.054,4.99e-06,74.04,0.7952,0.3859,3.216,0.169,0.663,1.2286,76.007,0.17612,0.0862,6.891,4.678e-06,66105.57,0.239,0.08768,0.08425,1804.4,2.618e-05,0.2786,0.1081,2.985e-06,0.05398,4.955e-06,74.14,0.79811,0.37564,3.2292,0.1701,0.6629,1.2299,75.7839,0.1762,0.0857,6.8924,4.7959e-06,66170.54,0.2387,0.087859,0.08622,1804.64,2.617e-05,0.2759,0.1083,2.988888e-06,0.0539,5e-06,74.0675,0.8213,0.3837,3.2157,0.1698,0.662,1.22906,76.062,0.1761,0.0863,6.893,4.816e-06,66103.5,0.2406,0.08771,0.0863,1804.23,2.623e-05,0.2789,0.1083,2.988e-06,0.05407,5e-06,74.13,0.796,0.3861,3.2179,0.17,0.6629,1.23019,75.93,0.176,0.08626,6.891,4.81e-06,66101.73,0.2403,0.08767,0.08624,1804.27,2.624e-05,0.2774,0.10835,2.987e-06,0.05407,5.002e-06,74.1,0.7963,0.3857,3.226,0.1696,0.664,1.2296,76.03,0.1761,0.08634,6.893,4.818e-06,66100.0,0.24,0.08767,0.08623,1804.4,2.634e-05,0.2775,0.10834,2.988e-06,0.05406,5e-06,74.11,0.7958,0.3861,3.219,0.17,0.6637,1.2299
2026-06-16 18:09:00,75.99,0.1759,0.0862,6.888,4.81e-06,66094.01,0.2402,0.08764,0.0862,1803.94,2.623e-05,0.2771,0.1084,2.99e-06,0.05404,5e-06,74.06,0.7953,0.3859,3.208,0.1698,0.6635,1.2285,76.0,0.176,0.0862,6.889,4.815e-06,66094.26,0.2403,0.08765,0.08619,1803.88,2.624e-05,0.2774,0.1084,2.985e-06,0.05405,5.002e-06,74.07,0.7953,0.3863,3.206,0.1699,0.6638,1.2282,75.98,0.176,0.08615,6.89,4.813e-06,66101.0,0.2404,0.08764,0.08621,1804.16,2.623e-05,0.2776,0.1083,2.986e-06,0.05407,5.001e-06,74.06,0.7954,0.3858,3.209,0.17,0.6637,1.2286,75.91,0.1759,0.0861,6.88,4.81e-06,66032.2,0.24,0.08757,0.0862,1802.33,2.62e-05,0.277,0.108,2.98e-06,0.054,4.99e-06,74.01,0.7946,0.3858,3.206,0.169,0.6631,1.2272,76.077,0.17597,0.0862,6.891,4.678e-06,66090.52,0.239,0.08768,0.08425,1803.8,2.618e-05,0.2786,0.1081,2.985e-06,0.05398,4.955e-06,74.07,0.79811,0.37564,3.2292,0.1701,0.6629,1.2286,75.7839,0.176054,0.0856,6.8864,4.7959e-06,66166.32,0.2396,0.087859,0.08622,1804.5,2.616e-05,0.2757,0.1083,2.988888e-06,0.0538,5e-06,74.0675,0.8212,0.3831,3.1997,0.1698,0.663,1.22906,75.993,0.176,0.0862,6.888,4.814e-06,66097.4,0.2406,0.08765,0.0862,1804.54,2.623e-05,0.2789,0.1083,2.986e-06,0.05405,5e-06,74.07,0.7954,0.3862,3.208,0.1699,0.6636,1.22846,75.99,0.1759,0.08619,6.888,4.81e-06,66091.68,0.2402,0.08764,0.08617,1804.04,2.624e-05,0.2772,0.10837,2.985e-06,0.05407,5.001e-06,74.06,0.7952,0.3859,3.217,0.1695,0.6648,1.2284,76.01,0.1759,0.08616,6.888,4.814e-06,66092.6,0.2403,0.08764,0.08623,1804.23,2.634e-05,0.2774,0.10832,2.987e-06,0.05406,4.998e-06,74.07,0.7954,0.386,3.209,0.1701,0.6638,1.2285
2026-06-16 18:10:00,75.89,0.1758,0.086,6.884,4.82e-06,66087.53,0.2398,0.08754,0.0861,1803.32,2.619e-05,0.2769,0.1082,2.98e-06,0.05401,4.99e-06,74.01,0.7948,0.3849,3.201,0.1697,0.663,1.2282,75.92,0.1757,0.086,6.884,4.815e-06,66085.27,0.2401,0.08755,0.08618,1803.28,2.624e-05,0.277,0.1083,2.981e-06,0.05404,5.002e-06,74.02,0.7948,0.385,3.2,0.1699,0.663,1.2284,75.96,0.1758,0.086,6.885,4.815e-06,66088.9,0.2401,0.08755,0.08601,1803.47,2.623e-05,0.2773,0.1082,2.981e-06,0.05407,4.999e-06,74.02,0.7949,0.3851,3.201,0.1697,0.6631,1.2281,75.84,0.1757,0.086,6.88,4.81e-06,66023.95,0.2399,0.08748,0.086,1801.48,2.62e-05,0.277,0.108,2.97e-06,0.05408,4.99e-06,73.96,0.7943,0.3852,3.2,0.169,0.6624,1.227,75.997,0.17581,0.0861,6.891,4.678e-06,66086.02,0.239,0.08759,0.08425,1803.35,2.618e-05,0.2786,0.1081,2.985e-06,0.05398,4.955e-06,74.01,0.79811,0.37564,3.2292,0.1701,0.6619,1.2281,75.7839,0.175871,0.0854,6.8844,4.7959e-06,66178.28,0.2395,0.087859,0.08605,1803.77,2.613e-05,0.2754,0.1081,2.982506e-06,0.0538,5e-06,74.0675,0.8213,0.3823,3.1948,0.1695,0.662,1.22758,75.908,0.1759,0.086,6.885,4.811e-06,66088.9,0.2399,0.08757,0.0861,1803.37,2.621e-05,0.2772,0.1083,2.98e-06,0.05403,4.996e-06,74.02,0.795,0.3853,3.2024,0.1699,0.6632,1.22827,75.9,0.1759,0.08609,6.884,4.819e-06,66090.0,0.2398,0.08756,0.0861,1803.48,2.623e-05,0.2773,0.1084,2.985e-06,0.05409,5e-06,74.02,0.7947,0.385,3.202,0.1693,0.662,1.2283,76.01,0.1758,0.08599,6.887,4.812e-06,66083.2,0.2403,0.08755,0.08604,1803.43,2.619e-05,0.2769,0.10817,2.981e-06,0.05401,4.997e-06,74.03,0.7951,0.385,3.201,0.1697,0.6631,1.2283
